2026-09-08T13:45:130.336Z,1.321251,Logger,INFO Logger initialized
2026-09-08T13:45:130.739Z,1.724337,Incoming:deviceInfoUpdate,INFO Instance: deviceInfoUpdate (RemoteEvent)
	Path: game:GetService("ReplicatedStorage")["events-@easy-games/lobby:shared/event/lobby-events@getEvents.Events"].deviceInfoUpdate
	Status: Allowed
	Call Order In Log: 1
	-------------------- Event Data --------------------
	{
    CallOrderInLog = 1,
    DataFromHook = {
        IsExecutor = false,
        Arguments = {
            {
                deviceInfo = {
                    locale = "ZA",
                    voiceChatEnabled = true,
                    subRegion = "202",
                    device = "mobile",
                    inputDevice = "touchscreen",
                    translationLocale = "en-us",
                    region = "EU"
                }
            },
            n = 1
        },
        CreationTime = 1788882313.6064
    },
    EventType = "Incoming",
    RemoteInstanceInfo = {
        Path = "game:GetService(\"ReplicatedStorage\")[\"events-@easy-games/lobby:shared/event/lobby-events@getEvents.Events\"].deviceInfoUpdate",
        Name = "deviceInfoUpdate",
        ClassName = "RemoteEvent"
    }
}
	-------------------- Generated Code --------------------
	local Event = game:GetService("ReplicatedStorage")["events-@easy-games/lobby:shared/event/lobby-events@getEvents.Events"].deviceInfoUpdate
firesignal(Event.OnClientEvent, 
    {
        deviceInfo = {
            locale = "ZA",
            voiceChatEnabled = true,
            subRegion = "202",
            device = "mobile",
            inputDevice = "touchscreen",
            translationLocale = "en-us",
            region = "EU"
        }
    }
)
2026-09-08T13:45:170.402Z,5.387964,Outgoing:SwordSwingMiss,INFO Instance: SwordSwingMiss (RemoteEvent)
	Path: game:GetService("ReplicatedStorage").rbxts_include.node_modules["@rbxts"].net.out._NetManaged.SwordSwingMiss
	Status: Allowed
	Call Order In Log: 1
	-------------------- Event Data --------------------
	{
    CallOrderInLog = 1,
    DataFromHook = {
        Function = function(arg1, arg2, arg3, arg4, arg5)
            --[[Name: attackEntity | Line: 222
            Upvalues: 9
            Function Hash: 6a6dd1a2fb43c8b51e50e0cf76a4db0000cfa3eb653b875766b0d6d37be838cbac2cc2c11555b5548b82e1e9701fec60
            LuaEncode: Unable to serialize function]]
            return
        end,
        Arguments = {
            {
                weapon = game:GetService("ReplicatedStorage").Inventories[game:GetService("Players").LocalPlayer.Name].wood_sword,
                chargeRatio = 0
            },
            n = 1
        },
        Source = "Players.Fluxroos47.PlayerScripts.TS.controllers.global.combat.sword.sword-controller",
        Origin = game:GetService("Players").LocalPlayer.PlayerScripts.TS.ui.store,
        IsExecutor = false,
        CreationTime = 1788882317.3869,
        Line = 375
    },
    EventType = "Outgoing",
    RemoteInstanceInfo = {
        Path = "game:GetService(\"ReplicatedStorage\").rbxts_include.node_modules[\"@rbxts\"].net.out._NetManaged.SwordSwingMiss",
        Name = "SwordSwingMiss",
        ClassName = "RemoteEvent"
    }
}
	-------------------- Generated Code --------------------
	local Event = game:GetService("ReplicatedStorage").rbxts_include.node_modules["@rbxts"].net.out._NetManaged.SwordSwingMiss
Event:FireServer(
    {
        weapon = game:GetService("ReplicatedStorage").Inventories[game:GetService("Players").LocalPlayer.Name].wood_sword,
        chargeRatio = 0
    }
)
2026-09-08T13:45:180.179Z,6.164655,Outgoing:SwordSwingMiss,INFO Instance: SwordSwingMiss (RemoteEvent)
	Path: game:GetService("ReplicatedStorage").rbxts_include.node_modules["@rbxts"].net.out._NetManaged.SwordSwingMiss
	Status: Allowed
	Call Order In Log: 2
	-------------------- Event Data --------------------
	{
    CallOrderInLog = 2,
    DataFromHook = {
        Function = function(arg1, arg2, arg3, arg4, arg5)
            --[[Name: attackEntity | Line: 222
            Upvalues: 9
            Function Hash: 6a6dd1a2fb43c8b51e50e0cf76a4db0000cfa3eb653b875766b0d6d37be838cbac2cc2c11555b5548b82e1e9701fec60
            LuaEncode: Unable to serialize function]]
            return
        end,
        Arguments = {
            {
                weapon = game:GetService("ReplicatedStorage").Inventories[game:GetService("Players").LocalPlayer.Name].wood_sword,
                chargeRatio = 0
            },
            n = 1
        },
        Source = "Players.Fluxroos47.PlayerScripts.TS.controllers.global.combat.sword.sword-controller",
        Origin = game:GetService("Players").LocalPlayer.PlayerScripts.TS.ui.store,
        IsExecutor = false,
        CreationTime = 1788882318.1604,
        Line = 375
    },
    EventType = "Outgoing",
    RemoteInstanceInfo = {
        Path = "game:GetService(\"ReplicatedStorage\").rbxts_include.node_modules[\"@rbxts\"].net.out._NetManaged.SwordSwingMiss",
        Name = "SwordSwingMiss",
        ClassName = "RemoteEvent"
    }
}
	-------------------- Generated Code --------------------
	local Event = game:GetService("ReplicatedStorage").rbxts_include.node_modules["@rbxts"].net.out._NetManaged.SwordSwingMiss
Event:FireServer(
    {
        weapon = game:GetService("ReplicatedStorage").Inventories[game:GetService("Players").LocalPlayer.Name].wood_sword,
        chargeRatio = 0
    }
)
2026-09-08T13:45:290.080Z,17.065619,Outgoing:SwordSwingMiss,INFO Instance: SwordSwingMiss (RemoteEvent)
	Path: game:GetService("ReplicatedStorage").rbxts_include.node_modules["@rbxts"].net.out._NetManaged.SwordSwingMiss
	Status: Allowed
	Call Order In Log: 3
	-------------------- Event Data --------------------
	{
    CallOrderInLog = 3,
    DataFromHook = {
        Function = function(arg1, arg2, arg3, arg4, arg5)
            --[[Name: attackEntity | Line: 222
            Upvalues: 9
            Function Hash: 6a6dd1a2fb43c8b51e50e0cf76a4db0000cfa3eb653b875766b0d6d37be838cbac2cc2c11555b5548b82e1e9701fec60
            LuaEncode: Unable to serialize function]]
            return
        end,
        Arguments = {
            {
                weapon = game:GetService("ReplicatedStorage").Inventories[game:GetService("Players").LocalPlayer.Name].wood_sword,
                chargeRatio = 0
            },
            n = 1
        },
        Source = "Players.Fluxroos47.PlayerScripts.TS.controllers.global.combat.sword.sword-controller",
        Origin = game:GetService("Players").LocalPlayer.PlayerScripts.TS.ui.store,
        IsExecutor = false,
        CreationTime = 1788882329.0674,
        Line = 375
    },
    EventType = "Outgoing",
    RemoteInstanceInfo = {
        Path = "game:GetService(\"ReplicatedStorage\").rbxts_include.node_modules[\"@rbxts\"].net.out._NetManaged.SwordSwingMiss",
        Name = "SwordSwingMiss",
        ClassName = "RemoteEvent"
    }
}
	-------------------- Generated Code --------------------
	local Event = game:GetService("ReplicatedStorage").rbxts_include.node_modules["@rbxts"].net.out._NetManaged.SwordSwingMiss
Event:FireServer(
    {
        weapon = game:GetService("ReplicatedStorage").Inventories[game:GetService("Players").LocalPlayer.Name].wood_sword,
        chargeRatio = 0
    }
)
2026-09-08T13:45:290.278Z,17.263048,Outgoing:SwordSwingMiss,INFO Instance: SwordSwingMiss (RemoteEvent)
	Path: game:GetService("ReplicatedStorage").rbxts_include.node_modules["@rbxts"].net.out._NetManaged.SwordSwingMiss
	Status: Allowed
	Call Order In Log: 4
	-------------------- Event Data --------------------
	{
    CallOrderInLog = 4,
    DataFromHook = {
        Function = function(arg1, arg2, arg3, arg4, arg5)
            --[[Name: attackEntity | Line: 222
            Upvalues: 9
            Function Hash: 6a6dd1a2fb43c8b51e50e0cf76a4db0000cfa3eb653b875766b0d6d37be838cbac2cc2c11555b5548b82e1e9701fec60
            LuaEncode: Unable to serialize function]]
            return
        end,
        Arguments = {
            {
                weapon = game:GetService("ReplicatedStorage").Inventories[game:GetService("Players").LocalPlayer.Name].wood_sword,
                chargeRatio = 0
            },
            n = 1
        },
        Source = "Players.Fluxroos47.PlayerScripts.TS.controllers.global.combat.sword.sword-controller",
        Origin = game:GetService("Players").LocalPlayer.PlayerScripts.TS.ui.store,
        IsExecutor = false,
        CreationTime = 1788882329.2621,
        Line = 375
    },
    EventType = "Outgoing",
    RemoteInstanceInfo = {
        Path = "game:GetService(\"ReplicatedStorage\").rbxts_include.node_modules[\"@rbxts\"].net.out._NetManaged.SwordSwingMiss",
        Name = "SwordSwingMiss",
        ClassName = "RemoteEvent"
    }
}
	-------------------- Generated Code --------------------
	local Event = game:GetService("ReplicatedStorage").rbxts_include.node_modules["@rbxts"].net.out._NetManaged.SwordSwingMiss
Event:FireServer(
    {
        weapon = game:GetService("ReplicatedStorage").Inventories[game:GetService("Players").LocalPlayer.Name].wood_sword,
        chargeRatio = 0
    }
)
2026-09-08T13:45:300.018Z,18.003957,Outgoing:SwordSwingMiss,INFO Instance: SwordSwingMiss (RemoteEvent)
	Path: game:GetService("ReplicatedStorage").rbxts_include.node_modules["@rbxts"].net.out._NetManaged.SwordSwingMiss
	Status: Allowed
	Call Order In Log: 5
	-------------------- Event Data --------------------
	{
    CallOrderInLog = 5,
    DataFromHook = {
        Function = function(arg1, arg2, arg3, arg4, arg5)
            --[[Name: attackEntity | Line: 222
            Upvalues: 9
            Function Hash: 6a6dd1a2fb43c8b51e50e0cf76a4db0000cfa3eb653b875766b0d6d37be838cbac2cc2c11555b5548b82e1e9701fec60
            LuaEncode: Unable to serialize function]]
            return
        end,
        Arguments = {
            {
                weapon = game:GetService("ReplicatedStorage").Inventories[game:GetService("Players").LocalPlayer.Name].wood_sword,
                chargeRatio = 0
            },
            n = 1
        },
        Source = "Players.Fluxroos47.PlayerScripts.TS.controllers.global.combat.sword.sword-controller",
        Origin = game:GetService("Players").LocalPlayer.PlayerScripts.TS.ui.store,
        IsExecutor = false,
        CreationTime = 1788882330.0041,
        Line = 375
    },
    EventType = "Outgoing",
    RemoteInstanceInfo = {
        Path = "game:GetService(\"ReplicatedStorage\").rbxts_include.node_modules[\"@rbxts\"].net.out._NetManaged.SwordSwingMiss",
        Name = "SwordSwingMiss",
        ClassName = "RemoteEvent"
    }
}
	-------------------- Generated Code --------------------
	local Event = game:GetService("ReplicatedStorage").rbxts_include.node_modules["@rbxts"].net.out._NetManaged.SwordSwingMiss
Event:FireServer(
    {
        weapon = game:GetService("ReplicatedStorage").Inventories[game:GetService("Players").LocalPlayer.Name].wood_sword,
        chargeRatio = 0
    }
)
2026-09-08T13:45:370.364Z,25.349728,Outgoing:SwordSwingMiss,INFO Instance: SwordSwingMiss (RemoteEvent)
	Path: game:GetService("ReplicatedStorage").rbxts_include.node_modules["@rbxts"].net.out._NetManaged.SwordSwingMiss
	Status: Allowed
	Call Order In Log: 6
	-------------------- Event Data --------------------
	{
    CallOrderInLog = 6,
    DataFromHook = {
        Function = function(arg1, arg2, arg3, arg4, arg5)
            --[[Name: attackEntity | Line: 222
            Upvalues: 9
            Function Hash: 6a6dd1a2fb43c8b51e50e0cf76a4db0000cfa3eb653b875766b0d6d37be838cbac2cc2c11555b5548b82e1e9701fec60
            LuaEncode: Unable to serialize function]]
            return
        end,
        Arguments = {
            {
                weapon = game:GetService("ReplicatedStorage").Inventories[game:GetService("Players").LocalPlayer.Name].wood_sword,
                chargeRatio = 0
            },
            n = 1
        },
        Source = "Players.Fluxroos47.PlayerScripts.TS.controllers.global.combat.sword.sword-controller",
        Origin = game:GetService("Players").LocalPlayer.PlayerScripts.TS.ui.store,
        IsExecutor = false,
        CreationTime = 1788882337.3475,
        Line = 375
    },
    EventType = "Outgoing",
    RemoteInstanceInfo = {
        Path = "game:GetService(\"ReplicatedStorage\").rbxts_include.node_modules[\"@rbxts\"].net.out._NetManaged.SwordSwingMiss",
        Name = "SwordSwingMiss",
        ClassName = "RemoteEvent"
    }
}
	-------------------- Generated Code --------------------
	local Event = game:GetService("ReplicatedStorage").rbxts_include.node_modules["@rbxts"].net.out._NetManaged.SwordSwingMiss
Event:FireServer(
    {
        weapon = game:GetService("ReplicatedStorage").Inventories[game:GetService("Players").LocalPlayer.Name].wood_sword,
        chargeRatio = 0
    }
)
2026-09-08T13:45:370.503Z,25.488092,Outgoing:SwordSwingMiss,INFO Instance: SwordSwingMiss (RemoteEvent)
	Path: game:GetService("ReplicatedStorage").rbxts_include.node_modules["@rbxts"].net.out._NetManaged.SwordSwingMiss
	Status: Allowed
	Call Order In Log: 7
	-------------------- Event Data --------------------
	{
    CallOrderInLog = 7,
    DataFromHook = {
        Function = function(arg1, arg2, arg3, arg4, arg5)
            --[[Name: attackEntity | Line: 222
            Upvalues: 9
            Function Hash: 6a6dd1a2fb43c8b51e50e0cf76a4db0000cfa3eb653b875766b0d6d37be838cbac2cc2c11555b5548b82e1e9701fec60
            LuaEncode: Unable to serialize function]]
            return
        end,
        Arguments = {
            {
                weapon = game:GetService("ReplicatedStorage").Inventories[game:GetService("Players").LocalPlayer.Name].wood_sword,
                chargeRatio = 0
            },
            n = 1
        },
        Source = "Players.Fluxroos47.PlayerScripts.TS.controllers.global.combat.sword.sword-controller",
        Origin = game:GetService("Players").LocalPlayer.PlayerScripts.TS.ui.store,
        IsExecutor = false,
        CreationTime = 1788882337.4905,
        Line = 375
    },
    EventType = "Outgoing",
    RemoteInstanceInfo = {
        Path = "game:GetService(\"ReplicatedStorage\").rbxts_include.node_modules[\"@rbxts\"].net.out._NetManaged.SwordSwingMiss",
        Name = "SwordSwingMiss",
        ClassName = "RemoteEvent"
    }
}
	-------------------- Generated Code --------------------
	local Event = game:GetService("ReplicatedStorage").rbxts_include.node_modules["@rbxts"].net.out._NetManaged.SwordSwingMiss
Event:FireServer(
    {
        weapon = game:GetService("ReplicatedStorage").Inventories[game:GetService("Players").LocalPlayer.Name].wood_sword,
        chargeRatio = 0
    }
)
2026-09-08T13:45:370.635Z,25.620390,Outgoing:SwordSwingMiss,INFO Instance: SwordSwingMiss (RemoteEvent)
	Path: game:GetService("ReplicatedStorage").rbxts_include.node_modules["@rbxts"].net.out._NetManaged.SwordSwingMiss
	Status: Allowed
	Call Order In Log: 8
	-------------------- Event Data --------------------
	{
    CallOrderInLog = 8,
    DataFromHook = {
        Function = function(arg1, arg2, arg3, arg4, arg5)
            --[[Name: attackEntity | Line: 222
            Upvalues: 9
            Function Hash: 6a6dd1a2fb43c8b51e50e0cf76a4db0000cfa3eb653b875766b0d6d37be838cbac2cc2c11555b5548b82e1e9701fec60
            LuaEncode: Unable to serialize function]]
            return
        end,
        Arguments = {
            {
                weapon = game:GetService("ReplicatedStorage").Inventories[game:GetService("Players").LocalPlayer.Name].wood_sword,
                chargeRatio = 0
            },
            n = 1
        },
        Source = "Players.Fluxroos47.PlayerScripts.TS.controllers.global.combat.sword.sword-controller",
        Origin = game:GetService("Players").LocalPlayer.PlayerScripts.TS.ui.store,
        IsExecutor = false,
        CreationTime = 1788882337.6188,
        Line = 375
    },
    EventType = "Outgoing",
    RemoteInstanceInfo = {
        Path = "game:GetService(\"ReplicatedStorage\").rbxts_include.node_modules[\"@rbxts\"].net.out._NetManaged.SwordSwingMiss",
        Name = "SwordSwingMiss",
        ClassName = "RemoteEvent"
    }
}
	-------------------- Generated Code --------------------
	local Event = game:GetService("ReplicatedStorage").rbxts_include.node_modules["@rbxts"].net.out._NetManaged.SwordSwingMiss
Event:FireServer(
    {
        weapon = game:GetService("ReplicatedStorage").Inventories[game:GetService("Players").LocalPlayer.Name].wood_sword,
        chargeRatio = 0
    }
)
2026-09-08T13:45:490.175Z,37.160069,Outgoing:ExecuteAccessibleChatCommand,INFO Instance: ExecuteAccessibleChatCommand (RemoteFunction)
	Path: game:GetService("ReplicatedStorage").rbxts_include.node_modules["@rbxts"].net.out._NetManaged.ExecuteAccessibleChatCommand
	Status: Allowed
	Call Order In Log: 1
	-------------------- Event Data --------------------
	{
    CallOrderInLog = 1,
    DataFromHook = {
        Function = function(arg1, arg2, ...)
            --[[Name: runExecutor | Line: 171
            Upvalues: 2
            Function Hash: d6448705789b5ead4caa89766364b91b43b9852aab4ad2967e601129128c82e752b56a7b1b3a3ef4b3a3390dab110a05
            LuaEncode: Unable to serialize function]]
            return
        end,
        Arguments = {
            {
                alias = "dodospawn",
                rawArguments = "true"
            },
            n = 1
        },
        Source = "ReplicatedStorage.rbxts_include.Promise",
        Origin = game:GetService("Players").LocalPlayer.PlayerScripts.TS.main,
        IsExecutor = false,
        CreationTime = 1788882349.1413,
        Line = 172
    },
    EventType = "Outgoing",
    RemoteInstanceInfo = {
        Path = "game:GetService(\"ReplicatedStorage\").rbxts_include.node_modules[\"@rbxts\"].net.out._NetManaged.ExecuteAccessibleChatCommand",
        Name = "ExecuteAccessibleChatCommand",
        ClassName = "RemoteFunction"
    }
}
	-------------------- Generated Code --------------------
	local Event = game:GetService("ReplicatedStorage").rbxts_include.node_modules["@rbxts"].net.out._NetManaged.ExecuteAccessibleChatCommand
Event:InvokeServer(
    {
        alias = "dodospawn",
        rawArguments = "true"
    }
)
2026-09-08T13:45:490.244Z,37.229478,Incoming:CustomMatches/HostPanelUpdate,INFO Instance: CustomMatches/HostPanelUpdate (RemoteEvent)
	Path: game:GetService("ReplicatedStorage").rbxts_include.node_modules["@rbxts"].net.out._NetManaged["CustomMatches/HostPanelUpdate"]
	Status: Allowed
	Call Order In Log: 1
	-------------------- Event Data --------------------
	{
    CallOrderInLog = 1,
    DataFromHook = {
        Function = function(...)
            --[[Name: Anonymous Function | Line: 50
            Upvalues: 2
            Function Hash: 99e7dd9f601f270d9695642a55ba68480a5305830bd7abee29147812647800092c62703653220d16fe23797b7ef987ca
            LuaEncode: Unable to serialize function]]
            return
        end,
        Arguments = {
            {
                auditLog = {
                    updateType = "push",
                    log = {
                        {
                            message = "<b>/dodospawn true</b>",
                            time = 1788875147,
                            property = "dodospawn",
                            tag = "command",
                            executor = {
                                name = "Fluxroos47",
                                userId = 10405162944,
                                displayName = "Fluxroos47"
                            }
                        }
                    }
                }
            },
            n = 1
        },
        Origin = game:GetService("Players").LocalPlayer.PlayerScripts.TS.main,
        IsExecutor = false,
        CreationTime = 1788882349.2171
    },
    EventType = "Incoming",
    RemoteInstanceInfo = {
        Path = "game:GetService(\"ReplicatedStorage\").rbxts_include.node_modules[\"@rbxts\"].net.out._NetManaged[\"CustomMatches/HostPanelUpdate\"]",
        Name = "CustomMatches/HostPanelUpdate",
        ClassName = "RemoteEvent"
    }
}
	-------------------- Generated Code --------------------
	local Event = game:GetService("ReplicatedStorage").rbxts_include.node_modules["@rbxts"].net.out._NetManaged["CustomMatches/HostPanelUpdate"]
firesignal(Event.OnClientEvent, 
    {
        auditLog = {
            updateType = "push",
            log = {
                {
                    message = "<b>/dodospawn true</b>",
                    time = 1788875147,
                    property = "dodospawn",
                    tag = "command",
                    executor = {
                        name = "Fluxroos47",
                        userId = 10405162944,
                        displayName = "Fluxroos47"
                    }
                }
            }
        }
    }
)
2026-09-08T13:45:490.292Z,37.277086,Incoming:sendInfoNotification,INFO Instance: sendInfoNotification (RemoteEvent)
	Path: game:GetService("ReplicatedStorage")["events-@easy-games/game-core:shared/game-core-networking@getEvents.Events"].sendInfoNotification
	Status: Allowed
	Call Order In Log: 1
	-------------------- Event Data --------------------
	{
    CallOrderInLog = 1,
    DataFromHook = {
        Function = function(...)
            --[[Name: Anonymous Function | Line: 31
            Upvalues: 7
            Function Hash: 634d489ee0b95e6c990d6441932f87d2e928ec3e254895a1df21f1b25e752eb4aad6cc95daf6963cad4aa0bf21fb9656
            LuaEncode: Unable to serialize function]]
            return
        end,
        Arguments = {
            {
                message = "Enabled ambient dodo spawning"
            },
            n = 1
        },
        Origin = game:GetService("Players").LocalPlayer.PlayerScripts.TS.main,
        IsExecutor = false,
        CreationTime = 1788882349.2612
    },
    EventType = "Incoming",
    RemoteInstanceInfo = {
        Path = "game:GetService(\"ReplicatedStorage\")[\"events-@easy-games/game-core:shared/game-core-networking@getEvents.Events\"].sendInfoNotification",
        Name = "sendInfoNotification",
        ClassName = "RemoteEvent"
    }
}
	-------------------- Generated Code --------------------
	local Event = game:GetService("ReplicatedStorage")["events-@easy-games/game-core:shared/game-core-networking@getEvents.Events"].sendInfoNotification
firesignal(Event.OnClientEvent, 
    {
        message = "Enabled ambient dodo spawning"
    }
)
2026-09-08T13:45:490.314Z,37.299012,Incoming:ExecuteAccessibleChatCommand,INFO Instance: ExecuteAccessibleChatCommand (RemoteFunction)
	Path: game:GetService("ReplicatedStorage").rbxts_include.node_modules["@rbxts"].net.out._NetManaged.ExecuteAccessibleChatCommand
	Status: Allowed
	Call Order In Log: 1
	-------------------- Event Data --------------------
	{
    CallOrderInLog = 1,
    DataFromHook = {
        Source = "ReplicatedStorage.rbxts_include.Promise",
        Origin = game:GetService("Players").LocalPlayer.PlayerScripts.TS.main,
        InvokeKind = "Request",
        Function = function(arg1, arg2, ...)
            --[[Name: runExecutor | Line: 171
            Upvalues: 2
            Function Hash: d6448705789b5ead4caa89766364b91b43b9852aab4ad2967e601129128c82e752b56a7b1b3a3ef4b3a3390dab110a05
            LuaEncode: Unable to serialize function]]
            return
        end,
        Line = 172,
        IsExecutor = false,
        CreationTime = 1788882349.2623,
        InvokeResult = {
            {
                success = true
            },
            n = 1
        },
        Arguments = {
            {
                alias = "dodospawn",
                rawArguments = "true"
            },
            n = 1
        }
    },
    EventType = "Incoming",
    RemoteInstanceInfo = {
        Path = "game:GetService(\"ReplicatedStorage\").rbxts_include.node_modules[\"@rbxts\"].net.out._NetManaged.ExecuteAccessibleChatCommand",
        Name = "ExecuteAccessibleChatCommand",
        ClassName = "RemoteFunction"
    }
}
	-------------------- Generated Code --------------------
	local Event = game:GetService("ReplicatedStorage").rbxts_include.node_modules["@rbxts"].net.out._NetManaged.ExecuteAccessibleChatCommand
local Result = table.pack(Event:InvokeServer(
    {
        alias = "dodospawn",
        rawArguments = "true"
    }
))

local ExpectedResult = table.unpack({
    {
        success = true
    }
})

2026-09-08T13:45:500.594Z,38.579232,Outgoing:SwordSwingMiss,INFO Instance: SwordSwingMiss (RemoteEvent)
	Path: game:GetService("ReplicatedStorage").rbxts_include.node_modules["@rbxts"].net.out._NetManaged.SwordSwingMiss
	Status: Allowed
	Call Order In Log: 9
	-------------------- Event Data --------------------
	{
    CallOrderInLog = 9,
    DataFromHook = {
        Function = function(arg1, arg2, arg3, arg4, arg5)
            --[[Name: attackEntity | Line: 222
            Upvalues: 9
            Function Hash: 6a6dd1a2fb43c8b51e50e0cf76a4db0000cfa3eb653b875766b0d6d37be838cbac2cc2c11555b5548b82e1e9701fec60
            LuaEncode: Unable to serialize function]]
            return
        end,
        Arguments = {
            {
                weapon = game:GetService("ReplicatedStorage").Inventories[game:GetService("Players").LocalPlayer.Name].wood_sword,
                chargeRatio = 0
            },
            n = 1
        },
        Source = "Players.Fluxroos47.PlayerScripts.TS.controllers.global.combat.sword.sword-controller",
        Origin = game:GetService("Players").LocalPlayer.PlayerScripts.TS.ui.store,
        IsExecutor = false,
        CreationTime = 1788882350.5784,
        Line = 375
    },
    EventType = "Outgoing",
    RemoteInstanceInfo = {
        Path = "game:GetService(\"ReplicatedStorage\").rbxts_include.node_modules[\"@rbxts\"].net.out._NetManaged.SwordSwingMiss",
        Name = "SwordSwingMiss",
        ClassName = "RemoteEvent"
    }
}
	-------------------- Generated Code --------------------
	local Event = game:GetService("ReplicatedStorage").rbxts_include.node_modules["@rbxts"].net.out._NetManaged.SwordSwingMiss
Event:FireServer(
    {
        weapon = game:GetService("ReplicatedStorage").Inventories[game:GetService("Players").LocalPlayer.Name].wood_sword,
        chargeRatio = 0
    }
)
2026-09-08T13:45:520.795Z,40.780189,Outgoing:SwordSwingMiss,INFO Instance: SwordSwingMiss (RemoteEvent)
	Path: game:GetService("ReplicatedStorage").rbxts_include.node_modules["@rbxts"].net.out._NetManaged.SwordSwingMiss
	Status: Allowed
	Call Order In Log: 10
	-------------------- Event Data --------------------
	{
    CallOrderInLog = 10,
    DataFromHook = {
        Function = function(arg1, arg2, arg3, arg4, arg5)
            --[[Name: attackEntity | Line: 222
            Upvalues: 9
            Function Hash: 6a6dd1a2fb43c8b51e50e0cf76a4db0000cfa3eb653b875766b0d6d37be838cbac2cc2c11555b5548b82e1e9701fec60
            LuaEncode: Unable to serialize function]]
            return
        end,
        Arguments = {
            {
                weapon = game:GetService("ReplicatedStorage").Inventories[game:GetService("Players").LocalPlayer.Name].wood_sword,
                chargeRatio = 0
            },
            n = 1
        },
        Source = "Players.Fluxroos47.PlayerScripts.TS.controllers.global.combat.sword.sword-controller",
        Origin = game:GetService("Players").LocalPlayer.PlayerScripts.TS.main,
        IsExecutor = false,
        CreationTime = 1788882352.7592,
        Line = 375
    },
    EventType = "Outgoing",
    RemoteInstanceInfo = {
        Path = "game:GetService(\"ReplicatedStorage\").rbxts_include.node_modules[\"@rbxts\"].net.out._NetManaged.SwordSwingMiss",
        Name = "SwordSwingMiss",
        ClassName = "RemoteEvent"
    }
}
	-------------------- Generated Code --------------------
	local Event = game:GetService("ReplicatedStorage").rbxts_include.node_modules["@rbxts"].net.out._NetManaged.SwordSwingMiss
Event:FireServer(
    {
        weapon = game:GetService("ReplicatedStorage").Inventories[game:GetService("Players").LocalPlayer.Name].wood_sword,
        chargeRatio = 0
    }
)
2026-09-08T13:45:530.214Z,41.199488,Outgoing:SwordSwingMiss,INFO Instance: SwordSwingMiss (RemoteEvent)
	Path: game:GetService("ReplicatedStorage").rbxts_include.node_modules["@rbxts"].net.out._NetManaged.SwordSwingMiss
	Status: Allowed
	Call Order In Log: 11
	-------------------- Event Data --------------------
	{
    CallOrderInLog = 11,
    DataFromHook = {
        Function = function(arg1, arg2, arg3, arg4, arg5)
            --[[Name: attackEntity | Line: 222
            Upvalues: 9
            Function Hash: 6a6dd1a2fb43c8b51e50e0cf76a4db0000cfa3eb653b875766b0d6d37be838cbac2cc2c11555b5548b82e1e9701fec60
            LuaEncode: Unable to serialize function]]
            return
        end,
        Arguments = {
            {
                weapon = game:GetService("ReplicatedStorage").Inventories[game:GetService("Players").LocalPlayer.Name].wood_sword,
                chargeRatio = 0
            },
            n = 1
        },
        Source = "Players.Fluxroos47.PlayerScripts.TS.controllers.global.combat.sword.sword-controller",
        Origin = game:GetService("Players").LocalPlayer.PlayerScripts.TS.ui.store,
        IsExecutor = false,
        CreationTime = 1788882353.1966,
        Line = 375
    },
    EventType = "Outgoing",
    RemoteInstanceInfo = {
        Path = "game:GetService(\"ReplicatedStorage\").rbxts_include.node_modules[\"@rbxts\"].net.out._NetManaged.SwordSwingMiss",
        Name = "SwordSwingMiss",
        ClassName = "RemoteEvent"
    }
}
	-------------------- Generated Code --------------------
	local Event = game:GetService("ReplicatedStorage").rbxts_include.node_modules["@rbxts"].net.out._NetManaged.SwordSwingMiss
Event:FireServer(
    {
        weapon = game:GetService("ReplicatedStorage").Inventories[game:GetService("Players").LocalPlayer.Name].wood_sword,
        chargeRatio = 0
    }
)
2026-09-08T13:46:090.885Z,57.870661,Outgoing:ExecuteAccessibleChatCommand,INFO Instance: ExecuteAccessibleChatCommand (RemoteFunction)
	Path: game:GetService("ReplicatedStorage").rbxts_include.node_modules["@rbxts"].net.out._NetManaged.ExecuteAccessibleChatCommand
	Status: Allowed
	Call Order In Log: 2
	-------------------- Event Data --------------------
	{
    CallOrderInLog = 2,
    DataFromHook = {
        Function = function(arg1, arg2, ...)
            --[[Name: runExecutor | Line: 171
            Upvalues: 2
            Function Hash: d6448705789b5ead4caa89766364b91b43b9852aab4ad2967e601129128c82e752b56a7b1b3a3ef4b3a3390dab110a05
            LuaEncode: Unable to serialize function]]
            return
        end,
        Arguments = {
            {
                alias = "shop",
                rawArguments = "help"
            },
            n = 1
        },
        Source = "ReplicatedStorage.rbxts_include.Promise",
        Origin = game:GetService("Players").LocalPlayer.PlayerScripts.TS.main,
        IsExecutor = false,
        CreationTime = 1788882369.8521,
        Line = 172
    },
    EventType = "Outgoing",
    RemoteInstanceInfo = {
        Path = "game:GetService(\"ReplicatedStorage\").rbxts_include.node_modules[\"@rbxts\"].net.out._NetManaged.ExecuteAccessibleChatCommand",
        Name = "ExecuteAccessibleChatCommand",
        ClassName = "RemoteFunction"
    }
}
	-------------------- Generated Code --------------------
	local Event = game:GetService("ReplicatedStorage").rbxts_include.node_modules["@rbxts"].net.out._NetManaged.ExecuteAccessibleChatCommand
Event:InvokeServer(
    {
        alias = "shop",
        rawArguments = "help"
    }
)
2026-09-08T13:46:100.996Z,57.981869,Incoming:CustomMatches/HostPanelUpdate,INFO Instance: CustomMatches/HostPanelUpdate (RemoteEvent)
	Path: game:GetService("ReplicatedStorage").rbxts_include.node_modules["@rbxts"].net.out._NetManaged["CustomMatches/HostPanelUpdate"]
	Status: Allowed
	Call Order In Log: 2
	-------------------- Event Data --------------------
	{
    CallOrderInLog = 2,
    DataFromHook = {
        Function = function(...)
            --[[Name: Anonymous Function | Line: 50
            Upvalues: 2
            Function Hash: 99e7dd9f601f270d9695642a55ba68480a5305830bd7abee29147812647800092c62703653220d16fe23797b7ef987ca
            LuaEncode: Unable to serialize function]]
            return
        end,
        Arguments = {
            {
                auditLog = {
                    updateType = "push",
                    log = {
                        {
                            message = "<b>/shop help</b>",
                            time = 1788875168,
                            property = "shop",
                            tag = "command",
                            executor = {
                                name = "Fluxroos47",
                                userId = 10405162944,
                                displayName = "Fluxroos47"
                            }
                        }
                    }
                }
            },
            n = 1
        },
        Origin = game:GetService("Players").LocalPlayer.PlayerScripts.TS.main,
        IsExecutor = false,
        CreationTime = 1788882369.9413
    },
    EventType = "Incoming",
    RemoteInstanceInfo = {
        Path = "game:GetService(\"ReplicatedStorage\").rbxts_include.node_modules[\"@rbxts\"].net.out._NetManaged[\"CustomMatches/HostPanelUpdate\"]",
        Name = "CustomMatches/HostPanelUpdate",
        ClassName = "RemoteEvent"
    }
}
	-------------------- Generated Code --------------------
	local Event = game:GetService("ReplicatedStorage").rbxts_include.node_modules["@rbxts"].net.out._NetManaged["CustomMatches/HostPanelUpdate"]
firesignal(Event.OnClientEvent, 
    {
        auditLog = {
            updateType = "push",
            log = {
                {
                    message = "<b>/shop help</b>",
                    time = 1788875168,
                    property = "shop",
                    tag = "command",
                    executor = {
                        name = "Fluxroos47",
                        userId = 10405162944,
                        displayName = "Fluxroos47"
                    }
                }
            }
        }
    }
)
2026-09-08T13:46:100.013Z,57.998109,Incoming:chatMakeSystemMessage,INFO Instance: chatMakeSystemMessage (RemoteEvent)
	Path: game:GetService("ReplicatedStorage")["events-@easy-games/game-core:shared/game-core-networking@getEvents.Events"].chatMakeSystemMessage
	Status: Allowed
	Call Order In Log: 1
	-------------------- Event Data --------------------
	{
    CallOrderInLog = 1,
    DataFromHook = {
        Function = function(...)
            --[[Name: Anonymous Function | Line: 31
            Upvalues: 7
            Function Hash: 634d489ee0b95e6c990d6441932f87d2e928ec3e254895a1df21f1b25e752eb4aad6cc95daf6963cad4aa0bf21fb9656
            LuaEncode: Unable to serialize function]]
            return
        end,
        Arguments = {
            {
                Text = "\n<font color=\"rgb(254,171,0)\">--------------[ <font color=\"rgb(85,255,85)\">/shop</font> Command Help ]--------------</font>\nList, create, or remove item and upgrade shops.\n<font color=\"rgb(255,112,112)\">&lt;&gt; = required</font>  <font color=\"rgb(194,194,194)\">[] = optional</font>\n<font color=\"rgb(85,255,85)\"><b>/shop</b></font> <font color=\"rgb(85,255,85)\">help</font>\n<font color=\"rgb(85,255,85)\"><b>/shop</b></font> <font color=\"rgb(85,255,85)\">list</font>\n<font color=\"rgb(85,255,85)\"><b>/shop</b></font> <font color=\"rgb(85,255,85)\">create</font> <font color=\"rgb(255,112,112)\">&lt;Shop Type: item | upgrade&gt;</font> <font color=\"rgb(194,194,194)\">[Team Name]</font>\n<font color=\"rgb(85,255,85)\"><b>/shop</b></font> <font color=\"rgb(85,255,85)\">remove</font> <font color=\"rgb(255,112,112)\">&lt;Shop ID&gt;</font>\n"
            },
            n = 1
        },
        Origin = game:GetService("Players").LocalPlayer.PlayerScripts.TS.main,
        IsExecutor = true,
        CreationTime = 1788882369.9472
    },
    EventType = "Incoming",
    RemoteInstanceInfo = {
        Path = "game:GetService(\"ReplicatedStorage\")[\"events-@easy-games/game-core:shared/game-core-networking@getEvents.Events\"].chatMakeSystemMessage",
        Name = "chatMakeSystemMessage",
        ClassName = "RemoteEvent"
    }
}
	-------------------- Generated Code --------------------
	local Event = game:GetService("ReplicatedStorage")["events-@easy-games/game-core:shared/game-core-networking@getEvents.Events"].chatMakeSystemMessage
firesignal(Event.OnClientEvent, 
    {
        Text = "\n<font color=\"rgb(254,171,0)\">--------------[ <font color=\"rgb(85,255,85)\">/shop</font> Command Help ]--------------</font>\nList, create, or remove item and upgrade shops.\n<font color=\"rgb(255,112,112)\">&lt;&gt; = required</font>  <font color=\"rgb(194,194,194)\">[] = optional</font>\n<font color=\"rgb(85,255,85)\"><b>/shop</b></font> <font color=\"rgb(85,255,85)\">help</font>\n<font color=\"rgb(85,255,85)\"><b>/shop</b></font> <font color=\"rgb(85,255,85)\">list</font>\n<font color=\"rgb(85,255,85)\"><b>/shop</b></font> <font color=\"rgb(85,255,85)\">create</font> <font color=\"rgb(255,112,112)\">&lt;Shop Type: item | upgrade&gt;</font> <font color=\"rgb(194,194,194)\">[Team Name]</font>\n<font color=\"rgb(85,255,85)\"><b>/shop</b></font> <font color=\"rgb(85,255,85)\">remove</font> <font color=\"rgb(255,112,112)\">&lt;Shop ID&gt;</font>\n"
    }
)
2026-09-08T13:46:100.031Z,58.016396,Incoming:ExecuteAccessibleChatCommand,INFO Instance: ExecuteAccessibleChatCommand (RemoteFunction)
	Path: game:GetService("ReplicatedStorage").rbxts_include.node_modules["@rbxts"].net.out._NetManaged.ExecuteAccessibleChatCommand
	Status: Allowed
	Call Order In Log: 2
	-------------------- Event Data --------------------
	{
    CallOrderInLog = 2,
    DataFromHook = {
        Source = "ReplicatedStorage.rbxts_include.Promise",
        Origin = game:GetService("Players").LocalPlayer.PlayerScripts.TS.main,
        InvokeKind = "Request",
        Function = function(arg1, arg2, ...)
            --[[Name: runExecutor | Line: 171
            Upvalues: 2
            Function Hash: d6448705789b5ead4caa89766364b91b43b9852aab4ad2967e601129128c82e752b56a7b1b3a3ef4b3a3390dab110a05
            LuaEncode: Unable to serialize function]]
            return
        end,
        Line = 172,
        IsExecutor = false,
        CreationTime = 1788882369.9834,
        InvokeResult = {
            {
                success = true
            },
            n = 1
        },
        Arguments = {
            {
                alias = "shop",
                rawArguments = "help"
            },
            n = 1
        }
    },
    EventType = "Incoming",
    RemoteInstanceInfo = {
        Path = "game:GetService(\"ReplicatedStorage\").rbxts_include.node_modules[\"@rbxts\"].net.out._NetManaged.ExecuteAccessibleChatCommand",
        Name = "ExecuteAccessibleChatCommand",
        ClassName = "RemoteFunction"
    }
}
	-------------------- Generated Code --------------------
	local Event = game:GetService("ReplicatedStorage").rbxts_include.node_modules["@rbxts"].net.out._NetManaged.ExecuteAccessibleChatCommand
local Result = table.pack(Event:InvokeServer(
    {
        alias = "shop",
        rawArguments = "help"
    }
))

local ExpectedResult = table.unpack({
    {
        success = true
    }
})

2026-09-08T13:46:250.498Z,73.483737,Outgoing:ExecuteAccessibleChatCommand,INFO Instance: ExecuteAccessibleChatCommand (RemoteFunction)
	Path: game:GetService("ReplicatedStorage").rbxts_include.node_modules["@rbxts"].net.out._NetManaged.ExecuteAccessibleChatCommand
	Status: Allowed
	Call Order In Log: 3
	-------------------- Event Data --------------------
	{
    CallOrderInLog = 3,
    DataFromHook = {
        Function = function(arg1, arg2, ...)
            --[[Name: runExecutor | Line: 171
            Upvalues: 2
            Function Hash: d6448705789b5ead4caa89766364b91b43b9852aab4ad2967e601129128c82e752b56a7b1b3a3ef4b3a3390dab110a05
            LuaEncode: Unable to serialize function]]
            return
        end,
        Arguments = {
            {
                alias = "shop",
                rawArguments = "create item"
            },
            n = 1
        },
        Source = "ReplicatedStorage.rbxts_include.Promise",
        Origin = game:GetService("Players").LocalPlayer.PlayerScripts.TS.main,
        IsExecutor = false,
        CreationTime = 1788882385.4645,
        Line = 172
    },
    EventType = "Outgoing",
    RemoteInstanceInfo = {
        Path = "game:GetService(\"ReplicatedStorage\").rbxts_include.node_modules[\"@rbxts\"].net.out._NetManaged.ExecuteAccessibleChatCommand",
        Name = "ExecuteAccessibleChatCommand",
        ClassName = "RemoteFunction"
    }
}
	-------------------- Generated Code --------------------
	local Event = game:GetService("ReplicatedStorage").rbxts_include.node_modules["@rbxts"].net.out._NetManaged.ExecuteAccessibleChatCommand
Event:InvokeServer(
    {
        alias = "shop",
        rawArguments = "create item"
    }
)
2026-09-08T13:46:250.630Z,73.615521,Incoming:CustomMatches/HostPanelUpdate,INFO Instance: CustomMatches/HostPanelUpdate (RemoteEvent)
	Path: game:GetService("ReplicatedStorage").rbxts_include.node_modules["@rbxts"].net.out._NetManaged["CustomMatches/HostPanelUpdate"]
	Status: Allowed
	Call Order In Log: 3
	-------------------- Event Data --------------------
	{
    CallOrderInLog = 3,
    DataFromHook = {
        Function = function(...)
            --[[Name: Anonymous Function | Line: 50
            Upvalues: 2
            Function Hash: 99e7dd9f601f270d9695642a55ba68480a5305830bd7abee29147812647800092c62703653220d16fe23797b7ef987ca
            LuaEncode: Unable to serialize function]]
            return
        end,
        Arguments = {
            {
                auditLog = {
                    updateType = "push",
                    log = {
                        {
                            message = "<b>/shop create item</b>",
                            time = 1788875184,
                            property = "shop",
                            tag = "command",
                            executor = {
                                name = "Fluxroos47",
                                userId = 10405162944,
                                displayName = "Fluxroos47"
                            }
                        }
                    }
                }
            },
            n = 1
        },
        Origin = game:GetService("Players").LocalPlayer.PlayerScripts.TS.main,
        IsExecutor = false,
        CreationTime = 1788882385.5621
    },
    EventType = "Incoming",
    RemoteInstanceInfo = {
        Path = "game:GetService(\"ReplicatedStorage\").rbxts_include.node_modules[\"@rbxts\"].net.out._NetManaged[\"CustomMatches/HostPanelUpdate\"]",
        Name = "CustomMatches/HostPanelUpdate",
        ClassName = "RemoteEvent"
    }
}
	-------------------- Generated Code --------------------
	local Event = game:GetService("ReplicatedStorage").rbxts_include.node_modules["@rbxts"].net.out._NetManaged["CustomMatches/HostPanelUpdate"]
firesignal(Event.OnClientEvent, 
    {
        auditLog = {
            updateType = "push",
            log = {
                {
                    message = "<b>/shop create item</b>",
                    time = 1788875184,
                    property = "shop",
                    tag = "command",
                    executor = {
                        name = "Fluxroos47",
                        userId = 10405162944,
                        displayName = "Fluxroos47"
                    }
                }
            }
        }
    }
)
2026-09-08T13:46:250.660Z,73.645094,Incoming:sendInfoNotification,INFO Instance: sendInfoNotification (RemoteEvent)
	Path: game:GetService("ReplicatedStorage")["events-@easy-games/game-core:shared/game-core-networking@getEvents.Events"].sendInfoNotification
	Status: Allowed
	Call Order In Log: 2
	-------------------- Event Data --------------------
	{
    CallOrderInLog = 2,
    DataFromHook = {
        Function = function(...)
            --[[Name: Anonymous Function | Line: 31
            Upvalues: 7
            Function Hash: 634d489ee0b95e6c990d6441932f87d2e928ec3e254895a1df21f1b25e752eb4aad6cc95daf6963cad4aa0bf21fb9656
            LuaEncode: Unable to serialize function]]
            return
        end,
        Arguments = {
            {
                message = "Placed an <b>Item Shop</b>\n<font color=\"rgb(85,255,255)\"><b>Id: global_item_shop</b></font>"
            },
            n = 1
        },
        Origin = game:GetService("Players").LocalPlayer.PlayerScripts.TS.main,
        IsExecutor = false,
        CreationTime = 1788882385.6205
    },
    EventType = "Incoming",
    RemoteInstanceInfo = {
        Path = "game:GetService(\"ReplicatedStorage\")[\"events-@easy-games/game-core:shared/game-core-networking@getEvents.Events\"].sendInfoNotification",
        Name = "sendInfoNotification",
        ClassName = "RemoteEvent"
    }
}
	-------------------- Generated Code --------------------
	local Event = game:GetService("ReplicatedStorage")["events-@easy-games/game-core:shared/game-core-networking@getEvents.Events"].sendInfoNotification
firesignal(Event.OnClientEvent, 
    {
        message = "Placed an <b>Item Shop</b>\n<font color=\"rgb(85,255,255)\"><b>Id: global_item_shop</b></font>"
    }
)
2026-09-08T13:46:250.676Z,73.661377,Incoming:ZAP_RELIABLE,INFO Instance: ZAP_RELIABLE (RemoteEvent)
	Path: game:GetService("ReplicatedStorage").ZAP.ZAP_RELIABLE
	Status: Allowed
	Call Order In Log: 1
	-------------------- Event Data --------------------
	{
    CallOrderInLog = 1,
    DataFromHook = {
        Function = function(arg1, arg2)
            --[[Name: Anonymous Function | Line: 197
            Upvalues: 6
            Function Hash: 48a48fd685f4bcf3ba05b202aba5315d22f7f8c214697a6b435691610cf256e38faa66f33f284546064970361bcb3b41
            LuaEncode: Unable to serialize function]]
            return
        end,
        Arguments = {
            (function(bytes) --[[Type: buffer]]
                local b = buffer.create(#bytes)
                for i = 1, #bytes do
                    buffer.writeu8(b, i - 1, bytes[i])
                end
                return b
            end)({ 4, 1, 0, 117, 0, 24, 0, 114, 0, 2, 6, 0, 0, 1 }),
            {},
            n = 2
        },
        Origin = game:GetService("Players").LocalPlayer.PlayerScripts.TS.lib.network,
        IsExecutor = false,
        CreationTime = 1788882385.621
    },
    EventType = "Incoming",
    RemoteInstanceInfo = {
        Path = "game:GetService(\"ReplicatedStorage\").ZAP.ZAP_RELIABLE",
        Name = "ZAP_RELIABLE",
        ClassName = "RemoteEvent"
    }
}
	-------------------- Generated Code --------------------
	local Event = game:GetService("ReplicatedStorage").ZAP.ZAP_RELIABLE
firesignal(Event.OnClientEvent, 
    (function(bytes) --[[Type: buffer]]
        local b = buffer.create(#bytes)
        for i = 1, #bytes do
            buffer.writeu8(b, i - 1, bytes[i])
        end
        return b
    end)({ 4, 1, 0, 117, 0, 24, 0, 114, 0, 2, 6, 0, 0, 1 }),
    {}
)
2026-09-08T13:46:250.692Z,73.677443,Incoming:ExecuteAccessibleChatCommand,INFO Instance: ExecuteAccessibleChatCommand (RemoteFunction)
	Path: game:GetService("ReplicatedStorage").rbxts_include.node_modules["@rbxts"].net.out._NetManaged.ExecuteAccessibleChatCommand
	Status: Allowed
	Call Order In Log: 3
	-------------------- Event Data --------------------
	{
    CallOrderInLog = 3,
    DataFromHook = {
        Source = "ReplicatedStorage.rbxts_include.Promise",
        Origin = game:GetService("Players").LocalPlayer.PlayerScripts.TS.main,
        InvokeKind = "Request",
        Function = function(arg1, arg2, ...)
            --[[Name: runExecutor | Line: 171
            Upvalues: 2
            Function Hash: d6448705789b5ead4caa89766364b91b43b9852aab4ad2967e601129128c82e752b56a7b1b3a3ef4b3a3390dab110a05
            LuaEncode: Unable to serialize function]]
            return
        end,
        Line = 172,
        IsExecutor = false,
        CreationTime = 1788882385.622,
        InvokeResult = {
            {
                success = true
            },
            n = 1
        },
        Arguments = {
            {
                alias = "shop",
                rawArguments = "create item"
            },
            n = 1
        }
    },
    EventType = "Incoming",
    RemoteInstanceInfo = {
        Path = "game:GetService(\"ReplicatedStorage\").rbxts_include.node_modules[\"@rbxts\"].net.out._NetManaged.ExecuteAccessibleChatCommand",
        Name = "ExecuteAccessibleChatCommand",
        ClassName = "RemoteFunction"
    }
}
	-------------------- Generated Code --------------------
	local Event = game:GetService("ReplicatedStorage").rbxts_include.node_modules["@rbxts"].net.out._NetManaged.ExecuteAccessibleChatCommand
local Result = table.pack(Event:InvokeServer(
    {
        alias = "shop",
        rawArguments = "create item"
    }
))

local ExpectedResult = table.unpack({
    {
        success = true
    }
})

2026-09-08T13:46:260.929Z,74.914920,Incoming:ZAP_RELIABLE,INFO Instance: ZAP_RELIABLE (RemoteEvent)
	Path: game:GetService("ReplicatedStorage").ZAP.ZAP_RELIABLE
	Status: Allowed
	Call Order In Log: 2
	-------------------- Event Data --------------------
	{
    CallOrderInLog = 2,
    DataFromHook = {
        Function = function(arg1, arg2)
            --[[Name: Anonymous Function | Line: 197
            Upvalues: 6
            Function Hash: d90f55af64d172c8998779f74f96ec3e7672cd3cff0f77dd89c65d98e737a4166ad5fe99fd1d943c625c1c248555975f
            LuaEncode: Unable to serialize function]]
            return
        end,
        Arguments = {
            (function(bytes) --[[Type: buffer]]
                local b = buffer.create(#bytes)
                for i = 1, #bytes do
                    buffer.writeu8(b, i - 1, bytes[i])
                end
                return b
            end)({ 0, 0, 0, 0, 0, 0, 0, 36, 64, 49, 0, 0, 1, 0, 0, 1, 1, 1, 1, 0, 0, 0, 0, 0, 0, 0, 0 }),
            {
                game:GetService("Players").LocalPlayer.Character
            },
            n = 2
        },
        Origin = game:GetService("Players").LocalPlayer.PlayerScripts.TS.lib.network,
        IsExecutor = false,
        CreationTime = 1788882386.8761
    },
    EventType = "Incoming",
    RemoteInstanceInfo = {
        Path = "game:GetService(\"ReplicatedStorage\").ZAP.ZAP_RELIABLE",
        Name = "ZAP_RELIABLE",
        ClassName = "RemoteEvent"
    }
}
	-------------------- Generated Code --------------------
	local Event = game:GetService("ReplicatedStorage").ZAP.ZAP_RELIABLE
firesignal(Event.OnClientEvent, 
    (function(bytes) --[[Type: buffer]]
        local b = buffer.create(#bytes)
        for i = 1, #bytes do
            buffer.writeu8(b, i - 1, bytes[i])
        end
        return b
    end)({ 0, 0, 0, 0, 0, 0, 0, 36, 64, 49, 0, 0, 1, 0, 0, 1, 1, 1, 1, 0, 0, 0, 0, 0, 0, 0, 0 }),
    {
        game:GetService("Players").LocalPlayer.Character
    }
)
2026-09-08T13:46:260.971Z,74.956641,Incoming:ZAP_RELIABLE,INFO Instance: ZAP_RELIABLE (RemoteEvent)
	Path: game:GetService("ReplicatedStorage").ZAP.ZAP_RELIABLE
	Status: Allowed
	Call Order In Log: 3
	-------------------- Event Data --------------------
	{
    CallOrderInLog = 3,
    DataFromHook = {
        Function = function(arg1, arg2)
            --[[Name: Anonymous Function | Line: 197
            Upvalues: 6
            Function Hash: d90f55af64d172c8998779f74f96ec3e7672cd3cff0f77dd89c65d98e737a4166ad5fe99fd1d943c625c1c248555975f
            LuaEncode: Unable to serialize function]]
            return
        end,
        Arguments = {
            (function(bytes) --[[Type: buffer]]
                local b = buffer.create(#bytes)
                for i = 1, #bytes do
                    buffer.writeu8(b, i - 1, bytes[i])
                end
                return b
            end)({ 0, 0, 0, 0, 0, 0, 0, 36, 64, 49, 0, 0, 1, 0, 0, 1, 1, 1, 2, 0, 0, 0, 0, 0, 0, 0, 0 }),
            {
                game:GetService("Players").LocalPlayer.Character
            },
            n = 2
        },
        Origin = game:GetService("Players").LocalPlayer.PlayerScripts.TS.lib.network,
        IsExecutor = false,
        CreationTime = 1788882386.881
    },
    EventType = "Incoming",
    RemoteInstanceInfo = {
        Path = "game:GetService(\"ReplicatedStorage\").ZAP.ZAP_RELIABLE",
        Name = "ZAP_RELIABLE",
        ClassName = "RemoteEvent"
    }
}
	-------------------- Generated Code --------------------
	local Event = game:GetService("ReplicatedStorage").ZAP.ZAP_RELIABLE
firesignal(Event.OnClientEvent, 
    (function(bytes) --[[Type: buffer]]
        local b = buffer.create(#bytes)
        for i = 1, #bytes do
            buffer.writeu8(b, i - 1, bytes[i])
        end
        return b
    end)({ 0, 0, 0, 0, 0, 0, 0, 36, 64, 49, 0, 0, 1, 0, 0, 1, 1, 1, 2, 0, 0, 0, 0, 0, 0, 0, 0 }),
    {
        game:GetService("Players").LocalPlayer.Character
    }
)
2026-09-08T13:46:270.013Z,74.998252,Incoming:ZAP_RELIABLE,INFO Instance: ZAP_RELIABLE (RemoteEvent)
	Path: game:GetService("ReplicatedStorage").ZAP.ZAP_RELIABLE
	Status: Allowed
	Call Order In Log: 4
	-------------------- Event Data --------------------
	{
    CallOrderInLog = 4,
    DataFromHook = {
        Function = function(arg1, arg2)
            --[[Name: Anonymous Function | Line: 197
            Upvalues: 6
            Function Hash: d90f55af64d172c8998779f74f96ec3e7672cd3cff0f77dd89c65d98e737a4166ad5fe99fd1d943c625c1c248555975f
            LuaEncode: Unable to serialize function]]
            return
        end,
        Arguments = {
            (function(bytes) --[[Type: buffer]]
                local b = buffer.create(#bytes)
                for i = 1, #bytes do
                    buffer.writeu8(b, i - 1, bytes[i])
                end
                return b
            end)({ 0, 0, 0, 0, 0, 0, 0, 36, 64, 49, 0, 0, 1, 0, 0, 1, 1, 1, 3, 0, 0, 0, 0, 0, 0, 0, 0 }),
            {
                game:GetService("Players").LocalPlayer.Character
            },
            n = 2
        },
        Origin = game:GetService("Players").LocalPlayer.PlayerScripts.TS.lib.network,
        IsExecutor = false,
        CreationTime = 1788882386.8837
    },
    EventType = "Incoming",
    RemoteInstanceInfo = {
        Path = "game:GetService(\"ReplicatedStorage\").ZAP.ZAP_RELIABLE",
        Name = "ZAP_RELIABLE",
        ClassName = "RemoteEvent"
    }
}
	-------------------- Generated Code --------------------
	local Event = game:GetService("ReplicatedStorage").ZAP.ZAP_RELIABLE
firesignal(Event.OnClientEvent, 
    (function(bytes) --[[Type: buffer]]
        local b = buffer.create(#bytes)
        for i = 1, #bytes do
            buffer.writeu8(b, i - 1, bytes[i])
        end
        return b
    end)({ 0, 0, 0, 0, 0, 0, 0, 36, 64, 49, 0, 0, 1, 0, 0, 1, 1, 1, 3, 0, 0, 0, 0, 0, 0, 0, 0 }),
    {
        game:GetService("Players").LocalPlayer.Character
    }
)
2026-09-08T13:46:270.050Z,75.035141,Incoming:ZAP_RELIABLE,INFO Instance: ZAP_RELIABLE (RemoteEvent)
	Path: game:GetService("ReplicatedStorage").ZAP.ZAP_RELIABLE
	Status: Allowed
	Call Order In Log: 5
	-------------------- Event Data --------------------
	{
    CallOrderInLog = 5,
    DataFromHook = {
        Function = function(arg1, arg2)
            --[[Name: Anonymous Function | Line: 197
            Upvalues: 6
            Function Hash: d90f55af64d172c8998779f74f96ec3e7672cd3cff0f77dd89c65d98e737a4166ad5fe99fd1d943c625c1c248555975f
            LuaEncode: Unable to serialize function]]
            return
        end,
        Arguments = {
            (function(bytes) --[[Type: buffer]]
                local b = buffer.create(#bytes)
                for i = 1, #bytes do
                    buffer.writeu8(b, i - 1, bytes[i])
                end
                return b
            end)({ 0, 0, 0, 0, 0, 0, 0, 36, 64, 49, 0, 0, 1, 0, 0, 1, 1, 1, 4, 0, 0, 0, 0, 0, 0, 0, 0 }),
            {
                game:GetService("Players").LocalPlayer.Character
            },
            n = 2
        },
        Origin = game:GetService("Players").LocalPlayer.PlayerScripts.TS.lib.network,
        IsExecutor = false,
        CreationTime = 1788882386.8906
    },
    EventType = "Incoming",
    RemoteInstanceInfo = {
        Path = "game:GetService(\"ReplicatedStorage\").ZAP.ZAP_RELIABLE",
        Name = "ZAP_RELIABLE",
        ClassName = "RemoteEvent"
    }
}
	-------------------- Generated Code --------------------
	local Event = game:GetService("ReplicatedStorage").ZAP.ZAP_RELIABLE
firesignal(Event.OnClientEvent, 
    (function(bytes) --[[Type: buffer]]
        local b = buffer.create(#bytes)
        for i = 1, #bytes do
            buffer.writeu8(b, i - 1, bytes[i])
        end
        return b
    end)({ 0, 0, 0, 0, 0, 0, 0, 36, 64, 49, 0, 0, 1, 0, 0, 1, 1, 1, 4, 0, 0, 0, 0, 0, 0, 0, 0 }),
    {
        game:GetService("Players").LocalPlayer.Character
    }
)
2026-09-08T13:46:270.068Z,75.053220,Incoming:ZAP_RELIABLE,INFO Instance: ZAP_RELIABLE (RemoteEvent)
	Path: game:GetService("ReplicatedStorage").ZAP.ZAP_RELIABLE
	Status: Allowed
	Call Order In Log: 6
	-------------------- Event Data --------------------
	{
    CallOrderInLog = 6,
    DataFromHook = {
        Function = function(arg1, arg2)
            --[[Name: Anonymous Function | Line: 197
            Upvalues: 6
            Function Hash: d90f55af64d172c8998779f74f96ec3e7672cd3cff0f77dd89c65d98e737a4166ad5fe99fd1d943c625c1c248555975f
            LuaEncode: Unable to serialize function]]
            return
        end,
        Arguments = {
            (function(bytes) --[[Type: buffer]]
                local b = buffer.create(#bytes)
                for i = 1, #bytes do
                    buffer.writeu8(b, i - 1, bytes[i])
                end
                return b
            end)({ 0, 0, 0, 0, 0, 0, 0, 36, 64, 49, 0, 0, 1, 0, 0, 1, 1, 1, 5, 0, 0, 0, 0, 0, 0, 0, 0 }),
            {
                game:GetService("Players").LocalPlayer.Character
            },
            n = 2
        },
        Origin = game:GetService("Players").LocalPlayer.PlayerScripts.TS.lib.network,
        IsExecutor = false,
        CreationTime = 1788882386.9565
    },
    EventType = "Incoming",
    RemoteInstanceInfo = {
        Path = "game:GetService(\"ReplicatedStorage\").ZAP.ZAP_RELIABLE",
        Name = "ZAP_RELIABLE",
        ClassName = "RemoteEvent"
    }
}
	-------------------- Generated Code --------------------
	local Event = game:GetService("ReplicatedStorage").ZAP.ZAP_RELIABLE
firesignal(Event.OnClientEvent, 
    (function(bytes) --[[Type: buffer]]
        local b = buffer.create(#bytes)
        for i = 1, #bytes do
            buffer.writeu8(b, i - 1, bytes[i])
        end
        return b
    end)({ 0, 0, 0, 0, 0, 0, 0, 36, 64, 49, 0, 0, 1, 0, 0, 1, 1, 1, 5, 0, 0, 0, 0, 0, 0, 0, 0 }),
    {
        game:GetService("Players").LocalPlayer.Character
    }
)
2026-09-08T13:46:270.087Z,75.072685,Incoming:ZAP_RELIABLE,INFO Instance: ZAP_RELIABLE (RemoteEvent)
	Path: game:GetService("ReplicatedStorage").ZAP.ZAP_RELIABLE
	Status: Allowed
	Call Order In Log: 7
	-------------------- Event Data --------------------
	{
    CallOrderInLog = 7,
    DataFromHook = {
        Function = function(arg1, arg2)
            --[[Name: Anonymous Function | Line: 197
            Upvalues: 6
            Function Hash: d90f55af64d172c8998779f74f96ec3e7672cd3cff0f77dd89c65d98e737a4166ad5fe99fd1d943c625c1c248555975f
            LuaEncode: Unable to serialize function]]
            return
        end,
        Arguments = {
            (function(bytes) --[[Type: buffer]]
                local b = buffer.create(#bytes)
                for i = 1, #bytes do
                    buffer.writeu8(b, i - 1, bytes[i])
                end
                return b
            end)({ 0, 0, 0, 0, 0, 0, 0, 36, 64, 49, 0, 0, 1, 0, 0, 1, 1, 1, 6, 0, 0, 0, 0, 0, 0, 0, 0 }),
            {
                game:GetService("Players").LocalPlayer.Character
            },
            n = 2
        },
        Origin = game:GetService("Players").LocalPlayer.PlayerScripts.TS.lib.network,
        IsExecutor = false,
        CreationTime = 1788882386.9641
    },
    EventType = "Incoming",
    RemoteInstanceInfo = {
        Path = "game:GetService(\"ReplicatedStorage\").ZAP.ZAP_RELIABLE",
        Name = "ZAP_RELIABLE",
        ClassName = "RemoteEvent"
    }
}
	-------------------- Generated Code --------------------
	local Event = game:GetService("ReplicatedStorage").ZAP.ZAP_RELIABLE
firesignal(Event.OnClientEvent, 
    (function(bytes) --[[Type: buffer]]
        local b = buffer.create(#bytes)
        for i = 1, #bytes do
            buffer.writeu8(b, i - 1, bytes[i])
        end
        return b
    end)({ 0, 0, 0, 0, 0, 0, 0, 36, 64, 49, 0, 0, 1, 0, 0, 1, 1, 1, 6, 0, 0, 0, 0, 0, 0, 0, 0 }),
    {
        game:GetService("Players").LocalPlayer.Character
    }
)
2026-09-08T13:46:270.127Z,75.112845,Incoming:ZAP_RELIABLE,INFO Instance: ZAP_RELIABLE (RemoteEvent)
	Path: game:GetService("ReplicatedStorage").ZAP.ZAP_RELIABLE
	Status: Allowed
	Call Order In Log: 8
	-------------------- Event Data --------------------
	{
    CallOrderInLog = 8,
    DataFromHook = {
        Function = function(arg1, arg2)
            --[[Name: Anonymous Function | Line: 197
            Upvalues: 6
            Function Hash: d90f55af64d172c8998779f74f96ec3e7672cd3cff0f77dd89c65d98e737a4166ad5fe99fd1d943c625c1c248555975f
            LuaEncode: Unable to serialize function]]
            return
        end,
        Arguments = {
            (function(bytes) --[[Type: buffer]]
                local b = buffer.create(#bytes)
                for i = 1, #bytes do
                    buffer.writeu8(b, i - 1, bytes[i])
                end
                return b
            end)({ 0, 0, 0, 0, 0, 0, 0, 36, 64, 49, 0, 0, 1, 0, 0, 1, 1, 1, 7, 0, 0, 0, 0, 0, 0, 0, 0 }),
            {
                game:GetService("Players").LocalPlayer.Character
            },
            n = 2
        },
        Origin = game:GetService("Players").LocalPlayer.PlayerScripts.TS.lib.network,
        IsExecutor = false,
        CreationTime = 1788882387.0418
    },
    EventType = "Incoming",
    RemoteInstanceInfo = {
        Path = "game:GetService(\"ReplicatedStorage\").ZAP.ZAP_RELIABLE",
        Name = "ZAP_RELIABLE",
        ClassName = "RemoteEvent"
    }
}
	-------------------- Generated Code --------------------
	local Event = game:GetService("ReplicatedStorage").ZAP.ZAP_RELIABLE
firesignal(Event.OnClientEvent, 
    (function(bytes) --[[Type: buffer]]
        local b = buffer.create(#bytes)
        for i = 1, #bytes do
            buffer.writeu8(b, i - 1, bytes[i])
        end
        return b
    end)({ 0, 0, 0, 0, 0, 0, 0, 36, 64, 49, 0, 0, 1, 0, 0, 1, 1, 1, 7, 0, 0, 0, 0, 0, 0, 0, 0 }),
    {
        game:GetService("Players").LocalPlayer.Character
    }
)
2026-09-08T13:46:330.367Z,81.352214,Incoming:ZAP_RELIABLE,INFO Instance: ZAP_RELIABLE (RemoteEvent)
	Path: game:GetService("ReplicatedStorage").ZAP.ZAP_RELIABLE
	Status: Allowed
	Call Order In Log: 9
	-------------------- Event Data --------------------
	{
    CallOrderInLog = 9,
    DataFromHook = {
        Function = function(arg1, arg2)
            --[[Name: Anonymous Function | Line: 197
            Upvalues: 6
            Function Hash: 91b8c3d85fe07757995cc1d21850413b5e07b3faa6388c61cc529bd0929d6896cb870edf5b6e0640dc1d3c3b915b0675
            LuaEncode: Unable to serialize function]]
            return
        end,
        Arguments = {
            (function(bytes) --[[Type: buffer]]
                local b = buffer.create(#bytes)
                for i = 1, #bytes do
                    buffer.writeu8(b, i - 1, bytes[i])
                end
                return b
            end)({ 7, 0, 0, 0, 0, 0, 0, 24, 64, 1, 5, 0, 114, 101, 103, 101, 110, 1, 1 }),
            {
                game:GetService("Players").LocalPlayer.Character
            },
            n = 2
        },
        Origin = game:GetService("Players").LocalPlayer.PlayerScripts.TS.lib.network,
        IsExecutor = false,
        CreationTime = 1788882393.3405
    },
    EventType = "Incoming",
    RemoteInstanceInfo = {
        Path = "game:GetService(\"ReplicatedStorage\").ZAP.ZAP_RELIABLE",
        Name = "ZAP_RELIABLE",
        ClassName = "RemoteEvent"
    }
}
	-------------------- Generated Code --------------------
	local Event = game:GetService("ReplicatedStorage").ZAP.ZAP_RELIABLE
firesignal(Event.OnClientEvent, 
    (function(bytes) --[[Type: buffer]]
        local b = buffer.create(#bytes)
        for i = 1, #bytes do
            buffer.writeu8(b, i - 1, bytes[i])
        end
        return b
    end)({ 7, 0, 0, 0, 0, 0, 0, 24, 64, 1, 5, 0, 114, 101, 103, 101, 110, 1, 1 }),
    {
        game:GetService("Players").LocalPlayer.Character
    }
)
2026-09-08T13:46:340.442Z,82.427045,Incoming:ZAP_RELIABLE,INFO Instance: ZAP_RELIABLE (RemoteEvent)
	Path: game:GetService("ReplicatedStorage").ZAP.ZAP_RELIABLE
	Status: Allowed
	Call Order In Log: 10
	-------------------- Event Data --------------------
	{
    CallOrderInLog = 10,
    DataFromHook = {
        Function = function(arg1, arg2)
            --[[Name: Anonymous Function | Line: 197
            Upvalues: 6
            Function Hash: 91b8c3d85fe07757995cc1d21850413b5e07b3faa6388c61cc529bd0929d6896cb870edf5b6e0640dc1d3c3b915b0675
            LuaEncode: Unable to serialize function]]
            return
        end,
        Arguments = {
            (function(bytes) --[[Type: buffer]]
                local b = buffer.create(#bytes)
                for i = 1, #bytes do
                    buffer.writeu8(b, i - 1, bytes[i])
                end
                return b
            end)({ 7, 0, 0, 0, 0, 0, 0, 24, 64, 1, 5, 0, 114, 101, 103, 101, 110, 1, 1 }),
            {
                game:GetService("Players").LocalPlayer.Character
            },
            n = 2
        },
        Origin = game:GetService("Players").LocalPlayer.PlayerScripts.TS.lib.network,
        IsExecutor = false,
        CreationTime = 1788882394.413
    },
    EventType = "Incoming",
    RemoteInstanceInfo = {
        Path = "game:GetService(\"ReplicatedStorage\").ZAP.ZAP_RELIABLE",
        Name = "ZAP_RELIABLE",
        ClassName = "RemoteEvent"
    }
}
	-------------------- Generated Code --------------------
	local Event = game:GetService("ReplicatedStorage").ZAP.ZAP_RELIABLE
firesignal(Event.OnClientEvent, 
    (function(bytes) --[[Type: buffer]]
        local b = buffer.create(#bytes)
        for i = 1, #bytes do
            buffer.writeu8(b, i - 1, bytes[i])
        end
        return b
    end)({ 7, 0, 0, 0, 0, 0, 0, 24, 64, 1, 5, 0, 114, 101, 103, 101, 110, 1, 1 }),
    {
        game:GetService("Players").LocalPlayer.Character
    }
)
2026-09-08T13:46:350.439Z,83.424344,Incoming:ZAP_RELIABLE,INFO Instance: ZAP_RELIABLE (RemoteEvent)
	Path: game:GetService("ReplicatedStorage").ZAP.ZAP_RELIABLE
	Status: Allowed
	Call Order In Log: 11
	-------------------- Event Data --------------------
	{
    CallOrderInLog = 11,
    DataFromHook = {
        Function = function(arg1, arg2)
            --[[Name: Anonymous Function | Line: 197
            Upvalues: 6
            Function Hash: 91b8c3d85fe07757995cc1d21850413b5e07b3faa6388c61cc529bd0929d6896cb870edf5b6e0640dc1d3c3b915b0675
            LuaEncode: Unable to serialize function]]
            return
        end,
        Arguments = {
            (function(bytes) --[[Type: buffer]]
                local b = buffer.create(#bytes)
                for i = 1, #bytes do
                    buffer.writeu8(b, i - 1, bytes[i])
                end
                return b
            end)({ 7, 0, 0, 0, 0, 0, 0, 24, 64, 1, 5, 0, 114, 101, 103, 101, 110, 1, 1 }),
            {
                game:GetService("Players").LocalPlayer.Character
            },
            n = 2
        },
        Origin = game:GetService("Players").LocalPlayer.PlayerScripts.TS.lib.network,
        IsExecutor = false,
        CreationTime = 1788882395.4068
    },
    EventType = "Incoming",
    RemoteInstanceInfo = {
        Path = "game:GetService(\"ReplicatedStorage\").ZAP.ZAP_RELIABLE",
        Name = "ZAP_RELIABLE",
        ClassName = "RemoteEvent"
    }
}
	-------------------- Generated Code --------------------
	local Event = game:GetService("ReplicatedStorage").ZAP.ZAP_RELIABLE
firesignal(Event.OnClientEvent, 
    (function(bytes) --[[Type: buffer]]
        local b = buffer.create(#bytes)
        for i = 1, #bytes do
            buffer.writeu8(b, i - 1, bytes[i])
        end
        return b
    end)({ 7, 0, 0, 0, 0, 0, 0, 24, 64, 1, 5, 0, 114, 101, 103, 101, 110, 1, 1 }),
    {
        game:GetService("Players").LocalPlayer.Character
    }
)
2026-09-08T13:46:350.637Z,83.622598,Outgoing:SwordSwingMiss,INFO Instance: SwordSwingMiss (RemoteEvent)
	Path: game:GetService("ReplicatedStorage").rbxts_include.node_modules["@rbxts"].net.out._NetManaged.SwordSwingMiss
	Status: Allowed
	Call Order In Log: 12
	-------------------- Event Data --------------------
	{
    CallOrderInLog = 12,
    DataFromHook = {
        Function = function(arg1, arg2, arg3, arg4, arg5)
            --[[Name: attackEntity | Line: 222
            Upvalues: 9
            Function Hash: 6a6dd1a2fb43c8b51e50e0cf76a4db0000cfa3eb653b875766b0d6d37be838cbac2cc2c11555b5548b82e1e9701fec60
            LuaEncode: Unable to serialize function]]
            return
        end,
        Arguments = {
            {
                weapon = game:GetService("ReplicatedStorage").Inventories[game:GetService("Players").LocalPlayer.Name].wood_sword,
                chargeRatio = 0
            },
            n = 1
        },
        Source = "Players.Fluxroos47.PlayerScripts.TS.controllers.global.combat.sword.sword-controller",
        Origin = game:GetService("Players").LocalPlayer.PlayerScripts.TS.ui.store,
        IsExecutor = false,
        CreationTime = 1788882395.6098,
        Line = 375
    },
    EventType = "Outgoing",
    RemoteInstanceInfo = {
        Path = "game:GetService(\"ReplicatedStorage\").rbxts_include.node_modules[\"@rbxts\"].net.out._NetManaged.SwordSwingMiss",
        Name = "SwordSwingMiss",
        ClassName = "RemoteEvent"
    }
}
	-------------------- Generated Code --------------------
	local Event = game:GetService("ReplicatedStorage").rbxts_include.node_modules["@rbxts"].net.out._NetManaged.SwordSwingMiss
Event:FireServer(
    {
        weapon = game:GetService("ReplicatedStorage").Inventories[game:GetService("Players").LocalPlayer.Name].wood_sword,
        chargeRatio = 0
    }
)
2026-09-08T13:46:360.498Z,84.483256,Incoming:ZAP_RELIABLE,INFO Instance: ZAP_RELIABLE (RemoteEvent)
	Path: game:GetService("ReplicatedStorage").ZAP.ZAP_RELIABLE
	Status: Allowed
	Call Order In Log: 12
	-------------------- Event Data --------------------
	{
    CallOrderInLog = 12,
    DataFromHook = {
        Function = function(arg1, arg2)
            --[[Name: Anonymous Function | Line: 197
            Upvalues: 6
            Function Hash: 91b8c3d85fe07757995cc1d21850413b5e07b3faa6388c61cc529bd0929d6896cb870edf5b6e0640dc1d3c3b915b0675
            LuaEncode: Unable to serialize function]]
            return
        end,
        Arguments = {
            (function(bytes) --[[Type: buffer]]
                local b = buffer.create(#bytes)
                for i = 1, #bytes do
                    buffer.writeu8(b, i - 1, bytes[i])
                end
                return b
            end)({ 7, 0, 0, 0, 0, 0, 0, 24, 64, 1, 5, 0, 114, 101, 103, 101, 110, 1, 1 }),
            {
                game:GetService("Players").LocalPlayer.Character
            },
            n = 2
        },
        Origin = game:GetService("Players").LocalPlayer.PlayerScripts.TS.lib.network,
        IsExecutor = false,
        CreationTime = 1788882396.4845
    },
    EventType = "Incoming",
    RemoteInstanceInfo = {
        Path = "game:GetService(\"ReplicatedStorage\").ZAP.ZAP_RELIABLE",
        Name = "ZAP_RELIABLE",
        ClassName = "RemoteEvent"
    }
}
	-------------------- Generated Code --------------------
	local Event = game:GetService("ReplicatedStorage").ZAP.ZAP_RELIABLE
firesignal(Event.OnClientEvent, 
    (function(bytes) --[[Type: buffer]]
        local b = buffer.create(#bytes)
        for i = 1, #bytes do
            buffer.writeu8(b, i - 1, bytes[i])
        end
        return b
    end)({ 7, 0, 0, 0, 0, 0, 0, 24, 64, 1, 5, 0, 114, 101, 103, 101, 110, 1, 1 }),
    {
        game:GetService("Players").LocalPlayer.Character
    }
)
2026-09-08T13:46:370.519Z,85.504597,Incoming:ZAP_RELIABLE,INFO Instance: ZAP_RELIABLE (RemoteEvent)
	Path: game:GetService("ReplicatedStorage").ZAP.ZAP_RELIABLE
	Status: Allowed
	Call Order In Log: 13
	-------------------- Event Data --------------------
	{
    CallOrderInLog = 13,
    DataFromHook = {
        Function = function(arg1, arg2)
            --[[Name: Anonymous Function | Line: 197
            Upvalues: 6
            Function Hash: 91b8c3d85fe07757995cc1d21850413b5e07b3faa6388c61cc529bd0929d6896cb870edf5b6e0640dc1d3c3b915b0675
            LuaEncode: Unable to serialize function]]
            return
        end,
        Arguments = {
            (function(bytes) --[[Type: buffer]]
                local b = buffer.create(#bytes)
                for i = 1, #bytes do
                    buffer.writeu8(b, i - 1, bytes[i])
                end
                return b
            end)({ 7, 0, 0, 0, 0, 0, 0, 24, 64, 1, 5, 0, 114, 101, 103, 101, 110, 1, 1 }),
            {
                game:GetService("Players").LocalPlayer.Character
            },
            n = 2
        },
        Origin = game:GetService("Players").LocalPlayer.PlayerScripts.TS.lib.network,
        IsExecutor = false,
        CreationTime = 1788882397.4847
    },
    EventType = "Incoming",
    RemoteInstanceInfo = {
        Path = "game:GetService(\"ReplicatedStorage\").ZAP.ZAP_RELIABLE",
        Name = "ZAP_RELIABLE",
        ClassName = "RemoteEvent"
    }
}
	-------------------- Generated Code --------------------
	local Event = game:GetService("ReplicatedStorage").ZAP.ZAP_RELIABLE
firesignal(Event.OnClientEvent, 
    (function(bytes) --[[Type: buffer]]
        local b = buffer.create(#bytes)
        for i = 1, #bytes do
            buffer.writeu8(b, i - 1, bytes[i])
        end
        return b
    end)({ 7, 0, 0, 0, 0, 0, 0, 24, 64, 1, 5, 0, 114, 101, 103, 101, 110, 1, 1 }),
    {
        game:GetService("Players").LocalPlayer.Character
    }
)
2026-09-08T13:46:380.092Z,86.077483,Outgoing:BedwarsPurchaseItem,INFO Instance: BedwarsPurchaseItem (RemoteFunction)
	Path: game:GetService("ReplicatedStorage").rbxts_include.node_modules["@rbxts"].net.out._NetManaged.BedwarsPurchaseItem
	Status: Allowed
	Call Order In Log: 1
	-------------------- Event Data --------------------
	{
    CallOrderInLog = 1,
    DataFromHook = {
        Function = function(arg1, arg2, ...)
            --[[Name: runExecutor | Line: 171
            Upvalues: 2
            Function Hash: d6448705789b5ead4caa89766364b91b43b9852aab4ad2967e601129128c82e752b56a7b1b3a3ef4b3a3390dab110a05
            LuaEncode: Unable to serialize function]]
            return
        end,
        Arguments = {
            {
                shopItem = {
                    currency = "iron",
                    itemType = "wool_white",
                    amount = 16,
                    price = 8,
                    disabledInQueue = {
                        "mine_wars"
                    },
                    category = "Blocks"
                },
                shopId = "global_item_shop"
            },
            n = 1
        },
        Source = "ReplicatedStorage.rbxts_include.Promise",
        Origin = game:GetService("Players").LocalPlayer.PlayerScripts.TS.main,
        IsExecutor = false,
        CreationTime = 1788882398.0605,
        Line = 172
    },
    EventType = "Outgoing",
    RemoteInstanceInfo = {
        Path = "game:GetService(\"ReplicatedStorage\").rbxts_include.node_modules[\"@rbxts\"].net.out._NetManaged.BedwarsPurchaseItem",
        Name = "BedwarsPurchaseItem",
        ClassName = "RemoteFunction"
    }
}
	-------------------- Generated Code --------------------
	local Event = game:GetService("ReplicatedStorage").rbxts_include.node_modules["@rbxts"].net.out._NetManaged.BedwarsPurchaseItem
Event:InvokeServer(
    {
        shopItem = {
            currency = "iron",
            itemType = "wool_white",
            amount = 16,
            price = 8,
            disabledInQueue = {
                "mine_wars"
            },
            category = "Blocks"
        },
        shopId = "global_item_shop"
    }
)
2026-09-08T13:46:380.199Z,86.184188,Incoming:BedwarsPurchaseItem,INFO Instance: BedwarsPurchaseItem (RemoteFunction)
	Path: game:GetService("ReplicatedStorage").rbxts_include.node_modules["@rbxts"].net.out._NetManaged.BedwarsPurchaseItem
	Status: Allowed
	Call Order In Log: 1
	-------------------- Event Data --------------------
	{
    CallOrderInLog = 1,
    DataFromHook = {
        Source = "ReplicatedStorage.rbxts_include.Promise",
        Origin = game:GetService("Players").LocalPlayer.PlayerScripts.TS.main,
        InvokeKind = "Request",
        Function = function(arg1, arg2, ...)
            --[[Name: runExecutor | Line: 171
            Upvalues: 2
            Function Hash: d6448705789b5ead4caa89766364b91b43b9852aab4ad2967e601129128c82e752b56a7b1b3a3ef4b3a3390dab110a05
            LuaEncode: Unable to serialize function]]
            return
        end,
        Line = 172,
        IsExecutor = false,
        CreationTime = 1788882398.1321,
        InvokeResult = {
            false,
            n = 1
        },
        Arguments = {
            {
                shopItem = {
                    currency = "iron",
                    itemType = "wool_white",
                    amount = 16,
                    price = 8,
                    disabledInQueue = {
                        "mine_wars"
                    },
                    category = "Blocks"
                },
                shopId = "global_item_shop"
            },
            n = 1
        }
    },
    EventType = "Incoming",
    RemoteInstanceInfo = {
        Path = "game:GetService(\"ReplicatedStorage\").rbxts_include.node_modules[\"@rbxts\"].net.out._NetManaged.BedwarsPurchaseItem",
        Name = "BedwarsPurchaseItem",
        ClassName = "RemoteFunction"
    }
}
	-------------------- Generated Code --------------------
	local Event = game:GetService("ReplicatedStorage").rbxts_include.node_modules["@rbxts"].net.out._NetManaged.BedwarsPurchaseItem
local Result = table.pack(Event:InvokeServer(
    {
        shopItem = {
            currency = "iron",
            itemType = "wool_white",
            amount = 16,
            price = 8,
            disabledInQueue = {
                "mine_wars"
            },
            category = "Blocks"
        },
        shopId = "global_item_shop"
    }
))

local ExpectedResult = table.unpack({
    false
})

2026-09-08T13:46:380.523Z,86.508208,Incoming:ZAP_RELIABLE,INFO Instance: ZAP_RELIABLE (RemoteEvent)
	Path: game:GetService("ReplicatedStorage").ZAP.ZAP_RELIABLE
	Status: Allowed
	Call Order In Log: 14
	-------------------- Event Data --------------------
	{
    CallOrderInLog = 14,
    DataFromHook = {
        Function = function(arg1, arg2)
            --[[Name: Anonymous Function | Line: 197
            Upvalues: 6
            Function Hash: 91b8c3d85fe07757995cc1d21850413b5e07b3faa6388c61cc529bd0929d6896cb870edf5b6e0640dc1d3c3b915b0675
            LuaEncode: Unable to serialize function]]
            return
        end,
        Arguments = {
            (function(bytes) --[[Type: buffer]]
                local b = buffer.create(#bytes)
                for i = 1, #bytes do
                    buffer.writeu8(b, i - 1, bytes[i])
                end
                return b
            end)({ 7, 0, 0, 0, 0, 0, 0, 24, 64, 1, 5, 0, 114, 101, 103, 101, 110, 1, 1 }),
            {
                game:GetService("Players").LocalPlayer.Character
            },
            n = 2
        },
        Origin = game:GetService("Players").LocalPlayer.PlayerScripts.TS.lib.network,
        IsExecutor = false,
        CreationTime = 1788882398.4861
    },
    EventType = "Incoming",
    RemoteInstanceInfo = {
        Path = "game:GetService(\"ReplicatedStorage\").ZAP.ZAP_RELIABLE",
        Name = "ZAP_RELIABLE",
        ClassName = "RemoteEvent"
    }
}
	-------------------- Generated Code --------------------
	local Event = game:GetService("ReplicatedStorage").ZAP.ZAP_RELIABLE
firesignal(Event.OnClientEvent, 
    (function(bytes) --[[Type: buffer]]
        local b = buffer.create(#bytes)
        for i = 1, #bytes do
            buffer.writeu8(b, i - 1, bytes[i])
        end
        return b
    end)({ 7, 0, 0, 0, 0, 0, 0, 24, 64, 1, 5, 0, 114, 101, 103, 101, 110, 1, 1 }),
    {
        game:GetService("Players").LocalPlayer.Character
    }
)
2026-09-08T13:46:390.469Z,87.454156,Outgoing:Inventory/SetObservedChest,INFO Instance: Inventory/SetObservedChest (RemoteEvent)
	Path: game:GetService("ReplicatedStorage").rbxts_include.node_modules["@rbxts"].net.out._NetManaged["Inventory/SetObservedChest"]
	Status: Allowed
	Call Order In Log: 1
	-------------------- Event Data --------------------
	{
    CallOrderInLog = 1,
    DataFromHook = {
        Function = function(arg1)
            --[[Name: Anonymous Function | Line: 139
            Upvalues: 3
            Function Hash: e854071e908337d3afaf88de09a488b6ac24b35f8cedda70096bd90d839f2cb692e9dc07bc86501a4e30ed7e4c7f3279
            LuaEncode: Unable to serialize function]]
            return
        end,
        Arguments = {
            n = 0
        },
        Source = "Players.Fluxroos47.PlayerScripts.TS.controllers.global.shop.bedwars-shop-controller",
        Origin = game:GetService("Players").LocalPlayer.PlayerScripts.TS.ui.store,
        IsExecutor = false,
        CreationTime = 1788882399.4478,
        Line = 144
    },
    EventType = "Outgoing",
    RemoteInstanceInfo = {
        Path = "game:GetService(\"ReplicatedStorage\").rbxts_include.node_modules[\"@rbxts\"].net.out._NetManaged[\"Inventory/SetObservedChest\"]",
        Name = "Inventory/SetObservedChest",
        ClassName = "RemoteEvent"
    }
}
	-------------------- Generated Code --------------------
	local Event = game:GetService("ReplicatedStorage").rbxts_include.node_modules["@rbxts"].net.out._NetManaged["Inventory/SetObservedChest"]
Event:FireServer()
2026-09-08T13:46:390.542Z,87.527735,Incoming:ZAP_RELIABLE,INFO Instance: ZAP_RELIABLE (RemoteEvent)
	Path: game:GetService("ReplicatedStorage").ZAP.ZAP_RELIABLE
	Status: Allowed
	Call Order In Log: 15
	-------------------- Event Data --------------------
	{
    CallOrderInLog = 15,
    DataFromHook = {
        Function = function(arg1, arg2)
            --[[Name: Anonymous Function | Line: 197
            Upvalues: 6
            Function Hash: 91b8c3d85fe07757995cc1d21850413b5e07b3faa6388c61cc529bd0929d6896cb870edf5b6e0640dc1d3c3b915b0675
            LuaEncode: Unable to serialize function]]
            return
        end,
        Arguments = {
            (function(bytes) --[[Type: buffer]]
                local b = buffer.create(#bytes)
                for i = 1, #bytes do
                    buffer.writeu8(b, i - 1, bytes[i])
                end
                return b
            end)({ 7, 0, 0, 0, 0, 0, 0, 24, 64, 1, 5, 0, 114, 101, 103, 101, 110, 1, 1 }),
            {
                game:GetService("Players").LocalPlayer.Character
            },
            n = 2
        },
        Origin = game:GetService("Players").LocalPlayer.PlayerScripts.TS.lib.network,
        IsExecutor = false,
        CreationTime = 1788882399.5208
    },
    EventType = "Incoming",
    RemoteInstanceInfo = {
        Path = "game:GetService(\"ReplicatedStorage\").ZAP.ZAP_RELIABLE",
        Name = "ZAP_RELIABLE",
        ClassName = "RemoteEvent"
    }
}
	-------------------- Generated Code --------------------
	local Event = game:GetService("ReplicatedStorage").ZAP.ZAP_RELIABLE
firesignal(Event.OnClientEvent, 
    (function(bytes) --[[Type: buffer]]
        local b = buffer.create(#bytes)
        for i = 1, #bytes do
            buffer.writeu8(b, i - 1, bytes[i])
        end
        return b
    end)({ 7, 0, 0, 0, 0, 0, 0, 24, 64, 1, 5, 0, 114, 101, 103, 101, 110, 1, 1 }),
    {
        game:GetService("Players").LocalPlayer.Character
    }
)
2026-09-08T13:46:400.051Z,88.036757,Outgoing:SwordSwingMiss,INFO Instance: SwordSwingMiss (RemoteEvent)
	Path: game:GetService("ReplicatedStorage").rbxts_include.node_modules["@rbxts"].net.out._NetManaged.SwordSwingMiss
	Status: Allowed
	Call Order In Log: 13
	-------------------- Event Data --------------------
	{
    CallOrderInLog = 13,
    DataFromHook = {
        Function = function(arg1, arg2, arg3, arg4, arg5)
            --[[Name: attackEntity | Line: 222
            Upvalues: 9
            Function Hash: 6a6dd1a2fb43c8b51e50e0cf76a4db0000cfa3eb653b875766b0d6d37be838cbac2cc2c11555b5548b82e1e9701fec60
            LuaEncode: Unable to serialize function]]
            return
        end,
        Arguments = {
            {
                weapon = game:GetService("ReplicatedStorage").Inventories[game:GetService("Players").LocalPlayer.Name].wood_sword,
                chargeRatio = 0
            },
            n = 1
        },
        Source = "Players.Fluxroos47.PlayerScripts.TS.controllers.global.combat.sword.sword-controller",
        Origin = game:GetService("Players").LocalPlayer.PlayerScripts.TS.ui.store,
        IsExecutor = false,
        CreationTime = 1788882400.0336,
        Line = 375
    },
    EventType = "Outgoing",
    RemoteInstanceInfo = {
        Path = "game:GetService(\"ReplicatedStorage\").rbxts_include.node_modules[\"@rbxts\"].net.out._NetManaged.SwordSwingMiss",
        Name = "SwordSwingMiss",
        ClassName = "RemoteEvent"
    }
}
	-------------------- Generated Code --------------------
	local Event = game:GetService("ReplicatedStorage").rbxts_include.node_modules["@rbxts"].net.out._NetManaged.SwordSwingMiss
Event:FireServer(
    {
        weapon = game:GetService("ReplicatedStorage").Inventories[game:GetService("Players").LocalPlayer.Name].wood_sword,
        chargeRatio = 0
    }
)
2026-09-08T13:46:400.546Z,88.531500,Incoming:ZAP_RELIABLE,INFO Instance: ZAP_RELIABLE (RemoteEvent)
	Path: game:GetService("ReplicatedStorage").ZAP.ZAP_RELIABLE
	Status: Allowed
	Call Order In Log: 16
	-------------------- Event Data --------------------
	{
    CallOrderInLog = 16,
    DataFromHook = {
        Function = function(arg1, arg2)
            --[[Name: Anonymous Function | Line: 197
            Upvalues: 6
            Function Hash: 91b8c3d85fe07757995cc1d21850413b5e07b3faa6388c61cc529bd0929d6896cb870edf5b6e0640dc1d3c3b915b0675
            LuaEncode: Unable to serialize function]]
            return
        end,
        Arguments = {
            (function(bytes) --[[Type: buffer]]
                local b = buffer.create(#bytes)
                for i = 1, #bytes do
                    buffer.writeu8(b, i - 1, bytes[i])
                end
                return b
            end)({ 7, 0, 0, 0, 0, 0, 0, 24, 64, 1, 5, 0, 114, 101, 103, 101, 110, 1, 1 }),
            {
                game:GetService("Players").LocalPlayer.Character
            },
            n = 2
        },
        Origin = game:GetService("Players").LocalPlayer.PlayerScripts.TS.lib.network,
        IsExecutor = false,
        CreationTime = 1788882400.5287
    },
    EventType = "Incoming",
    RemoteInstanceInfo = {
        Path = "game:GetService(\"ReplicatedStorage\").ZAP.ZAP_RELIABLE",
        Name = "ZAP_RELIABLE",
        ClassName = "RemoteEvent"
    }
}
	-------------------- Generated Code --------------------
	local Event = game:GetService("ReplicatedStorage").ZAP.ZAP_RELIABLE
firesignal(Event.OnClientEvent, 
    (function(bytes) --[[Type: buffer]]
        local b = buffer.create(#bytes)
        for i = 1, #bytes do
            buffer.writeu8(b, i - 1, bytes[i])
        end
        return b
    end)({ 7, 0, 0, 0, 0, 0, 0, 24, 64, 1, 5, 0, 114, 101, 103, 101, 110, 1, 1 }),
    {
        game:GetService("Players").LocalPlayer.Character
    }
)
2026-09-08T13:46:410.586Z,89.571154,Incoming:ZAP_RELIABLE,INFO Instance: ZAP_RELIABLE (RemoteEvent)
	Path: game:GetService("ReplicatedStorage").ZAP.ZAP_RELIABLE
	Status: Allowed
	Call Order In Log: 17
	-------------------- Event Data --------------------
	{
    CallOrderInLog = 17,
    DataFromHook = {
        Function = function(arg1, arg2)
            --[[Name: Anonymous Function | Line: 197
            Upvalues: 6
            Function Hash: 91b8c3d85fe07757995cc1d21850413b5e07b3faa6388c61cc529bd0929d6896cb870edf5b6e0640dc1d3c3b915b0675
            LuaEncode: Unable to serialize function]]
            return
        end,
        Arguments = {
            (function(bytes) --[[Type: buffer]]
                local b = buffer.create(#bytes)
                for i = 1, #bytes do
                    buffer.writeu8(b, i - 1, bytes[i])
                end
                return b
            end)({ 7, 0, 0, 0, 0, 0, 0, 24, 64, 1, 5, 0, 114, 101, 103, 101, 110, 1, 1 }),
            {
                game:GetService("Players").LocalPlayer.Character
            },
            n = 2
        },
        Origin = game:GetService("Players").LocalPlayer.PlayerScripts.TS.lib.network,
        IsExecutor = false,
        CreationTime = 1788882401.5539
    },
    EventType = "Incoming",
    RemoteInstanceInfo = {
        Path = "game:GetService(\"ReplicatedStorage\").ZAP.ZAP_RELIABLE",
        Name = "ZAP_RELIABLE",
        ClassName = "RemoteEvent"
    }
}
	-------------------- Generated Code --------------------
	local Event = game:GetService("ReplicatedStorage").ZAP.ZAP_RELIABLE
firesignal(Event.OnClientEvent, 
    (function(bytes) --[[Type: buffer]]
        local b = buffer.create(#bytes)
        for i = 1, #bytes do
            buffer.writeu8(b, i - 1, bytes[i])
        end
        return b
    end)({ 7, 0, 0, 0, 0, 0, 0, 24, 64, 1, 5, 0, 114, 101, 103, 101, 110, 1, 1 }),
    {
        game:GetService("Players").LocalPlayer.Character
    }
)
2026-09-08T13:46:420.626Z,90.611956,Incoming:ZAP_RELIABLE,INFO Instance: ZAP_RELIABLE (RemoteEvent)
	Path: game:GetService("ReplicatedStorage").ZAP.ZAP_RELIABLE
	Status: Allowed
	Call Order In Log: 18
	-------------------- Event Data --------------------
	{
    CallOrderInLog = 18,
    DataFromHook = {
        Function = function(arg1, arg2)
            --[[Name: Anonymous Function | Line: 197
            Upvalues: 6
            Function Hash: 91b8c3d85fe07757995cc1d21850413b5e07b3faa6388c61cc529bd0929d6896cb870edf5b6e0640dc1d3c3b915b0675
            LuaEncode: Unable to serialize function]]
            return
        end,
        Arguments = {
            (function(bytes) --[[Type: buffer]]
                local b = buffer.create(#bytes)
                for i = 1, #bytes do
                    buffer.writeu8(b, i - 1, bytes[i])
                end
                return b
            end)({ 7, 0, 0, 0, 0, 0, 0, 24, 64, 1, 5, 0, 114, 101, 103, 101, 110, 1, 1 }),
            {
                game:GetService("Players").LocalPlayer.Character
            },
            n = 2
        },
        Origin = game:GetService("Players").LocalPlayer.PlayerScripts.TS.lib.network,
        IsExecutor = false,
        CreationTime = 1788882402.6009
    },
    EventType = "Incoming",
    RemoteInstanceInfo = {
        Path = "game:GetService(\"ReplicatedStorage\").ZAP.ZAP_RELIABLE",
        Name = "ZAP_RELIABLE",
        ClassName = "RemoteEvent"
    }
}
	-------------------- Generated Code --------------------
	local Event = game:GetService("ReplicatedStorage").ZAP.ZAP_RELIABLE
firesignal(Event.OnClientEvent, 
    (function(bytes) --[[Type: buffer]]
        local b = buffer.create(#bytes)
        for i = 1, #bytes do
            buffer.writeu8(b, i - 1, bytes[i])
        end
        return b
    end)({ 7, 0, 0, 0, 0, 0, 0, 24, 64, 1, 5, 0, 114, 101, 103, 101, 110, 1, 1 }),
    {
        game:GetService("Players").LocalPlayer.Character
    }
)
2026-09-08T13:46:430.629Z,91.614615,Incoming:ZAP_RELIABLE,INFO Instance: ZAP_RELIABLE (RemoteEvent)
	Path: game:GetService("ReplicatedStorage").ZAP.ZAP_RELIABLE
	Status: Allowed
	Call Order In Log: 19
	-------------------- Event Data --------------------
	{
    CallOrderInLog = 19,
    DataFromHook = {
        Function = function(arg1, arg2)
            --[[Name: Anonymous Function | Line: 197
            Upvalues: 6
            Function Hash: 91b8c3d85fe07757995cc1d21850413b5e07b3faa6388c61cc529bd0929d6896cb870edf5b6e0640dc1d3c3b915b0675
            LuaEncode: Unable to serialize function]]
            return
        end,
        Arguments = {
            (function(bytes) --[[Type: buffer]]
                local b = buffer.create(#bytes)
                for i = 1, #bytes do
                    buffer.writeu8(b, i - 1, bytes[i])
                end
                return b
            end)({ 7, 0, 0, 0, 0, 0, 0, 24, 64, 1, 5, 0, 114, 101, 103, 101, 110, 1, 1 }),
            {
                game:GetService("Players").LocalPlayer.Character
            },
            n = 2
        },
        Origin = game:GetService("Players").LocalPlayer.PlayerScripts.TS.lib.network,
        IsExecutor = false,
        CreationTime = 1788882403.6052
    },
    EventType = "Incoming",
    RemoteInstanceInfo = {
        Path = "game:GetService(\"ReplicatedStorage\").ZAP.ZAP_RELIABLE",
        Name = "ZAP_RELIABLE",
        ClassName = "RemoteEvent"
    }
}
	-------------------- Generated Code --------------------
	local Event = game:GetService("ReplicatedStorage").ZAP.ZAP_RELIABLE
firesignal(Event.OnClientEvent, 
    (function(bytes) --[[Type: buffer]]
        local b = buffer.create(#bytes)
        for i = 1, #bytes do
            buffer.writeu8(b, i - 1, bytes[i])
        end
        return b
    end)({ 7, 0, 0, 0, 0, 0, 0, 24, 64, 1, 5, 0, 114, 101, 103, 101, 110, 1, 1 }),
    {
        game:GetService("Players").LocalPlayer.Character
    }
)
2026-09-08T13:46:440.644Z,92.629870,Incoming:ZAP_RELIABLE,INFO Instance: ZAP_RELIABLE (RemoteEvent)
	Path: game:GetService("ReplicatedStorage").ZAP.ZAP_RELIABLE
	Status: Allowed
	Call Order In Log: 20
	-------------------- Event Data --------------------
	{
    CallOrderInLog = 20,
    DataFromHook = {
        Function = function(arg1, arg2)
            --[[Name: Anonymous Function | Line: 197
            Upvalues: 6
            Function Hash: 91b8c3d85fe07757995cc1d21850413b5e07b3faa6388c61cc529bd0929d6896cb870edf5b6e0640dc1d3c3b915b0675
            LuaEncode: Unable to serialize function]]
            return
        end,
        Arguments = {
            (function(bytes) --[[Type: buffer]]
                local b = buffer.create(#bytes)
                for i = 1, #bytes do
                    buffer.writeu8(b, i - 1, bytes[i])
                end
                return b
            end)({ 7, 0, 0, 0, 0, 0, 0, 16, 64, 1, 5, 0, 114, 101, 103, 101, 110, 1, 1 }),
            {
                game:GetService("Players").LocalPlayer.Character
            },
            n = 2
        },
        Origin = game:GetService("Players").LocalPlayer.PlayerScripts.TS.lib.network,
        IsExecutor = false,
        CreationTime = 1788882404.6301
    },
    EventType = "Incoming",
    RemoteInstanceInfo = {
        Path = "game:GetService(\"ReplicatedStorage\").ZAP.ZAP_RELIABLE",
        Name = "ZAP_RELIABLE",
        ClassName = "RemoteEvent"
    }
}
	-------------------- Generated Code --------------------
	local Event = game:GetService("ReplicatedStorage").ZAP.ZAP_RELIABLE
firesignal(Event.OnClientEvent, 
    (function(bytes) --[[Type: buffer]]
        local b = buffer.create(#bytes)
        for i = 1, #bytes do
            buffer.writeu8(b, i - 1, bytes[i])
        end
        return b
    end)({ 7, 0, 0, 0, 0, 0, 0, 16, 64, 1, 5, 0, 114, 101, 103, 101, 110, 1, 1 }),
    {
        game:GetService("Players").LocalPlayer.Character
    }
)
2026-09-08T13:47:040.452Z,112.437136,Outgoing:ExecuteAccessibleChatCommand,INFO Instance: ExecuteAccessibleChatCommand (RemoteFunction)
	Path: game:GetService("ReplicatedStorage").rbxts_include.node_modules["@rbxts"].net.out._NetManaged.ExecuteAccessibleChatCommand
	Status: Allowed
	Call Order In Log: 4
	-------------------- Event Data --------------------
	{
    CallOrderInLog = 4,
    DataFromHook = {
        Function = function(arg1, arg2, ...)
            --[[Name: runExecutor | Line: 171
            Upvalues: 2
            Function Hash: d6448705789b5ead4caa89766364b91b43b9852aab4ad2967e601129128c82e752b56a7b1b3a3ef4b3a3390dab110a05
            LuaEncode: Unable to serialize function]]
            return
        end,
        Arguments = {
            {
                alias = "give",
                rawArguments = "@s iron 9999"
            },
            n = 1
        },
        Source = "ReplicatedStorage.rbxts_include.Promise",
        Origin = game:GetService("Players").LocalPlayer.PlayerScripts.TS.main,
        IsExecutor = false,
        CreationTime = 1788882424.4135,
        Line = 172
    },
    EventType = "Outgoing",
    RemoteInstanceInfo = {
        Path = "game:GetService(\"ReplicatedStorage\").rbxts_include.node_modules[\"@rbxts\"].net.out._NetManaged.ExecuteAccessibleChatCommand",
        Name = "ExecuteAccessibleChatCommand",
        ClassName = "RemoteFunction"
    }
}
	-------------------- Generated Code --------------------
	local Event = game:GetService("ReplicatedStorage").rbxts_include.node_modules["@rbxts"].net.out._NetManaged.ExecuteAccessibleChatCommand
Event:InvokeServer(
    {
        alias = "give",
        rawArguments = "@s iron 9999"
    }
)
2026-09-08T13:47:040.587Z,112.572801,Incoming:CustomMatches/HostPanelUpdate,INFO Instance: CustomMatches/HostPanelUpdate (RemoteEvent)
	Path: game:GetService("ReplicatedStorage").rbxts_include.node_modules["@rbxts"].net.out._NetManaged["CustomMatches/HostPanelUpdate"]
	Status: Allowed
	Call Order In Log: 4
	-------------------- Event Data --------------------
	{
    CallOrderInLog = 4,
    DataFromHook = {
        Function = function(...)
            --[[Name: Anonymous Function | Line: 50
            Upvalues: 2
            Function Hash: 99e7dd9f601f270d9695642a55ba68480a5305830bd7abee29147812647800092c62703653220d16fe23797b7ef987ca
            LuaEncode: Unable to serialize function]]
            return
        end,
        Arguments = {
            {
                auditLog = {
                    updateType = "push",
                    log = {
                        {
                            message = "<b>/give @s iron 9999</b>",
                            time = 1788875223,
                            property = "give",
                            tag = "command",
                            executor = {
                                name = "Fluxroos47",
                                userId = 10405162944,
                                displayName = "Fluxroos47"
                            }
                        }
                    }
                }
            },
            n = 1
        },
        Origin = game:GetService("Players").LocalPlayer.PlayerScripts.TS.main,
        IsExecutor = false,
        CreationTime = 1788882424.5485
    },
    EventType = "Incoming",
    RemoteInstanceInfo = {
        Path = "game:GetService(\"ReplicatedStorage\").rbxts_include.node_modules[\"@rbxts\"].net.out._NetManaged[\"CustomMatches/HostPanelUpdate\"]",
        Name = "CustomMatches/HostPanelUpdate",
        ClassName = "RemoteEvent"
    }
}
	-------------------- Generated Code --------------------
	local Event = game:GetService("ReplicatedStorage").rbxts_include.node_modules["@rbxts"].net.out._NetManaged["CustomMatches/HostPanelUpdate"]
firesignal(Event.OnClientEvent, 
    {
        auditLog = {
            updateType = "push",
            log = {
                {
                    message = "<b>/give @s iron 9999</b>",
                    time = 1788875223,
                    property = "give",
                    tag = "command",
                    executor = {
                        name = "Fluxroos47",
                        userId = 10405162944,
                        displayName = "Fluxroos47"
                    }
                }
            }
        }
    }
)
2026-09-08T13:47:040.611Z,112.596854,Incoming:sendInfoNotification,INFO Instance: sendInfoNotification (RemoteEvent)
	Path: game:GetService("ReplicatedStorage")["events-@easy-games/game-core:shared/game-core-networking@getEvents.Events"].sendInfoNotification
	Status: Allowed
	Call Order In Log: 3
	-------------------- Event Data --------------------
	{
    CallOrderInLog = 3,
    DataFromHook = {
        Function = function(...)
            --[[Name: Anonymous Function | Line: 31
            Upvalues: 7
            Function Hash: 634d489ee0b95e6c990d6441932f87d2e928ec3e254895a1df21f1b25e752eb4aad6cc95daf6963cad4aa0bf21fb9656
            LuaEncode: Unable to serialize function]]
            return
        end,
        Arguments = {
            {
                message = "You gave <b><font color=\"rgb(85,255,255)\">9999 Iron</font></b> to <b>1 player(s)</b>"
            },
            n = 1
        },
        Origin = game:GetService("Players").LocalPlayer.PlayerScripts.TS.main,
        IsExecutor = false,
        CreationTime = 1788882424.5491
    },
    EventType = "Incoming",
    RemoteInstanceInfo = {
        Path = "game:GetService(\"ReplicatedStorage\")[\"events-@easy-games/game-core:shared/game-core-networking@getEvents.Events\"].sendInfoNotification",
        Name = "sendInfoNotification",
        ClassName = "RemoteEvent"
    }
}
	-------------------- Generated Code --------------------
	local Event = game:GetService("ReplicatedStorage")["events-@easy-games/game-core:shared/game-core-networking@getEvents.Events"].sendInfoNotification
firesignal(Event.OnClientEvent, 
    {
        message = "You gave <b><font color=\"rgb(85,255,255)\">9999 Iron</font></b> to <b>1 player(s)</b>"
    }
)
2026-09-08T13:47:040.641Z,112.626596,Incoming:ExecuteAccessibleChatCommand,INFO Instance: ExecuteAccessibleChatCommand (RemoteFunction)
	Path: game:GetService("ReplicatedStorage").rbxts_include.node_modules["@rbxts"].net.out._NetManaged.ExecuteAccessibleChatCommand
	Status: Allowed
	Call Order In Log: 4
	-------------------- Event Data --------------------
	{
    CallOrderInLog = 4,
    DataFromHook = {
        Source = "ReplicatedStorage.rbxts_include.Promise",
        Origin = game:GetService("Players").LocalPlayer.PlayerScripts.TS.main,
        InvokeKind = "Request",
        Function = function(arg1, arg2, ...)
            --[[Name: runExecutor | Line: 171
            Upvalues: 2
            Function Hash: d6448705789b5ead4caa89766364b91b43b9852aab4ad2967e601129128c82e752b56a7b1b3a3ef4b3a3390dab110a05
            LuaEncode: Unable to serialize function]]
            return
        end,
        Line = 172,
        IsExecutor = false,
        CreationTime = 1788882424.5514,
        InvokeResult = {
            {
                success = true
            },
            n = 1
        },
        Arguments = {
            {
                alias = "give",
                rawArguments = "@s iron 9999"
            },
            n = 1
        }
    },
    EventType = "Incoming",
    RemoteInstanceInfo = {
        Path = "game:GetService(\"ReplicatedStorage\").rbxts_include.node_modules[\"@rbxts\"].net.out._NetManaged.ExecuteAccessibleChatCommand",
        Name = "ExecuteAccessibleChatCommand",
        ClassName = "RemoteFunction"
    }
}
	-------------------- Generated Code --------------------
	local Event = game:GetService("ReplicatedStorage").rbxts_include.node_modules["@rbxts"].net.out._NetManaged.ExecuteAccessibleChatCommand
local Result = table.pack(Event:InvokeServer(
    {
        alias = "give",
        rawArguments = "@s iron 9999"
    }
))

local ExpectedResult = table.unpack({
    {
        success = true
    }
})

2026-09-08T13:47:070.411Z,115.396049,Outgoing:BedwarsPurchaseItem,INFO Instance: BedwarsPurchaseItem (RemoteFunction)
	Path: game:GetService("ReplicatedStorage").rbxts_include.node_modules["@rbxts"].net.out._NetManaged.BedwarsPurchaseItem
	Status: Allowed
	Call Order In Log: 2
	-------------------- Event Data --------------------
	{
    CallOrderInLog = 2,
    DataFromHook = {
        Function = function(arg1, arg2, ...)
            --[[Name: runExecutor | Line: 171
            Upvalues: 2
            Function Hash: d6448705789b5ead4caa89766364b91b43b9852aab4ad2967e601129128c82e752b56a7b1b3a3ef4b3a3390dab110a05
            LuaEncode: Unable to serialize function]]
            return
        end,
        Arguments = {
            {
                shopItem = {
                    currency = "iron",
                    itemType = "wool_white",
                    amount = 16,
                    price = 8,
                    disabledInQueue = {
                        "mine_wars"
                    },
                    category = "Blocks"
                },
                shopId = "global_item_shop"
            },
            n = 1
        },
        Source = "ReplicatedStorage.rbxts_include.Promise",
        Origin = game:GetService("Players").LocalPlayer.PlayerScripts.TS.main,
        IsExecutor = false,
        CreationTime = 1788882427.3819,
        Line = 172
    },
    EventType = "Outgoing",
    RemoteInstanceInfo = {
        Path = "game:GetService(\"ReplicatedStorage\").rbxts_include.node_modules[\"@rbxts\"].net.out._NetManaged.BedwarsPurchaseItem",
        Name = "BedwarsPurchaseItem",
        ClassName = "RemoteFunction"
    }
}
	-------------------- Generated Code --------------------
	local Event = game:GetService("ReplicatedStorage").rbxts_include.node_modules["@rbxts"].net.out._NetManaged.BedwarsPurchaseItem
Event:InvokeServer(
    {
        shopItem = {
            currency = "iron",
            itemType = "wool_white",
            amount = 16,
            price = 8,
            disabledInQueue = {
                "mine_wars"
            },
            category = "Blocks"
        },
        shopId = "global_item_shop"
    }
)
2026-09-08T13:47:070.719Z,115.704673,Incoming:BedwarsPurchaseItem,INFO Instance: BedwarsPurchaseItem (RemoteFunction)
	Path: game:GetService("ReplicatedStorage").rbxts_include.node_modules["@rbxts"].net.out._NetManaged.BedwarsPurchaseItem
	Status: Allowed
	Call Order In Log: 2
	-------------------- Event Data --------------------
	{
    CallOrderInLog = 2,
    DataFromHook = {
        Source = "ReplicatedStorage.rbxts_include.Promise",
        Origin = game:GetService("Players").LocalPlayer.PlayerScripts.TS.main,
        InvokeKind = "Request",
        Function = function(arg1, arg2, ...)
            --[[Name: runExecutor | Line: 171
            Upvalues: 2
            Function Hash: d6448705789b5ead4caa89766364b91b43b9852aab4ad2967e601129128c82e752b56a7b1b3a3ef4b3a3390dab110a05
            LuaEncode: Unable to serialize function]]
            return
        end,
        Line = 172,
        IsExecutor = false,
        CreationTime = 1788882427.6299,
        InvokeResult = {
            true,
            n = 1
        },
        Arguments = {
            {
                shopItem = {
                    currency = "iron",
                    itemType = "wool_white",
                    amount = 16,
                    price = 8,
                    disabledInQueue = {
                        "mine_wars"
                    },
                    category = "Blocks"
                },
                shopId = "global_item_shop"
            },
            n = 1
        }
    },
    EventType = "Incoming",
    RemoteInstanceInfo = {
        Path = "game:GetService(\"ReplicatedStorage\").rbxts_include.node_modules[\"@rbxts\"].net.out._NetManaged.BedwarsPurchaseItem",
        Name = "BedwarsPurchaseItem",
        ClassName = "RemoteFunction"
    }
}
	-------------------- Generated Code --------------------
	local Event = game:GetService("ReplicatedStorage").rbxts_include.node_modules["@rbxts"].net.out._NetManaged.BedwarsPurchaseItem
local Result = table.pack(Event:InvokeServer(
    {
        shopItem = {
            currency = "iron",
            itemType = "wool_white",
            amount = 16,
            price = 8,
            disabledInQueue = {
                "mine_wars"
            },
            category = "Blocks"
        },
        shopId = "global_item_shop"
    }
))

local ExpectedResult = table.unpack({
    true
})

2026-09-08T13:47:070.760Z,115.745453,Outgoing:BedwarsPurchaseItem,INFO Instance: BedwarsPurchaseItem (RemoteFunction)
	Path: game:GetService("ReplicatedStorage").rbxts_include.node_modules["@rbxts"].net.out._NetManaged.BedwarsPurchaseItem
	Status: Allowed
	Call Order In Log: 3
	-------------------- Event Data --------------------
	{
    CallOrderInLog = 3,
    DataFromHook = {
        Function = function(arg1, arg2, ...)
            --[[Name: runExecutor | Line: 171
            Upvalues: 2
            Function Hash: d6448705789b5ead4caa89766364b91b43b9852aab4ad2967e601129128c82e752b56a7b1b3a3ef4b3a3390dab110a05
            LuaEncode: Unable to serialize function]]
            return
        end,
        Arguments = {
            {
                shopItem = {
                    currency = "iron",
                    itemType = "wool_white",
                    amount = 16,
                    price = 8,
                    disabledInQueue = {
                        "mine_wars"
                    },
                    category = "Blocks"
                },
                shopId = "global_item_shop"
            },
            n = 1
        },
        Source = "ReplicatedStorage.rbxts_include.Promise",
        Origin = game:GetService("Players").LocalPlayer.PlayerScripts.TS.main,
        IsExecutor = false,
        CreationTime = 1788882427.7315,
        Line = 172
    },
    EventType = "Outgoing",
    RemoteInstanceInfo = {
        Path = "game:GetService(\"ReplicatedStorage\").rbxts_include.node_modules[\"@rbxts\"].net.out._NetManaged.BedwarsPurchaseItem",
        Name = "BedwarsPurchaseItem",
        ClassName = "RemoteFunction"
    }
}
	-------------------- Generated Code --------------------
	local Event = game:GetService("ReplicatedStorage").rbxts_include.node_modules["@rbxts"].net.out._NetManaged.BedwarsPurchaseItem
Event:InvokeServer(
    {
        shopItem = {
            currency = "iron",
            itemType = "wool_white",
            amount = 16,
            price = 8,
            disabledInQueue = {
                "mine_wars"
            },
            category = "Blocks"
        },
        shopId = "global_item_shop"
    }
)
2026-09-08T13:47:070.923Z,115.908038,Incoming:BedwarsPurchaseItem,INFO Instance: BedwarsPurchaseItem (RemoteFunction)
	Path: game:GetService("ReplicatedStorage").rbxts_include.node_modules["@rbxts"].net.out._NetManaged.BedwarsPurchaseItem
	Status: Allowed
	Call Order In Log: 3
	-------------------- Event Data --------------------
	{
    CallOrderInLog = 3,
    DataFromHook = {
        Source = "ReplicatedStorage.rbxts_include.Promise",
        Origin = game:GetService("Players").LocalPlayer.PlayerScripts.TS.main,
        InvokeKind = "Request",
        Function = function(arg1, arg2, ...)
            --[[Name: runExecutor | Line: 171
            Upvalues: 2
            Function Hash: d6448705789b5ead4caa89766364b91b43b9852aab4ad2967e601129128c82e752b56a7b1b3a3ef4b3a3390dab110a05
            LuaEncode: Unable to serialize function]]
            return
        end,
        Line = 172,
        IsExecutor = false,
        CreationTime = 1788882427.816,
        InvokeResult = {
            true,
            n = 1
        },
        Arguments = {
            {
                shopItem = {
                    currency = "iron",
                    itemType = "wool_white",
                    amount = 16,
                    price = 8,
                    disabledInQueue = {
                        "mine_wars"
                    },
                    category = "Blocks"
                },
                shopId = "global_item_shop"
            },
            n = 1
        }
    },
    EventType = "Incoming",
    RemoteInstanceInfo = {
        Path = "game:GetService(\"ReplicatedStorage\").rbxts_include.node_modules[\"@rbxts\"].net.out._NetManaged.BedwarsPurchaseItem",
        Name = "BedwarsPurchaseItem",
        ClassName = "RemoteFunction"
    }
}
	-------------------- Generated Code --------------------
	local Event = game:GetService("ReplicatedStorage").rbxts_include.node_modules["@rbxts"].net.out._NetManaged.BedwarsPurchaseItem
local Result = table.pack(Event:InvokeServer(
    {
        shopItem = {
            currency = "iron",
            itemType = "wool_white",
            amount = 16,
            price = 8,
            disabledInQueue = {
                "mine_wars"
            },
            category = "Blocks"
        },
        shopId = "global_item_shop"
    }
))

local ExpectedResult = table.unpack({
    true
})

2026-09-08T13:47:080.176Z,116.161623,Outgoing:BedwarsPurchaseItem,INFO Instance: BedwarsPurchaseItem (RemoteFunction)
	Path: game:GetService("ReplicatedStorage").rbxts_include.node_modules["@rbxts"].net.out._NetManaged.BedwarsPurchaseItem
	Status: Allowed
	Call Order In Log: 4
	-------------------- Event Data --------------------
	{
    CallOrderInLog = 4,
    DataFromHook = {
        Function = function(arg1, arg2, ...)
            --[[Name: runExecutor | Line: 171
            Upvalues: 2
            Function Hash: d6448705789b5ead4caa89766364b91b43b9852aab4ad2967e601129128c82e752b56a7b1b3a3ef4b3a3390dab110a05
            LuaEncode: Unable to serialize function]]
            return
        end,
        Arguments = {
            {
                shopItem = {
                    currency = "iron",
                    itemType = "wool_white",
                    amount = 16,
                    price = 8,
                    disabledInQueue = {
                        "mine_wars"
                    },
                    category = "Blocks"
                },
                shopId = "global_item_shop"
            },
            n = 1
        },
        Source = "ReplicatedStorage.rbxts_include.Promise",
        Origin = game:GetService("Players").LocalPlayer.PlayerScripts.TS.main,
        IsExecutor = false,
        CreationTime = 1788882428.1487,
        Line = 172
    },
    EventType = "Outgoing",
    RemoteInstanceInfo = {
        Path = "game:GetService(\"ReplicatedStorage\").rbxts_include.node_modules[\"@rbxts\"].net.out._NetManaged.BedwarsPurchaseItem",
        Name = "BedwarsPurchaseItem",
        ClassName = "RemoteFunction"
    }
}
	-------------------- Generated Code --------------------
	local Event = game:GetService("ReplicatedStorage").rbxts_include.node_modules["@rbxts"].net.out._NetManaged.BedwarsPurchaseItem
Event:InvokeServer(
    {
        shopItem = {
            currency = "iron",
            itemType = "wool_white",
            amount = 16,
            price = 8,
            disabledInQueue = {
                "mine_wars"
            },
            category = "Blocks"
        },
        shopId = "global_item_shop"
    }
)
2026-09-08T13:47:080.312Z,116.297167,Incoming:BedwarsPurchaseItem,INFO Instance: BedwarsPurchaseItem (RemoteFunction)
	Path: game:GetService("ReplicatedStorage").rbxts_include.node_modules["@rbxts"].net.out._NetManaged.BedwarsPurchaseItem
	Status: Allowed
	Call Order In Log: 4
	-------------------- Event Data --------------------
	{
    CallOrderInLog = 4,
    DataFromHook = {
        Source = "ReplicatedStorage.rbxts_include.Promise",
        Origin = game:GetService("Players").LocalPlayer.PlayerScripts.TS.main,
        InvokeKind = "Request",
        Function = function(arg1, arg2, ...)
            --[[Name: runExecutor | Line: 171
            Upvalues: 2
            Function Hash: d6448705789b5ead4caa89766364b91b43b9852aab4ad2967e601129128c82e752b56a7b1b3a3ef4b3a3390dab110a05
            LuaEncode: Unable to serialize function]]
            return
        end,
        Line = 172,
        IsExecutor = false,
        CreationTime = 1788882428.2215,
        InvokeResult = {
            true,
            n = 1
        },
        Arguments = {
            {
                shopItem = {
                    currency = "iron",
                    itemType = "wool_white",
                    amount = 16,
                    price = 8,
                    disabledInQueue = {
                        "mine_wars"
                    },
                    category = "Blocks"
                },
                shopId = "global_item_shop"
            },
            n = 1
        }
    },
    EventType = "Incoming",
    RemoteInstanceInfo = {
        Path = "game:GetService(\"ReplicatedStorage\").rbxts_include.node_modules[\"@rbxts\"].net.out._NetManaged.BedwarsPurchaseItem",
        Name = "BedwarsPurchaseItem",
        ClassName = "RemoteFunction"
    }
}
	-------------------- Generated Code --------------------
	local Event = game:GetService("ReplicatedStorage").rbxts_include.node_modules["@rbxts"].net.out._NetManaged.BedwarsPurchaseItem
local Result = table.pack(Event:InvokeServer(
    {
        shopItem = {
            currency = "iron",
            itemType = "wool_white",
            amount = 16,
            price = 8,
            disabledInQueue = {
                "mine_wars"
            },
            category = "Blocks"
        },
        shopId = "global_item_shop"
    }
))

local ExpectedResult = table.unpack({
    true
})

2026-09-08T13:47:080.807Z,116.792535,Outgoing:BedwarsPurchaseItem,INFO Instance: BedwarsPurchaseItem (RemoteFunction)
	Path: game:GetService("ReplicatedStorage").rbxts_include.node_modules["@rbxts"].net.out._NetManaged.BedwarsPurchaseItem
	Status: Allowed
	Call Order In Log: 5
	-------------------- Event Data --------------------
	{
    CallOrderInLog = 5,
    DataFromHook = {
        Function = function(arg1, arg2, ...)
            --[[Name: runExecutor | Line: 171
            Upvalues: 2
            Function Hash: d6448705789b5ead4caa89766364b91b43b9852aab4ad2967e601129128c82e752b56a7b1b3a3ef4b3a3390dab110a05
            LuaEncode: Unable to serialize function]]
            return
        end,
        Arguments = {
            {
                shopItem = {
                    currency = "iron",
                    itemType = "wool_white",
                    amount = 16,
                    price = 8,
                    disabledInQueue = {
                        "mine_wars"
                    },
                    category = "Blocks"
                },
                shopId = "global_item_shop"
            },
            n = 1
        },
        Source = "ReplicatedStorage.rbxts_include.Promise",
        Origin = game:GetService("Players").LocalPlayer.PlayerScripts.TS.main,
        IsExecutor = false,
        CreationTime = 1788882428.7834,
        Line = 172
    },
    EventType = "Outgoing",
    RemoteInstanceInfo = {
        Path = "game:GetService(\"ReplicatedStorage\").rbxts_include.node_modules[\"@rbxts\"].net.out._NetManaged.BedwarsPurchaseItem",
        Name = "BedwarsPurchaseItem",
        ClassName = "RemoteFunction"
    }
}
	-------------------- Generated Code --------------------
	local Event = game:GetService("ReplicatedStorage").rbxts_include.node_modules["@rbxts"].net.out._NetManaged.BedwarsPurchaseItem
Event:InvokeServer(
    {
        shopItem = {
            currency = "iron",
            itemType = "wool_white",
            amount = 16,
            price = 8,
            disabledInQueue = {
                "mine_wars"
            },
            category = "Blocks"
        },
        shopId = "global_item_shop"
    }
)
2026-09-08T13:47:080.965Z,116.950310,Incoming:BedwarsPurchaseItem,INFO Instance: BedwarsPurchaseItem (RemoteFunction)
	Path: game:GetService("ReplicatedStorage").rbxts_include.node_modules["@rbxts"].net.out._NetManaged.BedwarsPurchaseItem
	Status: Allowed
	Call Order In Log: 5
	-------------------- Event Data --------------------
	{
    CallOrderInLog = 5,
    DataFromHook = {
        Source = "ReplicatedStorage.rbxts_include.Promise",
        Origin = game:GetService("Players").LocalPlayer.PlayerScripts.TS.main,
        InvokeKind = "Request",
        Function = function(arg1, arg2, ...)
            --[[Name: runExecutor | Line: 171
            Upvalues: 2
            Function Hash: d6448705789b5ead4caa89766364b91b43b9852aab4ad2967e601129128c82e752b56a7b1b3a3ef4b3a3390dab110a05
            LuaEncode: Unable to serialize function]]
            return
        end,
        Line = 172,
        IsExecutor = false,
        CreationTime = 1788882428.8795,
        InvokeResult = {
            true,
            n = 1
        },
        Arguments = {
            {
                shopItem = {
                    currency = "iron",
                    itemType = "wool_white",
                    amount = 16,
                    price = 8,
                    disabledInQueue = {
                        "mine_wars"
                    },
                    category = "Blocks"
                },
                shopId = "global_item_shop"
            },
            n = 1
        }
    },
    EventType = "Incoming",
    RemoteInstanceInfo = {
        Path = "game:GetService(\"ReplicatedStorage\").rbxts_include.node_modules[\"@rbxts\"].net.out._NetManaged.BedwarsPurchaseItem",
        Name = "BedwarsPurchaseItem",
        ClassName = "RemoteFunction"
    }
}
	-------------------- Generated Code --------------------
	local Event = game:GetService("ReplicatedStorage").rbxts_include.node_modules["@rbxts"].net.out._NetManaged.BedwarsPurchaseItem
local Result = table.pack(Event:InvokeServer(
    {
        shopItem = {
            currency = "iron",
            itemType = "wool_white",
            amount = 16,
            price = 8,
            disabledInQueue = {
                "mine_wars"
            },
            category = "Blocks"
        },
        shopId = "global_item_shop"
    }
))

local ExpectedResult = table.unpack({
    true
})

2026-09-08T13:47:090.039Z,117.024404,Outgoing:BedwarsPurchaseItem,INFO Instance: BedwarsPurchaseItem (RemoteFunction)
	Path: game:GetService("ReplicatedStorage").rbxts_include.node_modules["@rbxts"].net.out._NetManaged.BedwarsPurchaseItem
	Status: Allowed
	Call Order In Log: 6
	-------------------- Event Data --------------------
	{
    CallOrderInLog = 6,
    DataFromHook = {
        Function = function(arg1, arg2, ...)
            --[[Name: runExecutor | Line: 171
            Upvalues: 2
            Function Hash: d6448705789b5ead4caa89766364b91b43b9852aab4ad2967e601129128c82e752b56a7b1b3a3ef4b3a3390dab110a05
            LuaEncode: Unable to serialize function]]
            return
        end,
        Arguments = {
            {
                shopItem = {
                    currency = "iron",
                    itemType = "wool_white",
                    amount = 16,
                    price = 8,
                    disabledInQueue = {
                        "mine_wars"
                    },
                    category = "Blocks"
                },
                shopId = "global_item_shop"
            },
            n = 1
        },
        Source = "ReplicatedStorage.rbxts_include.Promise",
        Origin = game:GetService("Players").LocalPlayer.PlayerScripts.TS.main,
        IsExecutor = false,
        CreationTime = 1788882429.0162,
        Line = 172
    },
    EventType = "Outgoing",
    RemoteInstanceInfo = {
        Path = "game:GetService(\"ReplicatedStorage\").rbxts_include.node_modules[\"@rbxts\"].net.out._NetManaged.BedwarsPurchaseItem",
        Name = "BedwarsPurchaseItem",
        ClassName = "RemoteFunction"
    }
}
	-------------------- Generated Code --------------------
	local Event = game:GetService("ReplicatedStorage").rbxts_include.node_modules["@rbxts"].net.out._NetManaged.BedwarsPurchaseItem
Event:InvokeServer(
    {
        shopItem = {
            currency = "iron",
            itemType = "wool_white",
            amount = 16,
            price = 8,
            disabledInQueue = {
                "mine_wars"
            },
            category = "Blocks"
        },
        shopId = "global_item_shop"
    }
)
2026-09-08T13:47:090.104Z,117.089956,Outgoing:BedwarsPurchaseItem,INFO Instance: BedwarsPurchaseItem (RemoteFunction)
	Path: game:GetService("ReplicatedStorage").rbxts_include.node_modules["@rbxts"].net.out._NetManaged.BedwarsPurchaseItem
	Status: Allowed
	Call Order In Log: 7
	-------------------- Event Data --------------------
	{
    CallOrderInLog = 7,
    DataFromHook = {
        Function = function(arg1, arg2, ...)
            --[[Name: runExecutor | Line: 171
            Upvalues: 2
            Function Hash: d6448705789b5ead4caa89766364b91b43b9852aab4ad2967e601129128c82e752b56a7b1b3a3ef4b3a3390dab110a05
            LuaEncode: Unable to serialize function]]
            return
        end,
        Arguments = {
            {
                shopItem = {
                    currency = "iron",
                    itemType = "wool_white",
                    amount = 16,
                    price = 8,
                    disabledInQueue = {
                        "mine_wars"
                    },
                    category = "Blocks"
                },
                shopId = "global_item_shop"
            },
            n = 1
        },
        Source = "ReplicatedStorage.rbxts_include.Promise",
        Origin = game:GetService("Players").LocalPlayer.PlayerScripts.TS.main,
        IsExecutor = false,
        CreationTime = 1788882429.0699,
        Line = 172
    },
    EventType = "Outgoing",
    RemoteInstanceInfo = {
        Path = "game:GetService(\"ReplicatedStorage\").rbxts_include.node_modules[\"@rbxts\"].net.out._NetManaged.BedwarsPurchaseItem",
        Name = "BedwarsPurchaseItem",
        ClassName = "RemoteFunction"
    }
}
	-------------------- Generated Code --------------------
	local Event = game:GetService("ReplicatedStorage").rbxts_include.node_modules["@rbxts"].net.out._NetManaged.BedwarsPurchaseItem
Event:InvokeServer(
    {
        shopItem = {
            currency = "iron",
            itemType = "wool_white",
            amount = 16,
            price = 8,
            disabledInQueue = {
                "mine_wars"
            },
            category = "Blocks"
        },
        shopId = "global_item_shop"
    }
)
2026-09-08T13:47:090.193Z,117.178289,Incoming:BedwarsPurchaseItem,INFO Instance: BedwarsPurchaseItem (RemoteFunction)
	Path: game:GetService("ReplicatedStorage").rbxts_include.node_modules["@rbxts"].net.out._NetManaged.BedwarsPurchaseItem
	Status: Allowed
	Call Order In Log: 6
	-------------------- Event Data --------------------
	{
    CallOrderInLog = 6,
    DataFromHook = {
        Source = "ReplicatedStorage.rbxts_include.Promise",
        Origin = game:GetService("Players").LocalPlayer.PlayerScripts.TS.main,
        InvokeKind = "Request",
        Function = function(arg1, arg2, ...)
            --[[Name: runExecutor | Line: 171
            Upvalues: 2
            Function Hash: d6448705789b5ead4caa89766364b91b43b9852aab4ad2967e601129128c82e752b56a7b1b3a3ef4b3a3390dab110a05
            LuaEncode: Unable to serialize function]]
            return
        end,
        Line = 172,
        IsExecutor = false,
        CreationTime = 1788882429.0979,
        InvokeResult = {
            true,
            n = 1
        },
        Arguments = {
            {
                shopItem = {
                    currency = "iron",
                    itemType = "wool_white",
                    amount = 16,
                    price = 8,
                    disabledInQueue = {
                        "mine_wars"
                    },
                    category = "Blocks"
                },
                shopId = "global_item_shop"
            },
            n = 1
        }
    },
    EventType = "Incoming",
    RemoteInstanceInfo = {
        Path = "game:GetService(\"ReplicatedStorage\").rbxts_include.node_modules[\"@rbxts\"].net.out._NetManaged.BedwarsPurchaseItem",
        Name = "BedwarsPurchaseItem",
        ClassName = "RemoteFunction"
    }
}
	-------------------- Generated Code --------------------
	local Event = game:GetService("ReplicatedStorage").rbxts_include.node_modules["@rbxts"].net.out._NetManaged.BedwarsPurchaseItem
local Result = table.pack(Event:InvokeServer(
    {
        shopItem = {
            currency = "iron",
            itemType = "wool_white",
            amount = 16,
            price = 8,
            disabledInQueue = {
                "mine_wars"
            },
            category = "Blocks"
        },
        shopId = "global_item_shop"
    }
))

local ExpectedResult = table.unpack({
    true
})

2026-09-08T13:47:090.288Z,117.273279,Incoming:BedwarsPurchaseItem,INFO Instance: BedwarsPurchaseItem (RemoteFunction)
	Path: game:GetService("ReplicatedStorage").rbxts_include.node_modules["@rbxts"].net.out._NetManaged.BedwarsPurchaseItem
	Status: Allowed
	Call Order In Log: 7
	-------------------- Event Data --------------------
	{
    CallOrderInLog = 7,
    DataFromHook = {
        Source = "ReplicatedStorage.rbxts_include.Promise",
        Origin = game:GetService("Players").LocalPlayer.PlayerScripts.TS.main,
        InvokeKind = "Request",
        Function = function(arg1, arg2, ...)
            --[[Name: runExecutor | Line: 171
            Upvalues: 2
            Function Hash: d6448705789b5ead4caa89766364b91b43b9852aab4ad2967e601129128c82e752b56a7b1b3a3ef4b3a3390dab110a05
            LuaEncode: Unable to serialize function]]
            return
        end,
        Line = 172,
        IsExecutor = false,
        CreationTime = 1788882429.2098,
        InvokeResult = {
            true,
            n = 1
        },
        Arguments = {
            {
                shopItem = {
                    currency = "iron",
                    itemType = "wool_white",
                    amount = 16,
                    price = 8,
                    disabledInQueue = {
                        "mine_wars"
                    },
                    category = "Blocks"
                },
                shopId = "global_item_shop"
            },
            n = 1
        }
    },
    EventType = "Incoming",
    RemoteInstanceInfo = {
        Path = "game:GetService(\"ReplicatedStorage\").rbxts_include.node_modules[\"@rbxts\"].net.out._NetManaged.BedwarsPurchaseItem",
        Name = "BedwarsPurchaseItem",
        ClassName = "RemoteFunction"
    }
}
	-------------------- Generated Code --------------------
	local Event = game:GetService("ReplicatedStorage").rbxts_include.node_modules["@rbxts"].net.out._NetManaged.BedwarsPurchaseItem
local Result = table.pack(Event:InvokeServer(
    {
        shopItem = {
            currency = "iron",
            itemType = "wool_white",
            amount = 16,
            price = 8,
            disabledInQueue = {
                "mine_wars"
            },
            category = "Blocks"
        },
        shopId = "global_item_shop"
    }
))

local ExpectedResult = table.unpack({
    true
})

2026-09-08T13:47:090.321Z,117.306210,Outgoing:BedwarsPurchaseItem,INFO Instance: BedwarsPurchaseItem (RemoteFunction)
	Path: game:GetService("ReplicatedStorage").rbxts_include.node_modules["@rbxts"].net.out._NetManaged.BedwarsPurchaseItem
	Status: Allowed
	Call Order In Log: 8
	-------------------- Event Data --------------------
	{
    CallOrderInLog = 8,
    DataFromHook = {
        Function = function(arg1, arg2, ...)
            --[[Name: runExecutor | Line: 171
            Upvalues: 2
            Function Hash: d6448705789b5ead4caa89766364b91b43b9852aab4ad2967e601129128c82e752b56a7b1b3a3ef4b3a3390dab110a05
            LuaEncode: Unable to serialize function]]
            return
        end,
        Arguments = {
            {
                shopItem = {
                    currency = "iron",
                    itemType = "wool_white",
                    amount = 16,
                    price = 8,
                    disabledInQueue = {
                        "mine_wars"
                    },
                    category = "Blocks"
                },
                shopId = "global_item_shop"
            },
            n = 1
        },
        Source = "ReplicatedStorage.rbxts_include.Promise",
        Origin = game:GetService("Players").LocalPlayer.PlayerScripts.TS.main,
        IsExecutor = false,
        CreationTime = 1788882429.3045,
        Line = 172
    },
    EventType = "Outgoing",
    RemoteInstanceInfo = {
        Path = "game:GetService(\"ReplicatedStorage\").rbxts_include.node_modules[\"@rbxts\"].net.out._NetManaged.BedwarsPurchaseItem",
        Name = "BedwarsPurchaseItem",
        ClassName = "RemoteFunction"
    }
}
	-------------------- Generated Code --------------------
	local Event = game:GetService("ReplicatedStorage").rbxts_include.node_modules["@rbxts"].net.out._NetManaged.BedwarsPurchaseItem
Event:InvokeServer(
    {
        shopItem = {
            currency = "iron",
            itemType = "wool_white",
            amount = 16,
            price = 8,
            disabledInQueue = {
                "mine_wars"
            },
            category = "Blocks"
        },
        shopId = "global_item_shop"
    }
)
2026-09-08T13:47:090.491Z,117.476140,Incoming:BedwarsPurchaseItem,INFO Instance: BedwarsPurchaseItem (RemoteFunction)
	Path: game:GetService("ReplicatedStorage").rbxts_include.node_modules["@rbxts"].net.out._NetManaged.BedwarsPurchaseItem
	Status: Allowed
	Call Order In Log: 8
	-------------------- Event Data --------------------
	{
    CallOrderInLog = 8,
    DataFromHook = {
        Source = "ReplicatedStorage.rbxts_include.Promise",
        Origin = game:GetService("Players").LocalPlayer.PlayerScripts.TS.main,
        InvokeKind = "Request",
        Function = function(arg1, arg2, ...)
            --[[Name: runExecutor | Line: 171
            Upvalues: 2
            Function Hash: d6448705789b5ead4caa89766364b91b43b9852aab4ad2967e601129128c82e752b56a7b1b3a3ef4b3a3390dab110a05
            LuaEncode: Unable to serialize function]]
            return
        end,
        Line = 172,
        IsExecutor = false,
        CreationTime = 1788882429.406,
        InvokeResult = {
            true,
            n = 1
        },
        Arguments = {
            {
                shopItem = {
                    currency = "iron",
                    itemType = "wool_white",
                    amount = 16,
                    price = 8,
                    disabledInQueue = {
                        "mine_wars"
                    },
                    category = "Blocks"
                },
                shopId = "global_item_shop"
            },
            n = 1
        }
    },
    EventType = "Incoming",
    RemoteInstanceInfo = {
        Path = "game:GetService(\"ReplicatedStorage\").rbxts_include.node_modules[\"@rbxts\"].net.out._NetManaged.BedwarsPurchaseItem",
        Name = "BedwarsPurchaseItem",
        ClassName = "RemoteFunction"
    }
}
	-------------------- Generated Code --------------------
	local Event = game:GetService("ReplicatedStorage").rbxts_include.node_modules["@rbxts"].net.out._NetManaged.BedwarsPurchaseItem
local Result = table.pack(Event:InvokeServer(
    {
        shopItem = {
            currency = "iron",
            itemType = "wool_white",
            amount = 16,
            price = 8,
            disabledInQueue = {
                "mine_wars"
            },
            category = "Blocks"
        },
        shopId = "global_item_shop"
    }
))

local ExpectedResult = table.unpack({
    true
})

2026-09-08T13:47:090.521Z,117.506300,Outgoing:BedwarsPurchaseItem,INFO Instance: BedwarsPurchaseItem (RemoteFunction)
	Path: game:GetService("ReplicatedStorage").rbxts_include.node_modules["@rbxts"].net.out._NetManaged.BedwarsPurchaseItem
	Status: Allowed
	Call Order In Log: 9
	-------------------- Event Data --------------------
	{
    CallOrderInLog = 9,
    DataFromHook = {
        Function = function(arg1, arg2, ...)
            --[[Name: runExecutor | Line: 171
            Upvalues: 2
            Function Hash: d6448705789b5ead4caa89766364b91b43b9852aab4ad2967e601129128c82e752b56a7b1b3a3ef4b3a3390dab110a05
            LuaEncode: Unable to serialize function]]
            return
        end,
        Arguments = {
            {
                shopItem = {
                    currency = "iron",
                    itemType = "wool_white",
                    amount = 16,
                    price = 8,
                    disabledInQueue = {
                        "mine_wars"
                    },
                    category = "Blocks"
                },
                shopId = "global_item_shop"
            },
            n = 1
        },
        Source = "ReplicatedStorage.rbxts_include.Promise",
        Origin = game:GetService("Players").LocalPlayer.PlayerScripts.TS.main,
        IsExecutor = false,
        CreationTime = 1788882429.4106,
        Line = 172
    },
    EventType = "Outgoing",
    RemoteInstanceInfo = {
        Path = "game:GetService(\"ReplicatedStorage\").rbxts_include.node_modules[\"@rbxts\"].net.out._NetManaged.BedwarsPurchaseItem",
        Name = "BedwarsPurchaseItem",
        ClassName = "RemoteFunction"
    }
}
	-------------------- Generated Code --------------------
	local Event = game:GetService("ReplicatedStorage").rbxts_include.node_modules["@rbxts"].net.out._NetManaged.BedwarsPurchaseItem
Event:InvokeServer(
    {
        shopItem = {
            currency = "iron",
            itemType = "wool_white",
            amount = 16,
            price = 8,
            disabledInQueue = {
                "mine_wars"
            },
            category = "Blocks"
        },
        shopId = "global_item_shop"
    }
)
2026-09-08T13:47:090.635Z,117.620896,Incoming:BedwarsPurchaseItem,INFO Instance: BedwarsPurchaseItem (RemoteFunction)
	Path: game:GetService("ReplicatedStorage").rbxts_include.node_modules["@rbxts"].net.out._NetManaged.BedwarsPurchaseItem
	Status: Allowed
	Call Order In Log: 9
	-------------------- Event Data --------------------
	{
    CallOrderInLog = 9,
    DataFromHook = {
        Source = "ReplicatedStorage.rbxts_include.Promise",
        Origin = game:GetService("Players").LocalPlayer.PlayerScripts.TS.main,
        InvokeKind = "Request",
        Function = function(arg1, arg2, ...)
            --[[Name: runExecutor | Line: 171
            Upvalues: 2
            Function Hash: d6448705789b5ead4caa89766364b91b43b9852aab4ad2967e601129128c82e752b56a7b1b3a3ef4b3a3390dab110a05
            LuaEncode: Unable to serialize function]]
            return
        end,
        Line = 172,
        IsExecutor = false,
        CreationTime = 1788882429.5367,
        InvokeResult = {
            true,
            n = 1
        },
        Arguments = {
            {
                shopItem = {
                    currency = "iron",
                    itemType = "wool_white",
                    amount = 16,
                    price = 8,
                    disabledInQueue = {
                        "mine_wars"
                    },
                    category = "Blocks"
                },
                shopId = "global_item_shop"
            },
            n = 1
        }
    },
    EventType = "Incoming",
    RemoteInstanceInfo = {
        Path = "game:GetService(\"ReplicatedStorage\").rbxts_include.node_modules[\"@rbxts\"].net.out._NetManaged.BedwarsPurchaseItem",
        Name = "BedwarsPurchaseItem",
        ClassName = "RemoteFunction"
    }
}
	-------------------- Generated Code --------------------
	local Event = game:GetService("ReplicatedStorage").rbxts_include.node_modules["@rbxts"].net.out._NetManaged.BedwarsPurchaseItem
local Result = table.pack(Event:InvokeServer(
    {
        shopItem = {
            currency = "iron",
            itemType = "wool_white",
            amount = 16,
            price = 8,
            disabledInQueue = {
                "mine_wars"
            },
            category = "Blocks"
        },
        shopId = "global_item_shop"
    }
))

local ExpectedResult = table.unpack({
    true
})

2026-09-08T13:47:090.701Z,117.686611,Outgoing:BedwarsPurchaseItem,INFO Instance: BedwarsPurchaseItem (RemoteFunction)
	Path: game:GetService("ReplicatedStorage").rbxts_include.node_modules["@rbxts"].net.out._NetManaged.BedwarsPurchaseItem
	Status: Allowed
	Call Order In Log: 10
	-------------------- Event Data --------------------
	{
    CallOrderInLog = 10,
    DataFromHook = {
        Function = function(arg1, arg2, ...)
            --[[Name: runExecutor | Line: 171
            Upvalues: 2
            Function Hash: d6448705789b5ead4caa89766364b91b43b9852aab4ad2967e601129128c82e752b56a7b1b3a3ef4b3a3390dab110a05
            LuaEncode: Unable to serialize function]]
            return
        end,
        Arguments = {
            {
                shopItem = {
                    currency = "iron",
                    itemType = "wool_white",
                    amount = 16,
                    price = 8,
                    disabledInQueue = {
                        "mine_wars"
                    },
                    category = "Blocks"
                },
                shopId = "global_item_shop"
            },
            n = 1
        },
        Source = "ReplicatedStorage.rbxts_include.Promise",
        Origin = game:GetService("Players").LocalPlayer.PlayerScripts.TS.main,
        IsExecutor = false,
        CreationTime = 1788882429.6728,
        Line = 172
    },
    EventType = "Outgoing",
    RemoteInstanceInfo = {
        Path = "game:GetService(\"ReplicatedStorage\").rbxts_include.node_modules[\"@rbxts\"].net.out._NetManaged.BedwarsPurchaseItem",
        Name = "BedwarsPurchaseItem",
        ClassName = "RemoteFunction"
    }
}
	-------------------- Generated Code --------------------
	local Event = game:GetService("ReplicatedStorage").rbxts_include.node_modules["@rbxts"].net.out._NetManaged.BedwarsPurchaseItem
Event:InvokeServer(
    {
        shopItem = {
            currency = "iron",
            itemType = "wool_white",
            amount = 16,
            price = 8,
            disabledInQueue = {
                "mine_wars"
            },
            category = "Blocks"
        },
        shopId = "global_item_shop"
    }
)
2026-09-08T13:47:090.852Z,117.837381,Incoming:BedwarsPurchaseItem,INFO Instance: BedwarsPurchaseItem (RemoteFunction)
	Path: game:GetService("ReplicatedStorage").rbxts_include.node_modules["@rbxts"].net.out._NetManaged.BedwarsPurchaseItem
	Status: Allowed
	Call Order In Log: 10
	-------------------- Event Data --------------------
	{
    CallOrderInLog = 10,
    DataFromHook = {
        Source = "ReplicatedStorage.rbxts_include.Promise",
        Origin = game:GetService("Players").LocalPlayer.PlayerScripts.TS.main,
        InvokeKind = "Request",
        Function = function(arg1, arg2, ...)
            --[[Name: runExecutor | Line: 171
            Upvalues: 2
            Function Hash: d6448705789b5ead4caa89766364b91b43b9852aab4ad2967e601129128c82e752b56a7b1b3a3ef4b3a3390dab110a05
            LuaEncode: Unable to serialize function]]
            return
        end,
        Line = 172,
        IsExecutor = false,
        CreationTime = 1788882429.7595,
        InvokeResult = {
            true,
            n = 1
        },
        Arguments = {
            {
                shopItem = {
                    currency = "iron",
                    itemType = "wool_white",
                    amount = 16,
                    price = 8,
                    disabledInQueue = {
                        "mine_wars"
                    },
                    category = "Blocks"
                },
                shopId = "global_item_shop"
            },
            n = 1
        }
    },
    EventType = "Incoming",
    RemoteInstanceInfo = {
        Path = "game:GetService(\"ReplicatedStorage\").rbxts_include.node_modules[\"@rbxts\"].net.out._NetManaged.BedwarsPurchaseItem",
        Name = "BedwarsPurchaseItem",
        ClassName = "RemoteFunction"
    }
}
	-------------------- Generated Code --------------------
	local Event = game:GetService("ReplicatedStorage").rbxts_include.node_modules["@rbxts"].net.out._NetManaged.BedwarsPurchaseItem
local Result = table.pack(Event:InvokeServer(
    {
        shopItem = {
            currency = "iron",
            itemType = "wool_white",
            amount = 16,
            price = 8,
            disabledInQueue = {
                "mine_wars"
            },
            category = "Blocks"
        },
        shopId = "global_item_shop"
    }
))

local ExpectedResult = table.unpack({
    true
})

2026-09-08T13:47:100.388Z,118.373284,Outgoing:Inventory/SetObservedChest,INFO Instance: Inventory/SetObservedChest (RemoteEvent)
	Path: game:GetService("ReplicatedStorage").rbxts_include.node_modules["@rbxts"].net.out._NetManaged["Inventory/SetObservedChest"]
	Status: Allowed
	Call Order In Log: 2
	-------------------- Event Data --------------------
	{
    CallOrderInLog = 2,
    DataFromHook = {
        Function = function(arg1)
            --[[Name: Anonymous Function | Line: 139
            Upvalues: 3
            Function Hash: e854071e908337d3afaf88de09a488b6ac24b35f8cedda70096bd90d839f2cb692e9dc07bc86501a4e30ed7e4c7f3279
            LuaEncode: Unable to serialize function]]
            return
        end,
        Arguments = {
            n = 0
        },
        Source = "Players.Fluxroos47.PlayerScripts.TS.controllers.global.shop.bedwars-shop-controller",
        Origin = game:GetService("Players").LocalPlayer.PlayerScripts.TS.ui.store,
        IsExecutor = false,
        CreationTime = 1788882430.375,
        Line = 144
    },
    EventType = "Outgoing",
    RemoteInstanceInfo = {
        Path = "game:GetService(\"ReplicatedStorage\").rbxts_include.node_modules[\"@rbxts\"].net.out._NetManaged[\"Inventory/SetObservedChest\"]",
        Name = "Inventory/SetObservedChest",
        ClassName = "RemoteEvent"
    }
}
	-------------------- Generated Code --------------------
	local Event = game:GetService("ReplicatedStorage").rbxts_include.node_modules["@rbxts"].net.out._NetManaged["Inventory/SetObservedChest"]
Event:FireServer()
2026-09-08T13:47:110.250Z,119.235568,Outgoing:SetInvItem,INFO Instance: SetInvItem (RemoteFunction)
	Path: game:GetService("ReplicatedStorage").rbxts_include.node_modules["@rbxts"].net.out._NetManaged.SetInvItem
	Status: Allowed
	Call Order In Log: 1
	-------------------- Event Data --------------------
	{
    CallOrderInLog = 1,
    DataFromHook = {
        Function = function(arg1, arg2, ...)
            --[[Name: runExecutor | Line: 171
            Upvalues: 2
            Function Hash: d6448705789b5ead4caa89766364b91b43b9852aab4ad2967e601129128c82e752b56a7b1b3a3ef4b3a3390dab110a05
            LuaEncode: Unable to serialize function]]
            return
        end,
        Arguments = {
            {
                hand = game:GetService("ReplicatedStorage").Inventories[game:GetService("Players").LocalPlayer.Name].wool_yellow
            },
            n = 1
        },
        Source = "ReplicatedStorage.rbxts_include.Promise",
        Origin = game:GetService("Players").LocalPlayer.PlayerScripts.TS.ui.store,
        IsExecutor = false,
        CreationTime = 1788882431.2305,
        Line = 172
    },
    EventType = "Outgoing",
    RemoteInstanceInfo = {
        Path = "game:GetService(\"ReplicatedStorage\").rbxts_include.node_modules[\"@rbxts\"].net.out._NetManaged.SetInvItem",
        Name = "SetInvItem",
        ClassName = "RemoteFunction"
    }
}
	-------------------- Generated Code --------------------
	local Event = game:GetService("ReplicatedStorage").rbxts_include.node_modules["@rbxts"].net.out._NetManaged.SetInvItem
Event:InvokeServer(
    {
        hand = game:GetService("ReplicatedStorage").Inventories[game:GetService("Players").LocalPlayer.Name].wool_yellow
    }
)
2026-09-08T13:47:110.341Z,119.326783,Incoming:SetInvItem,INFO Instance: SetInvItem (RemoteFunction)
	Path: game:GetService("ReplicatedStorage").rbxts_include.node_modules["@rbxts"].net.out._NetManaged.SetInvItem
	Status: Allowed
	Call Order In Log: 1
	-------------------- Event Data --------------------
	{
    CallOrderInLog = 1,
    DataFromHook = {
        Source = "ReplicatedStorage.rbxts_include.Promise",
        Origin = game:GetService("Players").LocalPlayer.PlayerScripts.TS.ui.store,
        InvokeKind = "Request",
        Function = function(arg1, arg2, ...)
            --[[Name: runExecutor | Line: 171
            Upvalues: 2
            Function Hash: d6448705789b5ead4caa89766364b91b43b9852aab4ad2967e601129128c82e752b56a7b1b3a3ef4b3a3390dab110a05
            LuaEncode: Unable to serialize function]]
            return
        end,
        Line = 172,
        IsExecutor = false,
        CreationTime = 1788882431.3134,
        InvokeResult = {
            true,
            n = 1
        },
        Arguments = {
            {
                hand = game:GetService("ReplicatedStorage").Inventories[game:GetService("Players").LocalPlayer.Name].wool_yellow
            },
            n = 1
        }
    },
    EventType = "Incoming",
    RemoteInstanceInfo = {
        Path = "game:GetService(\"ReplicatedStorage\").rbxts_include.node_modules[\"@rbxts\"].net.out._NetManaged.SetInvItem",
        Name = "SetInvItem",
        ClassName = "RemoteFunction"
    }
}
	-------------------- Generated Code --------------------
	local Event = game:GetService("ReplicatedStorage").rbxts_include.node_modules["@rbxts"].net.out._NetManaged.SetInvItem
local Result = table.pack(Event:InvokeServer(
    {
        hand = game:GetService("ReplicatedStorage").Inventories[game:GetService("Players").LocalPlayer.Name].wool_yellow
    }
))

local ExpectedResult = table.unpack({
    true
})

2026-09-08T13:47:130.693Z,121.678047,Outgoing:PlaceBlock,INFO Instance: PlaceBlock (RemoteFunction)
	Path: game:GetService("ReplicatedStorage").rbxts_include.node_modules["@easy-games"]["block-engine"].node_modules["@rbxts"].net.out._NetManaged.PlaceBlock
	Status: Allowed
	Call Order In Log: 1
	-------------------- Event Data --------------------
	{
    CallOrderInLog = 1,
    DataFromHook = {
        Function = function()
            --[[Name: Anonymous Function | Line: 83
            Upvalues: 5
            Function Hash: bb459bb28e12f1613a93e12f80e748ea00ca3cc8689af7040468b058af921f8ab5debd209f9e8a8e1b90b1f9d216e490
            LuaEncode: Unable to serialize function]]
            return
        end,
        Arguments = {
            {
                position = Vector3.new(124, 23, 112),
                blockType = "wool_yellow",
                blockData = 0,
                mouseBlockInfo = {
                    target = {
                        blockRef = {
                            blockPosition = Vector3.new(124, 22, 112)
                        },
                        hitPosition = Vector3.new(373.19985961914, 67.5, 335.52365112305),
                        hitNormal = Vector3.new(0, 1, 0)
                    },
                    placementPosition = Vector3.new(124, 23, 112)
                }
            },
            n = 1
        },
        Source = "ReplicatedStorage.rbxts_include.node_modules.@easy-games.block-engine.out.client.placement.block-placer",
        Origin = game:GetService("Players").LocalPlayer.PlayerScripts.TS.ui.store,
        IsExecutor = false,
        CreationTime = 1788882433.6635,
        Line = 84
    },
    EventType = "Outgoing",
    RemoteInstanceInfo = {
        Path = "game:GetService(\"ReplicatedStorage\").rbxts_include.node_modules[\"@easy-games\"][\"block-engine\"].node_modules[\"@rbxts\"].net.out._NetManaged.PlaceBlock",
        Name = "PlaceBlock",
        ClassName = "RemoteFunction"
    }
}
	-------------------- Generated Code --------------------
	local Event = game:GetService("ReplicatedStorage").rbxts_include.node_modules["@easy-games"]["block-engine"].node_modules["@rbxts"].net.out._NetManaged.PlaceBlock
Event:InvokeServer(
    {
        position = Vector3.new(124, 23, 112),
        blockType = "wool_yellow",
        blockData = 0,
        mouseBlockInfo = {
            target = {
                blockRef = {
                    blockPosition = Vector3.new(124, 22, 112)
                },
                hitPosition = Vector3.new(373.19985961914, 67.5, 335.52365112305),
                hitNormal = Vector3.new(0, 1, 0)
            },
            placementPosition = Vector3.new(124, 23, 112)
        }
    }
)
2026-09-08T13:47:130.782Z,121.767545,Incoming:PlaceBlock,INFO Instance: PlaceBlock (RemoteFunction)
	Path: game:GetService("ReplicatedStorage").rbxts_include.node_modules["@easy-games"]["block-engine"].node_modules["@rbxts"].net.out._NetManaged.PlaceBlock
	Status: Allowed
	Call Order In Log: 1
	-------------------- Event Data --------------------
	{
    CallOrderInLog = 1,
    DataFromHook = {
        Source = "ReplicatedStorage.rbxts_include.node_modules.@easy-games.block-engine.out.client.placement.block-placer",
        Origin = game:GetService("Players").LocalPlayer.PlayerScripts.TS.ui.store,
        InvokeKind = "Request",
        Function = function()
            --[[Name: Anonymous Function | Line: 83
            Upvalues: 5
            Function Hash: bb459bb28e12f1613a93e12f80e748ea00ca3cc8689af7040468b058af921f8ab5debd209f9e8a8e1b90b1f9d216e490
            LuaEncode: Unable to serialize function]]
            return
        end,
        Line = 84,
        IsExecutor = false,
        CreationTime = 1788882433.7581,
        InvokeResult = {
            n = 1
        },
        Arguments = {
            {
                position = Vector3.new(124, 23, 112),
                blockType = "wool_yellow",
                blockData = 0,
                mouseBlockInfo = {
                    target = {
                        blockRef = {
                            blockPosition = Vector3.new(124, 22, 112)
                        },
                        hitPosition = Vector3.new(373.19985961914, 67.5, 335.52365112305),
                        hitNormal = Vector3.new(0, 1, 0)
                    },
                    placementPosition = Vector3.new(124, 23, 112)
                }
            },
            n = 1
        }
    },
    EventType = "Incoming",
    RemoteInstanceInfo = {
        Path = "game:GetService(\"ReplicatedStorage\").rbxts_include.node_modules[\"@easy-games\"][\"block-engine\"].node_modules[\"@rbxts\"].net.out._NetManaged.PlaceBlock",
        Name = "PlaceBlock",
        ClassName = "RemoteFunction"
    }
}
	-------------------- Generated Code --------------------
	local Event = game:GetService("ReplicatedStorage").rbxts_include.node_modules["@easy-games"]["block-engine"].node_modules["@rbxts"].net.out._NetManaged.PlaceBlock
local Result = table.pack(Event:InvokeServer(
    {
        position = Vector3.new(124, 23, 112),
        blockType = "wool_yellow",
        blockData = 0,
        mouseBlockInfo = {
            target = {
                blockRef = {
                    blockPosition = Vector3.new(124, 22, 112)
                },
                hitPosition = Vector3.new(373.19985961914, 67.5, 335.52365112305),
                hitNormal = Vector3.new(0, 1, 0)
            },
            placementPosition = Vector3.new(124, 23, 112)
        }
    }
))

local ExpectedResult = table.unpack({
    nil
})

2026-09-08T13:47:140.639Z,122.624254,Outgoing:PlaceBlock,INFO Instance: PlaceBlock (RemoteFunction)
	Path: game:GetService("ReplicatedStorage").rbxts_include.node_modules["@easy-games"]["block-engine"].node_modules["@rbxts"].net.out._NetManaged.PlaceBlock
	Status: Allowed
	Call Order In Log: 2
	-------------------- Event Data --------------------
	{
    CallOrderInLog = 2,
    DataFromHook = {
        Function = function()
            --[[Name: Anonymous Function | Line: 83
            Upvalues: 5
            Function Hash: bb459bb28e12f1613a93e12f80e748ea00ca3cc8689af7040468b058af921f8ab5debd209f9e8a8e1b90b1f9d216e490
            LuaEncode: Unable to serialize function]]
            return
        end,
        Arguments = {
            {
                position = Vector3.new(124, 23, 111),
                blockType = "wool_yellow",
                blockData = 0,
                mouseBlockInfo = {
                    target = {
                        blockRef = {
                            blockPosition = Vector3.new(124, 22, 111)
                        },
                        hitPosition = Vector3.new(372.42324829102, 67.5, 333.63507080078),
                        hitNormal = Vector3.new(0, 1, 0)
                    },
                    placementPosition = Vector3.new(124, 23, 111)
                }
            },
            n = 1
        },
        Source = "ReplicatedStorage.rbxts_include.node_modules.@easy-games.block-engine.out.client.placement.block-placer",
        Origin = game:GetService("Players").LocalPlayer.PlayerScripts.TS.ui.store,
        IsExecutor = false,
        CreationTime = 1788882434.6109,
        Line = 84
    },
    EventType = "Outgoing",
    RemoteInstanceInfo = {
        Path = "game:GetService(\"ReplicatedStorage\").rbxts_include.node_modules[\"@easy-games\"][\"block-engine\"].node_modules[\"@rbxts\"].net.out._NetManaged.PlaceBlock",
        Name = "PlaceBlock",
        ClassName = "RemoteFunction"
    }
}
	-------------------- Generated Code --------------------
	local Event = game:GetService("ReplicatedStorage").rbxts_include.node_modules["@easy-games"]["block-engine"].node_modules["@rbxts"].net.out._NetManaged.PlaceBlock
Event:InvokeServer(
    {
        position = Vector3.new(124, 23, 111),
        blockType = "wool_yellow",
        blockData = 0,
        mouseBlockInfo = {
            target = {
                blockRef = {
                    blockPosition = Vector3.new(124, 22, 111)
                },
                hitPosition = Vector3.new(372.42324829102, 67.5, 333.63507080078),
                hitNormal = Vector3.new(0, 1, 0)
            },
            placementPosition = Vector3.new(124, 23, 111)
        }
    }
)
2026-09-08T13:47:140.716Z,122.701646,Incoming:PlaceBlock,INFO Instance: PlaceBlock (RemoteFunction)
	Path: game:GetService("ReplicatedStorage").rbxts_include.node_modules["@easy-games"]["block-engine"].node_modules["@rbxts"].net.out._NetManaged.PlaceBlock
	Status: Allowed
	Call Order In Log: 2
	-------------------- Event Data --------------------
	{
    CallOrderInLog = 2,
    DataFromHook = {
        Source = "ReplicatedStorage.rbxts_include.node_modules.@easy-games.block-engine.out.client.placement.block-placer",
        Origin = game:GetService("Players").LocalPlayer.PlayerScripts.TS.ui.store,
        InvokeKind = "Request",
        Function = function()
            --[[Name: Anonymous Function | Line: 83
            Upvalues: 5
            Function Hash: bb459bb28e12f1613a93e12f80e748ea00ca3cc8689af7040468b058af921f8ab5debd209f9e8a8e1b90b1f9d216e490
            LuaEncode: Unable to serialize function]]
            return
        end,
        Line = 84,
        IsExecutor = false,
        CreationTime = 1788882434.6803,
        InvokeResult = {
            n = 1
        },
        Arguments = {
            {
                position = Vector3.new(124, 23, 111),
                blockType = "wool_yellow",
                blockData = 0,
                mouseBlockInfo = {
                    target = {
                        blockRef = {
                            blockPosition = Vector3.new(124, 22, 111)
                        },
                        hitPosition = Vector3.new(372.42324829102, 67.5, 333.63507080078),
                        hitNormal = Vector3.new(0, 1, 0)
                    },
                    placementPosition = Vector3.new(124, 23, 111)
                }
            },
            n = 1
        }
    },
    EventType = "Incoming",
    RemoteInstanceInfo = {
        Path = "game:GetService(\"ReplicatedStorage\").rbxts_include.node_modules[\"@easy-games\"][\"block-engine\"].node_modules[\"@rbxts\"].net.out._NetManaged.PlaceBlock",
        Name = "PlaceBlock",
        ClassName = "RemoteFunction"
    }
}
	-------------------- Generated Code --------------------
	local Event = game:GetService("ReplicatedStorage").rbxts_include.node_modules["@easy-games"]["block-engine"].node_modules["@rbxts"].net.out._NetManaged.PlaceBlock
local Result = table.pack(Event:InvokeServer(
    {
        position = Vector3.new(124, 23, 111),
        blockType = "wool_yellow",
        blockData = 0,
        mouseBlockInfo = {
            target = {
                blockRef = {
                    blockPosition = Vector3.new(124, 22, 111)
                },
                hitPosition = Vector3.new(372.42324829102, 67.5, 333.63507080078),
                hitNormal = Vector3.new(0, 1, 0)
            },
            placementPosition = Vector3.new(124, 23, 111)
        }
    }
))

local ExpectedResult = table.unpack({
    nil
})

2026-09-08T13:47:140.785Z,122.770874,Outgoing:PlaceBlock,INFO Instance: PlaceBlock (RemoteFunction)
	Path: game:GetService("ReplicatedStorage").rbxts_include.node_modules["@easy-games"]["block-engine"].node_modules["@rbxts"].net.out._NetManaged.PlaceBlock
	Status: Allowed
	Call Order In Log: 3
	-------------------- Event Data --------------------
	{
    CallOrderInLog = 3,
    DataFromHook = {
        Function = function()
            --[[Name: Anonymous Function | Line: 83
            Upvalues: 5
            Function Hash: bb459bb28e12f1613a93e12f80e748ea00ca3cc8689af7040468b058af921f8ab5debd209f9e8a8e1b90b1f9d216e490
            LuaEncode: Unable to serialize function]]
            return
        end,
        Arguments = {
            {
                position = Vector3.new(124, 24, 112),
                blockType = "wool_yellow",
                blockData = 0,
                mouseBlockInfo = {
                    target = {
                        blockRef = {
                            blockPosition = Vector3.new(124, 23, 112)
                        },
                        hitPosition = Vector3.new(370.88092041016, 70.5, 335.76235961914),
                        hitNormal = Vector3.new(0, 1, 0)
                    },
                    placementPosition = Vector3.new(124, 24, 112)
                }
            },
            n = 1
        },
        Source = "ReplicatedStorage.rbxts_include.node_modules.@easy-games.block-engine.out.client.placement.block-placer",
        Origin = game:GetService("Players").LocalPlayer.PlayerScripts.TS.ui.store,
        IsExecutor = false,
        CreationTime = 1788882434.7626,
        Line = 84
    },
    EventType = "Outgoing",
    RemoteInstanceInfo = {
        Path = "game:GetService(\"ReplicatedStorage\").rbxts_include.node_modules[\"@easy-games\"][\"block-engine\"].node_modules[\"@rbxts\"].net.out._NetManaged.PlaceBlock",
        Name = "PlaceBlock",
        ClassName = "RemoteFunction"
    }
}
	-------------------- Generated Code --------------------
	local Event = game:GetService("ReplicatedStorage").rbxts_include.node_modules["@easy-games"]["block-engine"].node_modules["@rbxts"].net.out._NetManaged.PlaceBlock
Event:InvokeServer(
    {
        position = Vector3.new(124, 24, 112),
        blockType = "wool_yellow",
        blockData = 0,
        mouseBlockInfo = {
            target = {
                blockRef = {
                    blockPosition = Vector3.new(124, 23, 112)
                },
                hitPosition = Vector3.new(370.88092041016, 70.5, 335.76235961914),
                hitNormal = Vector3.new(0, 1, 0)
            },
            placementPosition = Vector3.new(124, 24, 112)
        }
    }
)
2026-09-08T13:47:140.865Z,122.850904,Incoming:PlaceBlock,INFO Instance: PlaceBlock (RemoteFunction)
	Path: game:GetService("ReplicatedStorage").rbxts_include.node_modules["@easy-games"]["block-engine"].node_modules["@rbxts"].net.out._NetManaged.PlaceBlock
	Status: Allowed
	Call Order In Log: 3
	-------------------- Event Data --------------------
	{
    CallOrderInLog = 3,
    DataFromHook = {
        Source = "ReplicatedStorage.rbxts_include.node_modules.@easy-games.block-engine.out.client.placement.block-placer",
        Origin = game:GetService("Players").LocalPlayer.PlayerScripts.TS.ui.store,
        InvokeKind = "Request",
        Function = function()
            --[[Name: Anonymous Function | Line: 83
            Upvalues: 5
            Function Hash: bb459bb28e12f1613a93e12f80e748ea00ca3cc8689af7040468b058af921f8ab5debd209f9e8a8e1b90b1f9d216e490
            LuaEncode: Unable to serialize function]]
            return
        end,
        Line = 84,
        IsExecutor = false,
        CreationTime = 1788882434.832,
        InvokeResult = {
            n = 1
        },
        Arguments = {
            {
                position = Vector3.new(124, 24, 112),
                blockType = "wool_yellow",
                blockData = 0,
                mouseBlockInfo = {
                    target = {
                        blockRef = {
                            blockPosition = Vector3.new(124, 23, 112)
                        },
                        hitPosition = Vector3.new(370.88092041016, 70.5, 335.76235961914),
                        hitNormal = Vector3.new(0, 1, 0)
                    },
                    placementPosition = Vector3.new(124, 24, 112)
                }
            },
            n = 1
        }
    },
    EventType = "Incoming",
    RemoteInstanceInfo = {
        Path = "game:GetService(\"ReplicatedStorage\").rbxts_include.node_modules[\"@easy-games\"][\"block-engine\"].node_modules[\"@rbxts\"].net.out._NetManaged.PlaceBlock",
        Name = "PlaceBlock",
        ClassName = "RemoteFunction"
    }
}
	-------------------- Generated Code --------------------
	local Event = game:GetService("ReplicatedStorage").rbxts_include.node_modules["@easy-games"]["block-engine"].node_modules["@rbxts"].net.out._NetManaged.PlaceBlock
local Result = table.pack(Event:InvokeServer(
    {
        position = Vector3.new(124, 24, 112),
        blockType = "wool_yellow",
        blockData = 0,
        mouseBlockInfo = {
            target = {
                blockRef = {
                    blockPosition = Vector3.new(124, 23, 112)
                },
                hitPosition = Vector3.new(370.88092041016, 70.5, 335.76235961914),
                hitNormal = Vector3.new(0, 1, 0)
            },
            placementPosition = Vector3.new(124, 24, 112)
        }
    }
))

local ExpectedResult = table.unpack({
    nil
})

2026-09-08T13:47:150.217Z,123.202681,Outgoing:PlaceBlock,INFO Instance: PlaceBlock (RemoteFunction)
	Path: game:GetService("ReplicatedStorage").rbxts_include.node_modules["@easy-games"]["block-engine"].node_modules["@rbxts"].net.out._NetManaged.PlaceBlock
	Status: Allowed
	Call Order In Log: 4
	-------------------- Event Data --------------------
	{
    CallOrderInLog = 4,
    DataFromHook = {
        Function = function()
            --[[Name: Anonymous Function | Line: 83
            Upvalues: 5
            Function Hash: bb459bb28e12f1613a93e12f80e748ea00ca3cc8689af7040468b058af921f8ab5debd209f9e8a8e1b90b1f9d216e490
            LuaEncode: Unable to serialize function]]
            return
        end,
        Arguments = {
            {
                position = Vector3.new(124, 23, 114),
                blockType = "wool_yellow",
                blockData = 0,
                mouseBlockInfo = {
                    target = {
                        blockRef = {
                            blockPosition = Vector3.new(124, 22, 114)
                        },
                        hitPosition = Vector3.new(372.95230102539, 67.5, 342.30844116211),
                        hitNormal = Vector3.new(0, 1, 0)
                    },
                    placementPosition = Vector3.new(124, 23, 114)
                }
            },
            n = 1
        },
        Source = "ReplicatedStorage.rbxts_include.node_modules.@easy-games.block-engine.out.client.placement.block-placer",
        Origin = game:GetService("Players").LocalPlayer.PlayerScripts.TS.ui.store,
        IsExecutor = false,
        CreationTime = 1788882435.1985,
        Line = 84
    },
    EventType = "Outgoing",
    RemoteInstanceInfo = {
        Path = "game:GetService(\"ReplicatedStorage\").rbxts_include.node_modules[\"@easy-games\"][\"block-engine\"].node_modules[\"@rbxts\"].net.out._NetManaged.PlaceBlock",
        Name = "PlaceBlock",
        ClassName = "RemoteFunction"
    }
}
	-------------------- Generated Code --------------------
	local Event = game:GetService("ReplicatedStorage").rbxts_include.node_modules["@easy-games"]["block-engine"].node_modules["@rbxts"].net.out._NetManaged.PlaceBlock
Event:InvokeServer(
    {
        position = Vector3.new(124, 23, 114),
        blockType = "wool_yellow",
        blockData = 0,
        mouseBlockInfo = {
            target = {
                blockRef = {
                    blockPosition = Vector3.new(124, 22, 114)
                },
                hitPosition = Vector3.new(372.95230102539, 67.5, 342.30844116211),
                hitNormal = Vector3.new(0, 1, 0)
            },
            placementPosition = Vector3.new(124, 23, 114)
        }
    }
)
2026-09-08T13:47:150.302Z,123.287444,Incoming:PlaceBlock,INFO Instance: PlaceBlock (RemoteFunction)
	Path: game:GetService("ReplicatedStorage").rbxts_include.node_modules["@easy-games"]["block-engine"].node_modules["@rbxts"].net.out._NetManaged.PlaceBlock
	Status: Allowed
	Call Order In Log: 4
	-------------------- Event Data --------------------
	{
    CallOrderInLog = 4,
    DataFromHook = {
        Source = "ReplicatedStorage.rbxts_include.node_modules.@easy-games.block-engine.out.client.placement.block-placer",
        Origin = game:GetService("Players").LocalPlayer.PlayerScripts.TS.ui.store,
        InvokeKind = "Request",
        Function = function()
            --[[Name: Anonymous Function | Line: 83
            Upvalues: 5
            Function Hash: bb459bb28e12f1613a93e12f80e748ea00ca3cc8689af7040468b058af921f8ab5debd209f9e8a8e1b90b1f9d216e490
            LuaEncode: Unable to serialize function]]
            return
        end,
        Line = 84,
        IsExecutor = false,
        CreationTime = 1788882435.2648,
        InvokeResult = {
            n = 1
        },
        Arguments = {
            {
                position = Vector3.new(124, 23, 114),
                blockType = "wool_yellow",
                blockData = 0,
                mouseBlockInfo = {
                    target = {
                        blockRef = {
                            blockPosition = Vector3.new(124, 22, 114)
                        },
                        hitPosition = Vector3.new(372.95230102539, 67.5, 342.30844116211),
                        hitNormal = Vector3.new(0, 1, 0)
                    },
                    placementPosition = Vector3.new(124, 23, 114)
                }
            },
            n = 1
        }
    },
    EventType = "Incoming",
    RemoteInstanceInfo = {
        Path = "game:GetService(\"ReplicatedStorage\").rbxts_include.node_modules[\"@easy-games\"][\"block-engine\"].node_modules[\"@rbxts\"].net.out._NetManaged.PlaceBlock",
        Name = "PlaceBlock",
        ClassName = "RemoteFunction"
    }
}
	-------------------- Generated Code --------------------
	local Event = game:GetService("ReplicatedStorage").rbxts_include.node_modules["@easy-games"]["block-engine"].node_modules["@rbxts"].net.out._NetManaged.PlaceBlock
local Result = table.pack(Event:InvokeServer(
    {
        position = Vector3.new(124, 23, 114),
        blockType = "wool_yellow",
        blockData = 0,
        mouseBlockInfo = {
            target = {
                blockRef = {
                    blockPosition = Vector3.new(124, 22, 114)
                },
                hitPosition = Vector3.new(372.95230102539, 67.5, 342.30844116211),
                hitNormal = Vector3.new(0, 1, 0)
            },
            placementPosition = Vector3.new(124, 23, 114)
        }
    }
))

local ExpectedResult = table.unpack({
    nil
})

2026-09-08T13:47:150.368Z,123.353558,Outgoing:PlaceBlock,INFO Instance: PlaceBlock (RemoteFunction)
	Path: game:GetService("ReplicatedStorage").rbxts_include.node_modules["@easy-games"]["block-engine"].node_modules["@rbxts"].net.out._NetManaged.PlaceBlock
	Status: Allowed
	Call Order In Log: 5
	-------------------- Event Data --------------------
	{
    CallOrderInLog = 5,
    DataFromHook = {
        Function = function()
            --[[Name: Anonymous Function | Line: 83
            Upvalues: 5
            Function Hash: bb459bb28e12f1613a93e12f80e748ea00ca3cc8689af7040468b058af921f8ab5debd209f9e8a8e1b90b1f9d216e490
            LuaEncode: Unable to serialize function]]
            return
        end,
        Arguments = {
            {
                position = Vector3.new(124, 23, 115),
                blockType = "wool_yellow",
                blockData = 0,
                mouseBlockInfo = {
                    target = {
                        blockRef = {
                            blockPosition = Vector3.new(124, 22, 115)
                        },
                        hitPosition = Vector3.new(373.27346801758, 67.5, 344.20745849609),
                        hitNormal = Vector3.new(0, 1, 0)
                    },
                    placementPosition = Vector3.new(124, 23, 115)
                }
            },
            n = 1
        },
        Source = "ReplicatedStorage.rbxts_include.node_modules.@easy-games.block-engine.out.client.placement.block-placer",
        Origin = game:GetService("Players").LocalPlayer.PlayerScripts.TS.ui.store,
        IsExecutor = false,
        CreationTime = 1788882435.3446,
        Line = 84
    },
    EventType = "Outgoing",
    RemoteInstanceInfo = {
        Path = "game:GetService(\"ReplicatedStorage\").rbxts_include.node_modules[\"@easy-games\"][\"block-engine\"].node_modules[\"@rbxts\"].net.out._NetManaged.PlaceBlock",
        Name = "PlaceBlock",
        ClassName = "RemoteFunction"
    }
}
	-------------------- Generated Code --------------------
	local Event = game:GetService("ReplicatedStorage").rbxts_include.node_modules["@easy-games"]["block-engine"].node_modules["@rbxts"].net.out._NetManaged.PlaceBlock
Event:InvokeServer(
    {
        position = Vector3.new(124, 23, 115),
        blockType = "wool_yellow",
        blockData = 0,
        mouseBlockInfo = {
            target = {
                blockRef = {
                    blockPosition = Vector3.new(124, 22, 115)
                },
                hitPosition = Vector3.new(373.27346801758, 67.5, 344.20745849609),
                hitNormal = Vector3.new(0, 1, 0)
            },
            placementPosition = Vector3.new(124, 23, 115)
        }
    }
)
2026-09-08T13:47:150.446Z,123.431009,Incoming:PlaceBlock,INFO Instance: PlaceBlock (RemoteFunction)
	Path: game:GetService("ReplicatedStorage").rbxts_include.node_modules["@easy-games"]["block-engine"].node_modules["@rbxts"].net.out._NetManaged.PlaceBlock
	Status: Allowed
	Call Order In Log: 5
	-------------------- Event Data --------------------
	{
    CallOrderInLog = 5,
    DataFromHook = {
        Source = "ReplicatedStorage.rbxts_include.node_modules.@easy-games.block-engine.out.client.placement.block-placer",
        Origin = game:GetService("Players").LocalPlayer.PlayerScripts.TS.ui.store,
        InvokeKind = "Request",
        Function = function()
            --[[Name: Anonymous Function | Line: 83
            Upvalues: 5
            Function Hash: bb459bb28e12f1613a93e12f80e748ea00ca3cc8689af7040468b058af921f8ab5debd209f9e8a8e1b90b1f9d216e490
            LuaEncode: Unable to serialize function]]
            return
        end,
        Line = 84,
        IsExecutor = false,
        CreationTime = 1788882435.413,
        InvokeResult = {
            n = 1
        },
        Arguments = {
            {
                position = Vector3.new(124, 23, 115),
                blockType = "wool_yellow",
                blockData = 0,
                mouseBlockInfo = {
                    target = {
                        blockRef = {
                            blockPosition = Vector3.new(124, 22, 115)
                        },
                        hitPosition = Vector3.new(373.27346801758, 67.5, 344.20745849609),
                        hitNormal = Vector3.new(0, 1, 0)
                    },
                    placementPosition = Vector3.new(124, 23, 115)
                }
            },
            n = 1
        }
    },
    EventType = "Incoming",
    RemoteInstanceInfo = {
        Path = "game:GetService(\"ReplicatedStorage\").rbxts_include.node_modules[\"@easy-games\"][\"block-engine\"].node_modules[\"@rbxts\"].net.out._NetManaged.PlaceBlock",
        Name = "PlaceBlock",
        ClassName = "RemoteFunction"
    }
}
	-------------------- Generated Code --------------------
	local Event = game:GetService("ReplicatedStorage").rbxts_include.node_modules["@easy-games"]["block-engine"].node_modules["@rbxts"].net.out._NetManaged.PlaceBlock
local Result = table.pack(Event:InvokeServer(
    {
        position = Vector3.new(124, 23, 115),
        blockType = "wool_yellow",
        blockData = 0,
        mouseBlockInfo = {
            target = {
                blockRef = {
                    blockPosition = Vector3.new(124, 22, 115)
                },
                hitPosition = Vector3.new(373.27346801758, 67.5, 344.20745849609),
                hitNormal = Vector3.new(0, 1, 0)
            },
            placementPosition = Vector3.new(124, 23, 115)
        }
    }
))

local ExpectedResult = table.unpack({
    nil
})

2026-09-08T13:47:150.516Z,123.501435,Outgoing:PlaceBlock,INFO Instance: PlaceBlock (RemoteFunction)
	Path: game:GetService("ReplicatedStorage").rbxts_include.node_modules["@easy-games"]["block-engine"].node_modules["@rbxts"].net.out._NetManaged.PlaceBlock
	Status: Allowed
	Call Order In Log: 6
	-------------------- Event Data --------------------
	{
    CallOrderInLog = 6,
    DataFromHook = {
        Function = function()
            --[[Name: Anonymous Function | Line: 83
            Upvalues: 5
            Function Hash: bb459bb28e12f1613a93e12f80e748ea00ca3cc8689af7040468b058af921f8ab5debd209f9e8a8e1b90b1f9d216e490
            LuaEncode: Unable to serialize function]]
            return
        end,
        Arguments = {
            {
                position = Vector3.new(124, 24, 115),
                blockType = "wool_yellow",
                blockData = 0,
                mouseBlockInfo = {
                    target = {
                        blockRef = {
                            blockPosition = Vector3.new(124, 23, 115)
                        },
                        hitPosition = Vector3.new(370.84506225586, 70.5, 344.44729614258),
                        hitNormal = Vector3.new(0, 1, 0)
                    },
                    placementPosition = Vector3.new(124, 24, 115)
                }
            },
            n = 1
        },
        Source = "ReplicatedStorage.rbxts_include.node_modules.@easy-games.block-engine.out.client.placement.block-placer",
        Origin = game:GetService("Players").LocalPlayer.PlayerScripts.TS.ui.store,
        IsExecutor = false,
        CreationTime = 1788882435.4917,
        Line = 84
    },
    EventType = "Outgoing",
    RemoteInstanceInfo = {
        Path = "game:GetService(\"ReplicatedStorage\").rbxts_include.node_modules[\"@easy-games\"][\"block-engine\"].node_modules[\"@rbxts\"].net.out._NetManaged.PlaceBlock",
        Name = "PlaceBlock",
        ClassName = "RemoteFunction"
    }
}
	-------------------- Generated Code --------------------
	local Event = game:GetService("ReplicatedStorage").rbxts_include.node_modules["@easy-games"]["block-engine"].node_modules["@rbxts"].net.out._NetManaged.PlaceBlock
Event:InvokeServer(
    {
        position = Vector3.new(124, 24, 115),
        blockType = "wool_yellow",
        blockData = 0,
        mouseBlockInfo = {
            target = {
                blockRef = {
                    blockPosition = Vector3.new(124, 23, 115)
                },
                hitPosition = Vector3.new(370.84506225586, 70.5, 344.44729614258),
                hitNormal = Vector3.new(0, 1, 0)
            },
            placementPosition = Vector3.new(124, 24, 115)
        }
    }
)
2026-09-08T13:47:150.592Z,123.577011,Incoming:PlaceBlock,INFO Instance: PlaceBlock (RemoteFunction)
	Path: game:GetService("ReplicatedStorage").rbxts_include.node_modules["@easy-games"]["block-engine"].node_modules["@rbxts"].net.out._NetManaged.PlaceBlock
	Status: Allowed
	Call Order In Log: 6
	-------------------- Event Data --------------------
	{
    CallOrderInLog = 6,
    DataFromHook = {
        Source = "ReplicatedStorage.rbxts_include.node_modules.@easy-games.block-engine.out.client.placement.block-placer",
        Origin = game:GetService("Players").LocalPlayer.PlayerScripts.TS.ui.store,
        InvokeKind = "Request",
        Function = function()
            --[[Name: Anonymous Function | Line: 83
            Upvalues: 5
            Function Hash: bb459bb28e12f1613a93e12f80e748ea00ca3cc8689af7040468b058af921f8ab5debd209f9e8a8e1b90b1f9d216e490
            LuaEncode: Unable to serialize function]]
            return
        end,
        Line = 84,
        IsExecutor = false,
        CreationTime = 1788882435.5633,
        InvokeResult = {
            n = 1
        },
        Arguments = {
            {
                position = Vector3.new(124, 24, 115),
                blockType = "wool_yellow",
                blockData = 0,
                mouseBlockInfo = {
                    target = {
                        blockRef = {
                            blockPosition = Vector3.new(124, 23, 115)
                        },
                        hitPosition = Vector3.new(370.84506225586, 70.5, 344.44729614258),
                        hitNormal = Vector3.new(0, 1, 0)
                    },
                    placementPosition = Vector3.new(124, 24, 115)
                }
            },
            n = 1
        }
    },
    EventType = "Incoming",
    RemoteInstanceInfo = {
        Path = "game:GetService(\"ReplicatedStorage\").rbxts_include.node_modules[\"@easy-games\"][\"block-engine\"].node_modules[\"@rbxts\"].net.out._NetManaged.PlaceBlock",
        Name = "PlaceBlock",
        ClassName = "RemoteFunction"
    }
}
	-------------------- Generated Code --------------------
	local Event = game:GetService("ReplicatedStorage").rbxts_include.node_modules["@easy-games"]["block-engine"].node_modules["@rbxts"].net.out._NetManaged.PlaceBlock
local Result = table.pack(Event:InvokeServer(
    {
        position = Vector3.new(124, 24, 115),
        blockType = "wool_yellow",
        blockData = 0,
        mouseBlockInfo = {
            target = {
                blockRef = {
                    blockPosition = Vector3.new(124, 23, 115)
                },
                hitPosition = Vector3.new(370.84506225586, 70.5, 344.44729614258),
                hitNormal = Vector3.new(0, 1, 0)
            },
            placementPosition = Vector3.new(124, 24, 115)
        }
    }
))

local ExpectedResult = table.unpack({
    nil
})

2026-09-08T13:47:160.971Z,124.956948,Outgoing:SetInvItem,INFO Instance: SetInvItem (RemoteFunction)
	Path: game:GetService("ReplicatedStorage").rbxts_include.node_modules["@rbxts"].net.out._NetManaged.SetInvItem
	Status: Allowed
	Call Order In Log: 2
	-------------------- Event Data --------------------
	{
    CallOrderInLog = 2,
    DataFromHook = {
        Function = function(arg1, arg2, ...)
            --[[Name: runExecutor | Line: 171
            Upvalues: 2
            Function Hash: d6448705789b5ead4caa89766364b91b43b9852aab4ad2967e601129128c82e752b56a7b1b3a3ef4b3a3390dab110a05
            LuaEncode: Unable to serialize function]]
            return
        end,
        Arguments = {
            {
                hand = game:GetService("ReplicatedStorage").Inventories[game:GetService("Players").LocalPlayer.Name].wood_pickaxe
            },
            n = 1
        },
        Source = "ReplicatedStorage.rbxts_include.Promise",
        Origin = game:GetService("Players").LocalPlayer.PlayerScripts.TS.ui.store,
        IsExecutor = false,
        CreationTime = 1788882436.9423,
        Line = 172
    },
    EventType = "Outgoing",
    RemoteInstanceInfo = {
        Path = "game:GetService(\"ReplicatedStorage\").rbxts_include.node_modules[\"@rbxts\"].net.out._NetManaged.SetInvItem",
        Name = "SetInvItem",
        ClassName = "RemoteFunction"
    }
}
	-------------------- Generated Code --------------------
	local Event = game:GetService("ReplicatedStorage").rbxts_include.node_modules["@rbxts"].net.out._NetManaged.SetInvItem
Event:InvokeServer(
    {
        hand = game:GetService("ReplicatedStorage").Inventories[game:GetService("Players").LocalPlayer.Name].wood_pickaxe
    }
)
2026-09-08T13:47:170.043Z,125.028589,Incoming:SetInvItem,INFO Instance: SetInvItem (RemoteFunction)
	Path: game:GetService("ReplicatedStorage").rbxts_include.node_modules["@rbxts"].net.out._NetManaged.SetInvItem
	Status: Allowed
	Call Order In Log: 2
	-------------------- Event Data --------------------
	{
    CallOrderInLog = 2,
    DataFromHook = {
        Source = "ReplicatedStorage.rbxts_include.Promise",
        Origin = game:GetService("Players").LocalPlayer.PlayerScripts.TS.ui.store,
        InvokeKind = "Request",
        Function = function(arg1, arg2, ...)
            --[[Name: runExecutor | Line: 171
            Upvalues: 2
            Function Hash: d6448705789b5ead4caa89766364b91b43b9852aab4ad2967e601129128c82e752b56a7b1b3a3ef4b3a3390dab110a05
            LuaEncode: Unable to serialize function]]
            return
        end,
        Line = 172,
        IsExecutor = false,
        CreationTime = 1788882437.013,
        InvokeResult = {
            true,
            n = 1
        },
        Arguments = {
            {
                hand = game:GetService("ReplicatedStorage").Inventories[game:GetService("Players").LocalPlayer.Name].wood_pickaxe
            },
            n = 1
        }
    },
    EventType = "Incoming",
    RemoteInstanceInfo = {
        Path = "game:GetService(\"ReplicatedStorage\").rbxts_include.node_modules[\"@rbxts\"].net.out._NetManaged.SetInvItem",
        Name = "SetInvItem",
        ClassName = "RemoteFunction"
    }
}
	-------------------- Generated Code --------------------
	local Event = game:GetService("ReplicatedStorage").rbxts_include.node_modules["@rbxts"].net.out._NetManaged.SetInvItem
local Result = table.pack(Event:InvokeServer(
    {
        hand = game:GetService("ReplicatedStorage").Inventories[game:GetService("Players").LocalPlayer.Name].wood_pickaxe
    }
))

local ExpectedResult = table.unpack({
    true
})

2026-09-08T13:47:170.415Z,125.400730,Outgoing:DamageBlock,INFO Instance: DamageBlock (RemoteFunction)
	Path: game:GetService("ReplicatedStorage").rbxts_include.node_modules["@easy-games"]["block-engine"].node_modules["@rbxts"].net.out._NetManaged.DamageBlock
	Status: Allowed
	Call Order In Log: 1
	-------------------- Event Data --------------------
	{
    CallOrderInLog = 1,
    DataFromHook = {
        Function = function(arg1, arg2, ...)
            --[[Name: runExecutor | Line: 171
            Upvalues: 2
            Function Hash: d6448705789b5ead4caa89766364b91b43b9852aab4ad2967e601129128c82e752b56a7b1b3a3ef4b3a3390dab110a05
            LuaEncode: Unable to serialize function]]
            return
        end,
        Arguments = {
            {
                blockRef = {
                    blockPosition = Vector3.new(124, 24, 112)
                },
                hitPosition = Vector3.new(370.5, 72.943954467773, 337.43487548828),
                hitNormal = Vector3.new(-1, 0, 0)
            },
            n = 1
        },
        Source = "ReplicatedStorage.rbxts_include.Promise",
        Origin = game:GetService("Players").LocalPlayer.PlayerScripts.TS.ui.store,
        IsExecutor = false,
        CreationTime = 1788882437.39,
        Line = 172
    },
    EventType = "Outgoing",
    RemoteInstanceInfo = {
        Path = "game:GetService(\"ReplicatedStorage\").rbxts_include.node_modules[\"@easy-games\"][\"block-engine\"].node_modules[\"@rbxts\"].net.out._NetManaged.DamageBlock",
        Name = "DamageBlock",
        ClassName = "RemoteFunction"
    }
}
	-------------------- Generated Code --------------------
	local Event = game:GetService("ReplicatedStorage").rbxts_include.node_modules["@easy-games"]["block-engine"].node_modules["@rbxts"].net.out._NetManaged.DamageBlock
Event:InvokeServer(
    {
        blockRef = {
            blockPosition = Vector3.new(124, 24, 112)
        },
        hitPosition = Vector3.new(370.5, 72.943954467773, 337.43487548828),
        hitNormal = Vector3.new(-1, 0, 0)
    }
)
2026-09-08T13:47:170.490Z,125.474997,Incoming:DamageBlock,INFO Instance: DamageBlock (RemoteFunction)
	Path: game:GetService("ReplicatedStorage").rbxts_include.node_modules["@easy-games"]["block-engine"].node_modules["@rbxts"].net.out._NetManaged.DamageBlock
	Status: Allowed
	Call Order In Log: 1
	-------------------- Event Data --------------------
	{
    CallOrderInLog = 1,
    DataFromHook = {
        Source = "ReplicatedStorage.rbxts_include.Promise",
        Origin = game:GetService("Players").LocalPlayer.PlayerScripts.TS.ui.store,
        InvokeKind = "Request",
        Function = function(arg1, arg2, ...)
            --[[Name: runExecutor | Line: 171
            Upvalues: 2
            Function Hash: d6448705789b5ead4caa89766364b91b43b9852aab4ad2967e601129128c82e752b56a7b1b3a3ef4b3a3390dab110a05
            LuaEncode: Unable to serialize function]]
            return
        end,
        Line = 172,
        IsExecutor = false,
        CreationTime = 1788882437.4646,
        InvokeResult = {
            "damaged",
            n = 1
        },
        Arguments = {
            {
                blockRef = {
                    blockPosition = Vector3.new(124, 24, 112)
                },
                hitPosition = Vector3.new(370.5, 72.943954467773, 337.43487548828),
                hitNormal = Vector3.new(-1, 0, 0)
            },
            n = 1
        }
    },
    EventType = "Incoming",
    RemoteInstanceInfo = {
        Path = "game:GetService(\"ReplicatedStorage\").rbxts_include.node_modules[\"@easy-games\"][\"block-engine\"].node_modules[\"@rbxts\"].net.out._NetManaged.DamageBlock",
        Name = "DamageBlock",
        ClassName = "RemoteFunction"
    }
}
	-------------------- Generated Code --------------------
	local Event = game:GetService("ReplicatedStorage").rbxts_include.node_modules["@easy-games"]["block-engine"].node_modules["@rbxts"].net.out._NetManaged.DamageBlock
local Result = table.pack(Event:InvokeServer(
    {
        blockRef = {
            blockPosition = Vector3.new(124, 24, 112)
        },
        hitPosition = Vector3.new(370.5, 72.943954467773, 337.43487548828),
        hitNormal = Vector3.new(-1, 0, 0)
    }
))

local ExpectedResult = table.unpack({
    "damaged"
})

2026-09-08T13:47:180.127Z,126.112957,Outgoing:DamageBlock,INFO Instance: DamageBlock (RemoteFunction)
	Path: game:GetService("ReplicatedStorage").rbxts_include.node_modules["@easy-games"]["block-engine"].node_modules["@rbxts"].net.out._NetManaged.DamageBlock
	Status: Allowed
	Call Order In Log: 2
	-------------------- Event Data --------------------
	{
    CallOrderInLog = 2,
    DataFromHook = {
        Function = function(arg1, arg2, ...)
            --[[Name: runExecutor | Line: 171
            Upvalues: 2
            Function Hash: d6448705789b5ead4caa89766364b91b43b9852aab4ad2967e601129128c82e752b56a7b1b3a3ef4b3a3390dab110a05
            LuaEncode: Unable to serialize function]]
            return
        end,
        Arguments = {
            {
                blockRef = {
                    blockPosition = Vector3.new(124, 24, 112)
                },
                hitPosition = Vector3.new(370.5, 73.20694732666, 337.09060668945),
                hitNormal = Vector3.new(-1, 0, 0)
            },
            n = 1
        },
        Source = "ReplicatedStorage.rbxts_include.Promise",
        Origin = game:GetService("Players").LocalPlayer.PlayerScripts.TS.ui.store,
        IsExecutor = false,
        CreationTime = 1788882438.1014,
        Line = 172
    },
    EventType = "Outgoing",
    RemoteInstanceInfo = {
        Path = "game:GetService(\"ReplicatedStorage\").rbxts_include.node_modules[\"@easy-games\"][\"block-engine\"].node_modules[\"@rbxts\"].net.out._NetManaged.DamageBlock",
        Name = "DamageBlock",
        ClassName = "RemoteFunction"
    }
}
	-------------------- Generated Code --------------------
	local Event = game:GetService("ReplicatedStorage").rbxts_include.node_modules["@easy-games"]["block-engine"].node_modules["@rbxts"].net.out._NetManaged.DamageBlock
Event:InvokeServer(
    {
        blockRef = {
            blockPosition = Vector3.new(124, 24, 112)
        },
        hitPosition = Vector3.new(370.5, 73.20694732666, 337.09060668945),
        hitNormal = Vector3.new(-1, 0, 0)
    }
)
2026-09-08T13:47:180.216Z,126.201293,Incoming:DamageBlock,INFO Instance: DamageBlock (RemoteFunction)
	Path: game:GetService("ReplicatedStorage").rbxts_include.node_modules["@easy-games"]["block-engine"].node_modules["@rbxts"].net.out._NetManaged.DamageBlock
	Status: Allowed
	Call Order In Log: 2
	-------------------- Event Data --------------------
	{
    CallOrderInLog = 2,
    DataFromHook = {
        Source = "ReplicatedStorage.rbxts_include.Promise",
        Origin = game:GetService("Players").LocalPlayer.PlayerScripts.TS.ui.store,
        InvokeKind = "Request",
        Function = function(arg1, arg2, ...)
            --[[Name: runExecutor | Line: 171
            Upvalues: 2
            Function Hash: d6448705789b5ead4caa89766364b91b43b9852aab4ad2967e601129128c82e752b56a7b1b3a3ef4b3a3390dab110a05
            LuaEncode: Unable to serialize function]]
            return
        end,
        Line = 172,
        IsExecutor = false,
        CreationTime = 1788882438.185,
        InvokeResult = {
            "damaged",
            n = 1
        },
        Arguments = {
            {
                blockRef = {
                    blockPosition = Vector3.new(124, 24, 112)
                },
                hitPosition = Vector3.new(370.5, 73.20694732666, 337.09060668945),
                hitNormal = Vector3.new(-1, 0, 0)
            },
            n = 1
        }
    },
    EventType = "Incoming",
    RemoteInstanceInfo = {
        Path = "game:GetService(\"ReplicatedStorage\").rbxts_include.node_modules[\"@easy-games\"][\"block-engine\"].node_modules[\"@rbxts\"].net.out._NetManaged.DamageBlock",
        Name = "DamageBlock",
        ClassName = "RemoteFunction"
    }
}
	-------------------- Generated Code --------------------
	local Event = game:GetService("ReplicatedStorage").rbxts_include.node_modules["@easy-games"]["block-engine"].node_modules["@rbxts"].net.out._NetManaged.DamageBlock
local Result = table.pack(Event:InvokeServer(
    {
        blockRef = {
            blockPosition = Vector3.new(124, 24, 112)
        },
        hitPosition = Vector3.new(370.5, 73.20694732666, 337.09060668945),
        hitNormal = Vector3.new(-1, 0, 0)
    }
))

local ExpectedResult = table.unpack({
    "damaged"
})

2026-09-08T13:47:190.648Z,127.633474,Outgoing:DamageBlock,INFO Instance: DamageBlock (RemoteFunction)
	Path: game:GetService("ReplicatedStorage").rbxts_include.node_modules["@easy-games"]["block-engine"].node_modules["@rbxts"].net.out._NetManaged.DamageBlock
	Status: Allowed
	Call Order In Log: 3
	-------------------- Event Data --------------------
	{
    CallOrderInLog = 3,
    DataFromHook = {
        Function = function(arg1, arg2, ...)
            --[[Name: runExecutor | Line: 171
            Upvalues: 2
            Function Hash: d6448705789b5ead4caa89766364b91b43b9852aab4ad2967e601129128c82e752b56a7b1b3a3ef4b3a3390dab110a05
            LuaEncode: Unable to serialize function]]
            return
        end,
        Arguments = {
            {
                blockRef = {
                    blockPosition = Vector3.new(124, 24, 112)
                },
                hitPosition = Vector3.new(370.5, 73.014190673828, 337.41491699219),
                hitNormal = Vector3.new(-1, 0, 0)
            },
            n = 1
        },
        Source = "ReplicatedStorage.rbxts_include.Promise",
        Origin = game:GetService("Players").LocalPlayer.PlayerScripts.TS.ui.store,
        IsExecutor = false,
        CreationTime = 1788882439.6238,
        Line = 172
    },
    EventType = "Outgoing",
    RemoteInstanceInfo = {
        Path = "game:GetService(\"ReplicatedStorage\").rbxts_include.node_modules[\"@easy-games\"][\"block-engine\"].node_modules[\"@rbxts\"].net.out._NetManaged.DamageBlock",
        Name = "DamageBlock",
        ClassName = "RemoteFunction"
    }
}
	-------------------- Generated Code --------------------
	local Event = game:GetService("ReplicatedStorage").rbxts_include.node_modules["@easy-games"]["block-engine"].node_modules["@rbxts"].net.out._NetManaged.DamageBlock
Event:InvokeServer(
    {
        blockRef = {
            blockPosition = Vector3.new(124, 24, 112)
        },
        hitPosition = Vector3.new(370.5, 73.014190673828, 337.41491699219),
        hitNormal = Vector3.new(-1, 0, 0)
    }
)
2026-09-08T13:47:190.717Z,127.702100,Incoming:DamageBlock,INFO Instance: DamageBlock (RemoteFunction)
	Path: game:GetService("ReplicatedStorage").rbxts_include.node_modules["@easy-games"]["block-engine"].node_modules["@rbxts"].net.out._NetManaged.DamageBlock
	Status: Allowed
	Call Order In Log: 3
	-------------------- Event Data --------------------
	{
    CallOrderInLog = 3,
    DataFromHook = {
        Source = "ReplicatedStorage.rbxts_include.Promise",
        Origin = game:GetService("Players").LocalPlayer.PlayerScripts.TS.ui.store,
        InvokeKind = "Request",
        Function = function(arg1, arg2, ...)
            --[[Name: runExecutor | Line: 171
            Upvalues: 2
            Function Hash: d6448705789b5ead4caa89766364b91b43b9852aab4ad2967e601129128c82e752b56a7b1b3a3ef4b3a3390dab110a05
            LuaEncode: Unable to serialize function]]
            return
        end,
        Line = 172,
        IsExecutor = false,
        CreationTime = 1788882439.6857,
        InvokeResult = {
            "damaged",
            n = 1
        },
        Arguments = {
            {
                blockRef = {
                    blockPosition = Vector3.new(124, 24, 112)
                },
                hitPosition = Vector3.new(370.5, 73.014190673828, 337.41491699219),
                hitNormal = Vector3.new(-1, 0, 0)
            },
            n = 1
        }
    },
    EventType = "Incoming",
    RemoteInstanceInfo = {
        Path = "game:GetService(\"ReplicatedStorage\").rbxts_include.node_modules[\"@easy-games\"][\"block-engine\"].node_modules[\"@rbxts\"].net.out._NetManaged.DamageBlock",
        Name = "DamageBlock",
        ClassName = "RemoteFunction"
    }
}
	-------------------- Generated Code --------------------
	local Event = game:GetService("ReplicatedStorage").rbxts_include.node_modules["@easy-games"]["block-engine"].node_modules["@rbxts"].net.out._NetManaged.DamageBlock
local Result = table.pack(Event:InvokeServer(
    {
        blockRef = {
            blockPosition = Vector3.new(124, 24, 112)
        },
        hitPosition = Vector3.new(370.5, 73.014190673828, 337.41491699219),
        hitNormal = Vector3.new(-1, 0, 0)
    }
))

local ExpectedResult = table.unpack({
    "damaged"
})

2026-09-08T13:47:200.008Z,127.993527,Outgoing:DamageBlock,INFO Instance: DamageBlock (RemoteFunction)
	Path: game:GetService("ReplicatedStorage").rbxts_include.node_modules["@easy-games"]["block-engine"].node_modules["@rbxts"].net.out._NetManaged.DamageBlock
	Status: Allowed
	Call Order In Log: 4
	-------------------- Event Data --------------------
	{
    CallOrderInLog = 4,
    DataFromHook = {
        Function = function(arg1, arg2, ...)
            --[[Name: runExecutor | Line: 171
            Upvalues: 2
            Function Hash: d6448705789b5ead4caa89766364b91b43b9852aab4ad2967e601129128c82e752b56a7b1b3a3ef4b3a3390dab110a05
            LuaEncode: Unable to serialize function]]
            return
        end,
        Arguments = {
            {
                blockRef = {
                    blockPosition = Vector3.new(124, 24, 112)
                },
                hitPosition = Vector3.new(370.5, 73.014190673828, 337.41491699219),
                hitNormal = Vector3.new(-1, 0, 0)
            },
            n = 1
        },
        Source = "ReplicatedStorage.rbxts_include.Promise",
        Origin = game:GetService("Players").LocalPlayer.PlayerScripts.TS.ui.store,
        IsExecutor = false,
        CreationTime = 1788882439.9844,
        Line = 172
    },
    EventType = "Outgoing",
    RemoteInstanceInfo = {
        Path = "game:GetService(\"ReplicatedStorage\").rbxts_include.node_modules[\"@easy-games\"][\"block-engine\"].node_modules[\"@rbxts\"].net.out._NetManaged.DamageBlock",
        Name = "DamageBlock",
        ClassName = "RemoteFunction"
    }
}
	-------------------- Generated Code --------------------
	local Event = game:GetService("ReplicatedStorage").rbxts_include.node_modules["@easy-games"]["block-engine"].node_modules["@rbxts"].net.out._NetManaged.DamageBlock
Event:InvokeServer(
    {
        blockRef = {
            blockPosition = Vector3.new(124, 24, 112)
        },
        hitPosition = Vector3.new(370.5, 73.014190673828, 337.41491699219),
        hitNormal = Vector3.new(-1, 0, 0)
    }
)
2026-09-08T13:47:200.096Z,128.081781,Incoming:ZAP_RELIABLE,INFO Instance: ZAP_RELIABLE (RemoteEvent)
	Path: game:GetService("ReplicatedStorage").ZAP.ZAP_RELIABLE
	Status: Allowed
	Call Order In Log: 21
	-------------------- Event Data --------------------
	{
    CallOrderInLog = 21,
    DataFromHook = {
        Function = function(arg1, arg2)
            --[[Name: Anonymous Function | Line: 197
            Upvalues: 6
            Function Hash: c12abf352e6a047ec8651f0796814af9e3212270a979857336a961b6038ed49eccf29d6b3e5f324e8720e5ba0d2214c2
            LuaEncode: Unable to serialize function]]
            return
        end,
        Arguments = {
            (function(bytes) --[[Type: buffer]]
                local b = buffer.create(#bytes)
                for i = 1, #bytes do
                    buffer.writeu8(b, i - 1, bytes[i])
                end
                return b
            end)({ 6, 124, 0, 24, 0, 112, 0, 11, 0, 119, 111, 111, 108, 95, 121, 101, 108, 108, 111, 119, 0, 64, 185, 67, 68, 7, 146, 66, 28, 181, 168, 67, 1, 255, 0, 0, 1 }),
            {
                game:GetService("Players").LocalPlayer
            },
            n = 2
        },
        Origin = game:GetService("Players").LocalPlayer.PlayerScripts.TS.lib.network,
        IsExecutor = false,
        CreationTime = 1788882440.0658
    },
    EventType = "Incoming",
    RemoteInstanceInfo = {
        Path = "game:GetService(\"ReplicatedStorage\").ZAP.ZAP_RELIABLE",
        Name = "ZAP_RELIABLE",
        ClassName = "RemoteEvent"
    }
}
	-------------------- Generated Code --------------------
	local Event = game:GetService("ReplicatedStorage").ZAP.ZAP_RELIABLE
firesignal(Event.OnClientEvent, 
    (function(bytes) --[[Type: buffer]]
        local b = buffer.create(#bytes)
        for i = 1, #bytes do
            buffer.writeu8(b, i - 1, bytes[i])
        end
        return b
    end)({ 6, 124, 0, 24, 0, 112, 0, 11, 0, 119, 111, 111, 108, 95, 121, 101, 108, 108, 111, 119, 0, 64, 185, 67, 68, 7, 146, 66, 28, 181, 168, 67, 1, 255, 0, 0, 1 }),
    {
        game:GetService("Players").LocalPlayer
    }
)
2026-09-08T13:47:200.129Z,128.114888,Incoming:DamageBlock,INFO Instance: DamageBlock (RemoteFunction)
	Path: game:GetService("ReplicatedStorage").rbxts_include.node_modules["@easy-games"]["block-engine"].node_modules["@rbxts"].net.out._NetManaged.DamageBlock
	Status: Allowed
	Call Order In Log: 4
	-------------------- Event Data --------------------
	{
    CallOrderInLog = 4,
    DataFromHook = {
        Source = "ReplicatedStorage.rbxts_include.Promise",
        Origin = game:GetService("Players").LocalPlayer.PlayerScripts.TS.ui.store,
        InvokeKind = "Request",
        Function = function(arg1, arg2, ...)
            --[[Name: runExecutor | Line: 171
            Upvalues: 2
            Function Hash: d6448705789b5ead4caa89766364b91b43b9852aab4ad2967e601129128c82e752b56a7b1b3a3ef4b3a3390dab110a05
            LuaEncode: Unable to serialize function]]
            return
        end,
        Line = 172,
        IsExecutor = false,
        CreationTime = 1788882440.0664,
        InvokeResult = {
            "destroyed",
            n = 1
        },
        Arguments = {
            {
                blockRef = {
                    blockPosition = Vector3.new(124, 24, 112)
                },
                hitPosition = Vector3.new(370.5, 73.014190673828, 337.41491699219),
                hitNormal = Vector3.new(-1, 0, 0)
            },
            n = 1
        }
    },
    EventType = "Incoming",
    RemoteInstanceInfo = {
        Path = "game:GetService(\"ReplicatedStorage\").rbxts_include.node_modules[\"@easy-games\"][\"block-engine\"].node_modules[\"@rbxts\"].net.out._NetManaged.DamageBlock",
        Name = "DamageBlock",
        ClassName = "RemoteFunction"
    }
}
	-------------------- Generated Code --------------------
	local Event = game:GetService("ReplicatedStorage").rbxts_include.node_modules["@easy-games"]["block-engine"].node_modules["@rbxts"].net.out._NetManaged.DamageBlock
local Result = table.pack(Event:InvokeServer(
    {
        blockRef = {
            blockPosition = Vector3.new(124, 24, 112)
        },
        hitPosition = Vector3.new(370.5, 73.014190673828, 337.41491699219),
        hitNormal = Vector3.new(-1, 0, 0)
    }
))

local ExpectedResult = table.unpack({
    "destroyed"
})

2026-09-08T13:47:200.358Z,128.343127,Outgoing:DamageBlock,INFO Instance: DamageBlock (RemoteFunction)
	Path: game:GetService("ReplicatedStorage").rbxts_include.node_modules["@easy-games"]["block-engine"].node_modules["@rbxts"].net.out._NetManaged.DamageBlock
	Status: Allowed
	Call Order In Log: 5
	-------------------- Event Data --------------------
	{
    CallOrderInLog = 5,
    DataFromHook = {
        Function = function(arg1, arg2, ...)
            --[[Name: runExecutor | Line: 171
            Upvalues: 2
            Function Hash: d6448705789b5ead4caa89766364b91b43b9852aab4ad2967e601129128c82e752b56a7b1b3a3ef4b3a3390dab110a05
            LuaEncode: Unable to serialize function]]
            return
        end,
        Arguments = {
            {
                blockRef = {
                    blockPosition = Vector3.new(124, 23, 112)
                },
                hitPosition = Vector3.new(372.43975830078, 70.5, 335.97497558594),
                hitNormal = Vector3.new(0, 1, 0)
            },
            n = 1
        },
        Source = "ReplicatedStorage.rbxts_include.Promise",
        Origin = game:GetService("Players").LocalPlayer.PlayerScripts.TS.ui.store,
        IsExecutor = false,
        CreationTime = 1788882440.3402,
        Line = 172
    },
    EventType = "Outgoing",
    RemoteInstanceInfo = {
        Path = "game:GetService(\"ReplicatedStorage\").rbxts_include.node_modules[\"@easy-games\"][\"block-engine\"].node_modules[\"@rbxts\"].net.out._NetManaged.DamageBlock",
        Name = "DamageBlock",
        ClassName = "RemoteFunction"
    }
}
	-------------------- Generated Code --------------------
	local Event = game:GetService("ReplicatedStorage").rbxts_include.node_modules["@easy-games"]["block-engine"].node_modules["@rbxts"].net.out._NetManaged.DamageBlock
Event:InvokeServer(
    {
        blockRef = {
            blockPosition = Vector3.new(124, 23, 112)
        },
        hitPosition = Vector3.new(372.43975830078, 70.5, 335.97497558594),
        hitNormal = Vector3.new(0, 1, 0)
    }
)
2026-09-08T13:47:200.443Z,128.428237,Incoming:DamageBlock,INFO Instance: DamageBlock (RemoteFunction)
	Path: game:GetService("ReplicatedStorage").rbxts_include.node_modules["@easy-games"]["block-engine"].node_modules["@rbxts"].net.out._NetManaged.DamageBlock
	Status: Allowed
	Call Order In Log: 5
	-------------------- Event Data --------------------
	{
    CallOrderInLog = 5,
    DataFromHook = {
        Source = "ReplicatedStorage.rbxts_include.Promise",
        Origin = game:GetService("Players").LocalPlayer.PlayerScripts.TS.ui.store,
        InvokeKind = "Request",
        Function = function(arg1, arg2, ...)
            --[[Name: runExecutor | Line: 171
            Upvalues: 2
            Function Hash: d6448705789b5ead4caa89766364b91b43b9852aab4ad2967e601129128c82e752b56a7b1b3a3ef4b3a3390dab110a05
            LuaEncode: Unable to serialize function]]
            return
        end,
        Line = 172,
        IsExecutor = false,
        CreationTime = 1788882440.4178,
        InvokeResult = {
            "damaged",
            n = 1
        },
        Arguments = {
            {
                blockRef = {
                    blockPosition = Vector3.new(124, 23, 112)
                },
                hitPosition = Vector3.new(372.43975830078, 70.5, 335.97497558594),
                hitNormal = Vector3.new(0, 1, 0)
            },
            n = 1
        }
    },
    EventType = "Incoming",
    RemoteInstanceInfo = {
        Path = "game:GetService(\"ReplicatedStorage\").rbxts_include.node_modules[\"@easy-games\"][\"block-engine\"].node_modules[\"@rbxts\"].net.out._NetManaged.DamageBlock",
        Name = "DamageBlock",
        ClassName = "RemoteFunction"
    }
}
	-------------------- Generated Code --------------------
	local Event = game:GetService("ReplicatedStorage").rbxts_include.node_modules["@easy-games"]["block-engine"].node_modules["@rbxts"].net.out._NetManaged.DamageBlock
local Result = table.pack(Event:InvokeServer(
    {
        blockRef = {
            blockPosition = Vector3.new(124, 23, 112)
        },
        hitPosition = Vector3.new(372.43975830078, 70.5, 335.97497558594),
        hitNormal = Vector3.new(0, 1, 0)
    }
))

local ExpectedResult = table.unpack({
    "damaged"
})

2026-09-08T13:47:200.760Z,128.745308,Outgoing:DamageBlock,INFO Instance: DamageBlock (RemoteFunction)
	Path: game:GetService("ReplicatedStorage").rbxts_include.node_modules["@easy-games"]["block-engine"].node_modules["@rbxts"].net.out._NetManaged.DamageBlock
	Status: Allowed
	Call Order In Log: 6
	-------------------- Event Data --------------------
	{
    CallOrderInLog = 6,
    DataFromHook = {
        Function = function(arg1, arg2, ...)
            --[[Name: runExecutor | Line: 171
            Upvalues: 2
            Function Hash: d6448705789b5ead4caa89766364b91b43b9852aab4ad2967e601129128c82e752b56a7b1b3a3ef4b3a3390dab110a05
            LuaEncode: Unable to serialize function]]
            return
        end,
        Arguments = {
            {
                blockRef = {
                    blockPosition = Vector3.new(124, 23, 112)
                },
                hitPosition = Vector3.new(370.93298339844, 70.5, 335.61172485352),
                hitNormal = Vector3.new(0, 1, 0)
            },
            n = 1
        },
        Source = "ReplicatedStorage.rbxts_include.Promise",
        Origin = game:GetService("Players").LocalPlayer.PlayerScripts.TS.ui.store,
        IsExecutor = false,
        CreationTime = 1788882440.7383,
        Line = 172
    },
    EventType = "Outgoing",
    RemoteInstanceInfo = {
        Path = "game:GetService(\"ReplicatedStorage\").rbxts_include.node_modules[\"@easy-games\"][\"block-engine\"].node_modules[\"@rbxts\"].net.out._NetManaged.DamageBlock",
        Name = "DamageBlock",
        ClassName = "RemoteFunction"
    }
}
	-------------------- Generated Code --------------------
	local Event = game:GetService("ReplicatedStorage").rbxts_include.node_modules["@easy-games"]["block-engine"].node_modules["@rbxts"].net.out._NetManaged.DamageBlock
Event:InvokeServer(
    {
        blockRef = {
            blockPosition = Vector3.new(124, 23, 112)
        },
        hitPosition = Vector3.new(370.93298339844, 70.5, 335.61172485352),
        hitNormal = Vector3.new(0, 1, 0)
    }
)
2026-09-08T13:47:200.814Z,128.799493,Incoming:DamageBlock,INFO Instance: DamageBlock (RemoteFunction)
	Path: game:GetService("ReplicatedStorage").rbxts_include.node_modules["@easy-games"]["block-engine"].node_modules["@rbxts"].net.out._NetManaged.DamageBlock
	Status: Allowed
	Call Order In Log: 6
	-------------------- Event Data --------------------
	{
    CallOrderInLog = 6,
    DataFromHook = {
        Source = "ReplicatedStorage.rbxts_include.Promise",
        Origin = game:GetService("Players").LocalPlayer.PlayerScripts.TS.ui.store,
        InvokeKind = "Request",
        Function = function(arg1, arg2, ...)
            --[[Name: runExecutor | Line: 171
            Upvalues: 2
            Function Hash: d6448705789b5ead4caa89766364b91b43b9852aab4ad2967e601129128c82e752b56a7b1b3a3ef4b3a3390dab110a05
            LuaEncode: Unable to serialize function]]
            return
        end,
        Line = 172,
        IsExecutor = false,
        CreationTime = 1788882440.7962,
        InvokeResult = {
            "damaged",
            n = 1
        },
        Arguments = {
            {
                blockRef = {
                    blockPosition = Vector3.new(124, 23, 112)
                },
                hitPosition = Vector3.new(370.93298339844, 70.5, 335.61172485352),
                hitNormal = Vector3.new(0, 1, 0)
            },
            n = 1
        }
    },
    EventType = "Incoming",
    RemoteInstanceInfo = {
        Path = "game:GetService(\"ReplicatedStorage\").rbxts_include.node_modules[\"@easy-games\"][\"block-engine\"].node_modules[\"@rbxts\"].net.out._NetManaged.DamageBlock",
        Name = "DamageBlock",
        ClassName = "RemoteFunction"
    }
}
	-------------------- Generated Code --------------------
	local Event = game:GetService("ReplicatedStorage").rbxts_include.node_modules["@easy-games"]["block-engine"].node_modules["@rbxts"].net.out._NetManaged.DamageBlock
local Result = table.pack(Event:InvokeServer(
    {
        blockRef = {
            blockPosition = Vector3.new(124, 23, 112)
        },
        hitPosition = Vector3.new(370.93298339844, 70.5, 335.61172485352),
        hitNormal = Vector3.new(0, 1, 0)
    }
))

local ExpectedResult = table.unpack({
    "damaged"
})

2026-09-08T13:47:210.108Z,129.093689,Outgoing:DamageBlock,INFO Instance: DamageBlock (RemoteFunction)
	Path: game:GetService("ReplicatedStorage").rbxts_include.node_modules["@easy-games"]["block-engine"].node_modules["@rbxts"].net.out._NetManaged.DamageBlock
	Status: Allowed
	Call Order In Log: 7
	-------------------- Event Data --------------------
	{
    CallOrderInLog = 7,
    DataFromHook = {
        Function = function(arg1, arg2, ...)
            --[[Name: runExecutor | Line: 171
            Upvalues: 2
            Function Hash: d6448705789b5ead4caa89766364b91b43b9852aab4ad2967e601129128c82e752b56a7b1b3a3ef4b3a3390dab110a05
            LuaEncode: Unable to serialize function]]
            return
        end,
        Arguments = {
            {
                blockRef = {
                    blockPosition = Vector3.new(124, 23, 112)
                },
                hitPosition = Vector3.new(371.21759033203, 70.5, 335.9621887207),
                hitNormal = Vector3.new(0, 1, 0)
            },
            n = 1
        },
        Source = "ReplicatedStorage.rbxts_include.Promise",
        Origin = game:GetService("Players").LocalPlayer.PlayerScripts.TS.ui.store,
        IsExecutor = false,
        CreationTime = 1788882441.0885,
        Line = 172
    },
    EventType = "Outgoing",
    RemoteInstanceInfo = {
        Path = "game:GetService(\"ReplicatedStorage\").rbxts_include.node_modules[\"@easy-games\"][\"block-engine\"].node_modules[\"@rbxts\"].net.out._NetManaged.DamageBlock",
        Name = "DamageBlock",
        ClassName = "RemoteFunction"
    }
}
	-------------------- Generated Code --------------------
	local Event = game:GetService("ReplicatedStorage").rbxts_include.node_modules["@easy-games"]["block-engine"].node_modules["@rbxts"].net.out._NetManaged.DamageBlock
Event:InvokeServer(
    {
        blockRef = {
            blockPosition = Vector3.new(124, 23, 112)
        },
        hitPosition = Vector3.new(371.21759033203, 70.5, 335.9621887207),
        hitNormal = Vector3.new(0, 1, 0)
    }
)
2026-09-08T13:47:210.220Z,129.205749,Incoming:DamageBlock,INFO Instance: DamageBlock (RemoteFunction)
	Path: game:GetService("ReplicatedStorage").rbxts_include.node_modules["@easy-games"]["block-engine"].node_modules["@rbxts"].net.out._NetManaged.DamageBlock
	Status: Allowed
	Call Order In Log: 7
	-------------------- Event Data --------------------
	{
    CallOrderInLog = 7,
    DataFromHook = {
        Source = "ReplicatedStorage.rbxts_include.Promise",
        Origin = game:GetService("Players").LocalPlayer.PlayerScripts.TS.ui.store,
        InvokeKind = "Request",
        Function = function(arg1, arg2, ...)
            --[[Name: runExecutor | Line: 171
            Upvalues: 2
            Function Hash: d6448705789b5ead4caa89766364b91b43b9852aab4ad2967e601129128c82e752b56a7b1b3a3ef4b3a3390dab110a05
            LuaEncode: Unable to serialize function]]
            return
        end,
        Line = 172,
        IsExecutor = false,
        CreationTime = 1788882441.1687,
        InvokeResult = {
            "damaged",
            n = 1
        },
        Arguments = {
            {
                blockRef = {
                    blockPosition = Vector3.new(124, 23, 112)
                },
                hitPosition = Vector3.new(371.21759033203, 70.5, 335.9621887207),
                hitNormal = Vector3.new(0, 1, 0)
            },
            n = 1
        }
    },
    EventType = "Incoming",
    RemoteInstanceInfo = {
        Path = "game:GetService(\"ReplicatedStorage\").rbxts_include.node_modules[\"@easy-games\"][\"block-engine\"].node_modules[\"@rbxts\"].net.out._NetManaged.DamageBlock",
        Name = "DamageBlock",
        ClassName = "RemoteFunction"
    }
}
	-------------------- Generated Code --------------------
	local Event = game:GetService("ReplicatedStorage").rbxts_include.node_modules["@easy-games"]["block-engine"].node_modules["@rbxts"].net.out._NetManaged.DamageBlock
local Result = table.pack(Event:InvokeServer(
    {
        blockRef = {
            blockPosition = Vector3.new(124, 23, 112)
        },
        hitPosition = Vector3.new(371.21759033203, 70.5, 335.9621887207),
        hitNormal = Vector3.new(0, 1, 0)
    }
))

local ExpectedResult = table.unpack({
    "damaged"
})

2026-09-08T13:47:210.469Z,129.454829,Outgoing:DamageBlock,INFO Instance: DamageBlock (RemoteFunction)
	Path: game:GetService("ReplicatedStorage").rbxts_include.node_modules["@easy-games"]["block-engine"].node_modules["@rbxts"].net.out._NetManaged.DamageBlock
	Status: Allowed
	Call Order In Log: 8
	-------------------- Event Data --------------------
	{
    CallOrderInLog = 8,
    DataFromHook = {
        Function = function(arg1, arg2, ...)
            --[[Name: runExecutor | Line: 171
            Upvalues: 2
            Function Hash: d6448705789b5ead4caa89766364b91b43b9852aab4ad2967e601129128c82e752b56a7b1b3a3ef4b3a3390dab110a05
            LuaEncode: Unable to serialize function]]
            return
        end,
        Arguments = {
            {
                blockRef = {
                    blockPosition = Vector3.new(124, 23, 112)
                },
                hitPosition = Vector3.new(371.32348632812, 70.5, 336.12930297852),
                hitNormal = Vector3.new(0, 1, 0)
            },
            n = 1
        },
        Source = "ReplicatedStorage.rbxts_include.Promise",
        Origin = game:GetService("Players").LocalPlayer.PlayerScripts.TS.ui.store,
        IsExecutor = false,
        CreationTime = 1788882441.4487,
        Line = 172
    },
    EventType = "Outgoing",
    RemoteInstanceInfo = {
        Path = "game:GetService(\"ReplicatedStorage\").rbxts_include.node_modules[\"@easy-games\"][\"block-engine\"].node_modules[\"@rbxts\"].net.out._NetManaged.DamageBlock",
        Name = "DamageBlock",
        ClassName = "RemoteFunction"
    }
}
	-------------------- Generated Code --------------------
	local Event = game:GetService("ReplicatedStorage").rbxts_include.node_modules["@easy-games"]["block-engine"].node_modules["@rbxts"].net.out._NetManaged.DamageBlock
Event:InvokeServer(
    {
        blockRef = {
            blockPosition = Vector3.new(124, 23, 112)
        },
        hitPosition = Vector3.new(371.32348632812, 70.5, 336.12930297852),
        hitNormal = Vector3.new(0, 1, 0)
    }
)
2026-09-08T13:47:210.566Z,129.551004,Incoming:ZAP_RELIABLE,INFO Instance: ZAP_RELIABLE (RemoteEvent)
	Path: game:GetService("ReplicatedStorage").ZAP.ZAP_RELIABLE
	Status: Allowed
	Call Order In Log: 22
	-------------------- Event Data --------------------
	{
    CallOrderInLog = 22,
    DataFromHook = {
        Function = function(arg1, arg2)
            --[[Name: Anonymous Function | Line: 197
            Upvalues: 6
            Function Hash: c12abf352e6a047ec8651f0796814af9e3212270a979857336a961b6038ed49eccf29d6b3e5f324e8720e5ba0d2214c2
            LuaEncode: Unable to serialize function]]
            return
        end,
        Arguments = {
            (function(bytes) --[[Type: buffer]]
                local b = buffer.create(#bytes)
                for i = 1, #bytes do
                    buffer.writeu8(b, i - 1, bytes[i])
                end
                return b
            end)({ 6, 124, 0, 23, 0, 112, 0, 11, 0, 119, 111, 111, 108, 95, 121, 101, 108, 108, 111, 119, 104, 169, 185, 67, 0, 0, 141, 66, 141, 16, 168, 67, 1, 0, 1, 0, 1 }),
            {
                game:GetService("Players").LocalPlayer
            },
            n = 2
        },
        Origin = game:GetService("Players").LocalPlayer.PlayerScripts.TS.lib.network,
        IsExecutor = false,
        CreationTime = 1788882441.5268
    },
    EventType = "Incoming",
    RemoteInstanceInfo = {
        Path = "game:GetService(\"ReplicatedStorage\").ZAP.ZAP_RELIABLE",
        Name = "ZAP_RELIABLE",
        ClassName = "RemoteEvent"
    }
}
	-------------------- Generated Code --------------------
	local Event = game:GetService("ReplicatedStorage").ZAP.ZAP_RELIABLE
firesignal(Event.OnClientEvent, 
    (function(bytes) --[[Type: buffer]]
        local b = buffer.create(#bytes)
        for i = 1, #bytes do
            buffer.writeu8(b, i - 1, bytes[i])
        end
        return b
    end)({ 6, 124, 0, 23, 0, 112, 0, 11, 0, 119, 111, 111, 108, 95, 121, 101, 108, 108, 111, 119, 104, 169, 185, 67, 0, 0, 141, 66, 141, 16, 168, 67, 1, 0, 1, 0, 1 }),
    {
        game:GetService("Players").LocalPlayer
    }
)
2026-09-08T13:47:210.592Z,129.577617,Incoming:DamageBlock,INFO Instance: DamageBlock (RemoteFunction)
	Path: game:GetService("ReplicatedStorage").rbxts_include.node_modules["@easy-games"]["block-engine"].node_modules["@rbxts"].net.out._NetManaged.DamageBlock
	Status: Allowed
	Call Order In Log: 8
	-------------------- Event Data --------------------
	{
    CallOrderInLog = 8,
    DataFromHook = {
        Source = "ReplicatedStorage.rbxts_include.Promise",
        Origin = game:GetService("Players").LocalPlayer.PlayerScripts.TS.ui.store,
        InvokeKind = "Request",
        Function = function(arg1, arg2, ...)
            --[[Name: runExecutor | Line: 171
            Upvalues: 2
            Function Hash: d6448705789b5ead4caa89766364b91b43b9852aab4ad2967e601129128c82e752b56a7b1b3a3ef4b3a3390dab110a05
            LuaEncode: Unable to serialize function]]
            return
        end,
        Line = 172,
        IsExecutor = false,
        CreationTime = 1788882441.5277,
        InvokeResult = {
            "destroyed",
            n = 1
        },
        Arguments = {
            {
                blockRef = {
                    blockPosition = Vector3.new(124, 23, 112)
                },
                hitPosition = Vector3.new(371.32348632812, 70.5, 336.12930297852),
                hitNormal = Vector3.new(0, 1, 0)
            },
            n = 1
        }
    },
    EventType = "Incoming",
    RemoteInstanceInfo = {
        Path = "game:GetService(\"ReplicatedStorage\").rbxts_include.node_modules[\"@easy-games\"][\"block-engine\"].node_modules[\"@rbxts\"].net.out._NetManaged.DamageBlock",
        Name = "DamageBlock",
        ClassName = "RemoteFunction"
    }
}
	-------------------- Generated Code --------------------
	local Event = game:GetService("ReplicatedStorage").rbxts_include.node_modules["@easy-games"]["block-engine"].node_modules["@rbxts"].net.out._NetManaged.DamageBlock
local Result = table.pack(Event:InvokeServer(
    {
        blockRef = {
            blockPosition = Vector3.new(124, 23, 112)
        },
        hitPosition = Vector3.new(371.32348632812, 70.5, 336.12930297852),
        hitNormal = Vector3.new(0, 1, 0)
    }
))

local ExpectedResult = table.unpack({
    "destroyed"
})

2026-09-08T13:47:220.152Z,130.137316,Outgoing:DamageBlock,INFO Instance: DamageBlock (RemoteFunction)
	Path: game:GetService("ReplicatedStorage").rbxts_include.node_modules["@easy-games"]["block-engine"].node_modules["@rbxts"].net.out._NetManaged.DamageBlock
	Status: Allowed
	Call Order In Log: 9
	-------------------- Event Data --------------------
	{
    CallOrderInLog = 9,
    DataFromHook = {
        Function = function(arg1, arg2, ...)
            --[[Name: runExecutor | Line: 171
            Upvalues: 2
            Function Hash: d6448705789b5ead4caa89766364b91b43b9852aab4ad2967e601129128c82e752b56a7b1b3a3ef4b3a3390dab110a05
            LuaEncode: Unable to serialize function]]
            return
        end,
        Arguments = {
            {
                blockRef = {
                    blockPosition = Vector3.new(124, 23, 111)
                },
                hitPosition = Vector3.new(372.77838134766, 69.529251098633, 334.5),
                hitNormal = Vector3.new(0, 0, 1)
            },
            n = 1
        },
        Source = "ReplicatedStorage.rbxts_include.Promise",
        Origin = game:GetService("Players").LocalPlayer.PlayerScripts.TS.ui.store,
        IsExecutor = false,
        CreationTime = 1788882442.1261,
        Line = 172
    },
    EventType = "Outgoing",
    RemoteInstanceInfo = {
        Path = "game:GetService(\"ReplicatedStorage\").rbxts_include.node_modules[\"@easy-games\"][\"block-engine\"].node_modules[\"@rbxts\"].net.out._NetManaged.DamageBlock",
        Name = "DamageBlock",
        ClassName = "RemoteFunction"
    }
}
	-------------------- Generated Code --------------------
	local Event = game:GetService("ReplicatedStorage").rbxts_include.node_modules["@easy-games"]["block-engine"].node_modules["@rbxts"].net.out._NetManaged.DamageBlock
Event:InvokeServer(
    {
        blockRef = {
            blockPosition = Vector3.new(124, 23, 111)
        },
        hitPosition = Vector3.new(372.77838134766, 69.529251098633, 334.5),
        hitNormal = Vector3.new(0, 0, 1)
    }
)
2026-09-08T13:47:220.233Z,130.218457,Incoming:DamageBlock,INFO Instance: DamageBlock (RemoteFunction)
	Path: game:GetService("ReplicatedStorage").rbxts_include.node_modules["@easy-games"]["block-engine"].node_modules["@rbxts"].net.out._NetManaged.DamageBlock
	Status: Allowed
	Call Order In Log: 9
	-------------------- Event Data --------------------
	{
    CallOrderInLog = 9,
    DataFromHook = {
        Source = "ReplicatedStorage.rbxts_include.Promise",
        Origin = game:GetService("Players").LocalPlayer.PlayerScripts.TS.ui.store,
        InvokeKind = "Request",
        Function = function(arg1, arg2, ...)
            --[[Name: runExecutor | Line: 171
            Upvalues: 2
            Function Hash: d6448705789b5ead4caa89766364b91b43b9852aab4ad2967e601129128c82e752b56a7b1b3a3ef4b3a3390dab110a05
            LuaEncode: Unable to serialize function]]
            return
        end,
        Line = 172,
        IsExecutor = false,
        CreationTime = 1788882442.2083,
        InvokeResult = {
            "damaged",
            n = 1
        },
        Arguments = {
            {
                blockRef = {
                    blockPosition = Vector3.new(124, 23, 111)
                },
                hitPosition = Vector3.new(372.77838134766, 69.529251098633, 334.5),
                hitNormal = Vector3.new(0, 0, 1)
            },
            n = 1
        }
    },
    EventType = "Incoming",
    RemoteInstanceInfo = {
        Path = "game:GetService(\"ReplicatedStorage\").rbxts_include.node_modules[\"@easy-games\"][\"block-engine\"].node_modules[\"@rbxts\"].net.out._NetManaged.DamageBlock",
        Name = "DamageBlock",
        ClassName = "RemoteFunction"
    }
}
	-------------------- Generated Code --------------------
	local Event = game:GetService("ReplicatedStorage").rbxts_include.node_modules["@easy-games"]["block-engine"].node_modules["@rbxts"].net.out._NetManaged.DamageBlock
local Result = table.pack(Event:InvokeServer(
    {
        blockRef = {
            blockPosition = Vector3.new(124, 23, 111)
        },
        hitPosition = Vector3.new(372.77838134766, 69.529251098633, 334.5),
        hitNormal = Vector3.new(0, 0, 1)
    }
))

local ExpectedResult = table.unpack({
    "damaged"
})

2026-09-08T13:47:220.506Z,130.491139,Outgoing:DamageBlock,INFO Instance: DamageBlock (RemoteFunction)
	Path: game:GetService("ReplicatedStorage").rbxts_include.node_modules["@easy-games"]["block-engine"].node_modules["@rbxts"].net.out._NetManaged.DamageBlock
	Status: Allowed
	Call Order In Log: 10
	-------------------- Event Data --------------------
	{
    CallOrderInLog = 10,
    DataFromHook = {
        Function = function(arg1, arg2, ...)
            --[[Name: runExecutor | Line: 171
            Upvalues: 2
            Function Hash: d6448705789b5ead4caa89766364b91b43b9852aab4ad2967e601129128c82e752b56a7b1b3a3ef4b3a3390dab110a05
            LuaEncode: Unable to serialize function]]
            return
        end,
        Arguments = {
            {
                blockRef = {
                    blockPosition = Vector3.new(124, 23, 111)
                },
                hitPosition = Vector3.new(372.75866699219, 69.664978027344, 334.5),
                hitNormal = Vector3.new(0, 0, 1)
            },
            n = 1
        },
        Source = "ReplicatedStorage.rbxts_include.Promise",
        Origin = game:GetService("Players").LocalPlayer.PlayerScripts.TS.ui.store,
        IsExecutor = false,
        CreationTime = 1788882442.4849,
        Line = 172
    },
    EventType = "Outgoing",
    RemoteInstanceInfo = {
        Path = "game:GetService(\"ReplicatedStorage\").rbxts_include.node_modules[\"@easy-games\"][\"block-engine\"].node_modules[\"@rbxts\"].net.out._NetManaged.DamageBlock",
        Name = "DamageBlock",
        ClassName = "RemoteFunction"
    }
}
	-------------------- Generated Code --------------------
	local Event = game:GetService("ReplicatedStorage").rbxts_include.node_modules["@easy-games"]["block-engine"].node_modules["@rbxts"].net.out._NetManaged.DamageBlock
Event:InvokeServer(
    {
        blockRef = {
            blockPosition = Vector3.new(124, 23, 111)
        },
        hitPosition = Vector3.new(372.75866699219, 69.664978027344, 334.5),
        hitNormal = Vector3.new(0, 0, 1)
    }
)
2026-09-08T13:47:220.568Z,130.553749,Incoming:DamageBlock,INFO Instance: DamageBlock (RemoteFunction)
	Path: game:GetService("ReplicatedStorage").rbxts_include.node_modules["@easy-games"]["block-engine"].node_modules["@rbxts"].net.out._NetManaged.DamageBlock
	Status: Allowed
	Call Order In Log: 10
	-------------------- Event Data --------------------
	{
    CallOrderInLog = 10,
    DataFromHook = {
        Source = "ReplicatedStorage.rbxts_include.Promise",
        Origin = game:GetService("Players").LocalPlayer.PlayerScripts.TS.ui.store,
        InvokeKind = "Request",
        Function = function(arg1, arg2, ...)
            --[[Name: runExecutor | Line: 171
            Upvalues: 2
            Function Hash: d6448705789b5ead4caa89766364b91b43b9852aab4ad2967e601129128c82e752b56a7b1b3a3ef4b3a3390dab110a05
            LuaEncode: Unable to serialize function]]
            return
        end,
        Line = 172,
        IsExecutor = false,
        CreationTime = 1788882442.5433,
        InvokeResult = {
            "damaged",
            n = 1
        },
        Arguments = {
            {
                blockRef = {
                    blockPosition = Vector3.new(124, 23, 111)
                },
                hitPosition = Vector3.new(372.75866699219, 69.664978027344, 334.5),
                hitNormal = Vector3.new(0, 0, 1)
            },
            n = 1
        }
    },
    EventType = "Incoming",
    RemoteInstanceInfo = {
        Path = "game:GetService(\"ReplicatedStorage\").rbxts_include.node_modules[\"@easy-games\"][\"block-engine\"].node_modules[\"@rbxts\"].net.out._NetManaged.DamageBlock",
        Name = "DamageBlock",
        ClassName = "RemoteFunction"
    }
}
	-------------------- Generated Code --------------------
	local Event = game:GetService("ReplicatedStorage").rbxts_include.node_modules["@easy-games"]["block-engine"].node_modules["@rbxts"].net.out._NetManaged.DamageBlock
local Result = table.pack(Event:InvokeServer(
    {
        blockRef = {
            blockPosition = Vector3.new(124, 23, 111)
        },
        hitPosition = Vector3.new(372.75866699219, 69.664978027344, 334.5),
        hitNormal = Vector3.new(0, 0, 1)
    }
))

local ExpectedResult = table.unpack({
    "damaged"
})

2026-09-08T13:47:220.857Z,130.842633,Outgoing:DamageBlock,INFO Instance: DamageBlock (RemoteFunction)
	Path: game:GetService("ReplicatedStorage").rbxts_include.node_modules["@easy-games"]["block-engine"].node_modules["@rbxts"].net.out._NetManaged.DamageBlock
	Status: Allowed
	Call Order In Log: 11
	-------------------- Event Data --------------------
	{
    CallOrderInLog = 11,
    DataFromHook = {
        Function = function(arg1, arg2, ...)
            --[[Name: runExecutor | Line: 171
            Upvalues: 2
            Function Hash: d6448705789b5ead4caa89766364b91b43b9852aab4ad2967e601129128c82e752b56a7b1b3a3ef4b3a3390dab110a05
            LuaEncode: Unable to serialize function]]
            return
        end,
        Arguments = {
            {
                blockRef = {
                    blockPosition = Vector3.new(124, 23, 111)
                },
                hitPosition = Vector3.new(372.15289306641, 70.285789489746, 334.5),
                hitNormal = Vector3.new(0, 0, 1)
            },
            n = 1
        },
        Source = "ReplicatedStorage.rbxts_include.Promise",
        Origin = game:GetService("Players").LocalPlayer.PlayerScripts.TS.ui.store,
        IsExecutor = false,
        CreationTime = 1788882442.8349,
        Line = 172
    },
    EventType = "Outgoing",
    RemoteInstanceInfo = {
        Path = "game:GetService(\"ReplicatedStorage\").rbxts_include.node_modules[\"@easy-games\"][\"block-engine\"].node_modules[\"@rbxts\"].net.out._NetManaged.DamageBlock",
        Name = "DamageBlock",
        ClassName = "RemoteFunction"
    }
}
	-------------------- Generated Code --------------------
	local Event = game:GetService("ReplicatedStorage").rbxts_include.node_modules["@easy-games"]["block-engine"].node_modules["@rbxts"].net.out._NetManaged.DamageBlock
Event:InvokeServer(
    {
        blockRef = {
            blockPosition = Vector3.new(124, 23, 111)
        },
        hitPosition = Vector3.new(372.15289306641, 70.285789489746, 334.5),
        hitNormal = Vector3.new(0, 0, 1)
    }
)
2026-09-08T13:47:220.942Z,130.927468,Incoming:DamageBlock,INFO Instance: DamageBlock (RemoteFunction)
	Path: game:GetService("ReplicatedStorage").rbxts_include.node_modules["@easy-games"]["block-engine"].node_modules["@rbxts"].net.out._NetManaged.DamageBlock
	Status: Allowed
	Call Order In Log: 11
	-------------------- Event Data --------------------
	{
    CallOrderInLog = 11,
    DataFromHook = {
        Source = "ReplicatedStorage.rbxts_include.Promise",
        Origin = game:GetService("Players").LocalPlayer.PlayerScripts.TS.ui.store,
        InvokeKind = "Request",
        Function = function(arg1, arg2, ...)
            --[[Name: runExecutor | Line: 171
            Upvalues: 2
            Function Hash: d6448705789b5ead4caa89766364b91b43b9852aab4ad2967e601129128c82e752b56a7b1b3a3ef4b3a3390dab110a05
            LuaEncode: Unable to serialize function]]
            return
        end,
        Line = 172,
        IsExecutor = false,
        CreationTime = 1788882442.9178,
        InvokeResult = {
            "damaged",
            n = 1
        },
        Arguments = {
            {
                blockRef = {
                    blockPosition = Vector3.new(124, 23, 111)
                },
                hitPosition = Vector3.new(372.15289306641, 70.285789489746, 334.5),
                hitNormal = Vector3.new(0, 0, 1)
            },
            n = 1
        }
    },
    EventType = "Incoming",
    RemoteInstanceInfo = {
        Path = "game:GetService(\"ReplicatedStorage\").rbxts_include.node_modules[\"@easy-games\"][\"block-engine\"].node_modules[\"@rbxts\"].net.out._NetManaged.DamageBlock",
        Name = "DamageBlock",
        ClassName = "RemoteFunction"
    }
}
	-------------------- Generated Code --------------------
	local Event = game:GetService("ReplicatedStorage").rbxts_include.node_modules["@easy-games"]["block-engine"].node_modules["@rbxts"].net.out._NetManaged.DamageBlock
local Result = table.pack(Event:InvokeServer(
    {
        blockRef = {
            blockPosition = Vector3.new(124, 23, 111)
        },
        hitPosition = Vector3.new(372.15289306641, 70.285789489746, 334.5),
        hitNormal = Vector3.new(0, 0, 1)
    }
))

local ExpectedResult = table.unpack({
    "damaged"
})

2026-09-08T13:47:230.242Z,131.227476,Outgoing:DamageBlock,INFO Instance: DamageBlock (RemoteFunction)
	Path: game:GetService("ReplicatedStorage").rbxts_include.node_modules["@easy-games"]["block-engine"].node_modules["@rbxts"].net.out._NetManaged.DamageBlock
	Status: Allowed
	Call Order In Log: 12
	-------------------- Event Data --------------------
	{
    CallOrderInLog = 12,
    DataFromHook = {
        Function = function(arg1, arg2, ...)
            --[[Name: runExecutor | Line: 171
            Upvalues: 2
            Function Hash: d6448705789b5ead4caa89766364b91b43b9852aab4ad2967e601129128c82e752b56a7b1b3a3ef4b3a3390dab110a05
            LuaEncode: Unable to serialize function]]
            return
        end,
        Arguments = {
            {
                blockRef = {
                    blockPosition = Vector3.new(124, 23, 111)
                },
                hitPosition = Vector3.new(372.0309753418, 70.479751586914, 334.5),
                hitNormal = Vector3.new(0, 0, 1)
            },
            n = 1
        },
        Source = "ReplicatedStorage.rbxts_include.Promise",
        Origin = game:GetService("Players").LocalPlayer.PlayerScripts.TS.ui.store,
        IsExecutor = false,
        CreationTime = 1788882443.2214,
        Line = 172
    },
    EventType = "Outgoing",
    RemoteInstanceInfo = {
        Path = "game:GetService(\"ReplicatedStorage\").rbxts_include.node_modules[\"@easy-games\"][\"block-engine\"].node_modules[\"@rbxts\"].net.out._NetManaged.DamageBlock",
        Name = "DamageBlock",
        ClassName = "RemoteFunction"
    }
}
	-------------------- Generated Code --------------------
	local Event = game:GetService("ReplicatedStorage").rbxts_include.node_modules["@easy-games"]["block-engine"].node_modules["@rbxts"].net.out._NetManaged.DamageBlock
Event:InvokeServer(
    {
        blockRef = {
            blockPosition = Vector3.new(124, 23, 111)
        },
        hitPosition = Vector3.new(372.0309753418, 70.479751586914, 334.5),
        hitNormal = Vector3.new(0, 0, 1)
    }
)
2026-09-08T13:47:230.314Z,131.299891,Incoming:ZAP_RELIABLE,INFO Instance: ZAP_RELIABLE (RemoteEvent)
	Path: game:GetService("ReplicatedStorage").ZAP.ZAP_RELIABLE
	Status: Allowed
	Call Order In Log: 23
	-------------------- Event Data --------------------
	{
    CallOrderInLog = 23,
    DataFromHook = {
        Function = function(arg1, arg2)
            --[[Name: Anonymous Function | Line: 197
            Upvalues: 6
            Function Hash: c12abf352e6a047ec8651f0796814af9e3212270a979857336a961b6038ed49eccf29d6b3e5f324e8720e5ba0d2214c2
            LuaEncode: Unable to serialize function]]
            return
        end,
        Arguments = {
            (function(bytes) --[[Type: buffer]]
                local b = buffer.create(#bytes)
                for i = 1, #bytes do
                    buffer.writeu8(b, i - 1, bytes[i])
                end
                return b
            end)({ 6, 124, 0, 23, 0, 111, 0, 11, 0, 119, 111, 111, 108, 95, 121, 101, 108, 108, 111, 119, 247, 3, 186, 67, 162, 245, 140, 66, 0, 64, 167, 67, 1, 0, 0, 1, 1 }),
            {
                game:GetService("Players").LocalPlayer
            },
            n = 2
        },
        Origin = game:GetService("Players").LocalPlayer.PlayerScripts.TS.lib.network,
        IsExecutor = false,
        CreationTime = 1788882443.2842
    },
    EventType = "Incoming",
    RemoteInstanceInfo = {
        Path = "game:GetService(\"ReplicatedStorage\").ZAP.ZAP_RELIABLE",
        Name = "ZAP_RELIABLE",
        ClassName = "RemoteEvent"
    }
}
	-------------------- Generated Code --------------------
	local Event = game:GetService("ReplicatedStorage").ZAP.ZAP_RELIABLE
firesignal(Event.OnClientEvent, 
    (function(bytes) --[[Type: buffer]]
        local b = buffer.create(#bytes)
        for i = 1, #bytes do
            buffer.writeu8(b, i - 1, bytes[i])
        end
        return b
    end)({ 6, 124, 0, 23, 0, 111, 0, 11, 0, 119, 111, 111, 108, 95, 121, 101, 108, 108, 111, 119, 247, 3, 186, 67, 162, 245, 140, 66, 0, 64, 167, 67, 1, 0, 0, 1, 1 }),
    {
        game:GetService("Players").LocalPlayer
    }
)
2026-09-08T13:47:230.335Z,131.320687,Incoming:DamageBlock,INFO Instance: DamageBlock (RemoteFunction)
	Path: game:GetService("ReplicatedStorage").rbxts_include.node_modules["@easy-games"]["block-engine"].node_modules["@rbxts"].net.out._NetManaged.DamageBlock
	Status: Allowed
	Call Order In Log: 12
	-------------------- Event Data --------------------
	{
    CallOrderInLog = 12,
    DataFromHook = {
        Source = "ReplicatedStorage.rbxts_include.Promise",
        Origin = game:GetService("Players").LocalPlayer.PlayerScripts.TS.ui.store,
        InvokeKind = "Request",
        Function = function(arg1, arg2, ...)
            --[[Name: runExecutor | Line: 171
            Upvalues: 2
            Function Hash: d6448705789b5ead4caa89766364b91b43b9852aab4ad2967e601129128c82e752b56a7b1b3a3ef4b3a3390dab110a05
            LuaEncode: Unable to serialize function]]
            return
        end,
        Line = 172,
        IsExecutor = false,
        CreationTime = 1788882443.2849,
        InvokeResult = {
            "destroyed",
            n = 1
        },
        Arguments = {
            {
                blockRef = {
                    blockPosition = Vector3.new(124, 23, 111)
                },
                hitPosition = Vector3.new(372.0309753418, 70.479751586914, 334.5),
                hitNormal = Vector3.new(0, 0, 1)
            },
            n = 1
        }
    },
    EventType = "Incoming",
    RemoteInstanceInfo = {
        Path = "game:GetService(\"ReplicatedStorage\").rbxts_include.node_modules[\"@easy-games\"][\"block-engine\"].node_modules[\"@rbxts\"].net.out._NetManaged.DamageBlock",
        Name = "DamageBlock",
        ClassName = "RemoteFunction"
    }
}
	-------------------- Generated Code --------------------
	local Event = game:GetService("ReplicatedStorage").rbxts_include.node_modules["@easy-games"]["block-engine"].node_modules["@rbxts"].net.out._NetManaged.DamageBlock
local Result = table.pack(Event:InvokeServer(
    {
        blockRef = {
            blockPosition = Vector3.new(124, 23, 111)
        },
        hitPosition = Vector3.new(372.0309753418, 70.479751586914, 334.5),
        hitNormal = Vector3.new(0, 0, 1)
    }
))

local ExpectedResult = table.unpack({
    "destroyed"
})

2026-09-08T13:47:290.609Z,137.594138,Outgoing:SetInvItem,INFO Instance: SetInvItem (RemoteFunction)
	Path: game:GetService("ReplicatedStorage").rbxts_include.node_modules["@rbxts"].net.out._NetManaged.SetInvItem
	Status: Allowed
	Call Order In Log: 3
	-------------------- Event Data --------------------
	{
    CallOrderInLog = 3,
    DataFromHook = {
        Function = function()
            --[[Name: Anonymous Function | Line: 4799
            Upvalues: 4
            Function Hash: 696e72dac122200003c7e124b9a1f4eb0b11e30128c7f5bf4031ca91ae5d1c4ff76650101bc878cf45c429b45a67c1c2
            LuaEncode: Unable to serialize function]]
            return
        end,
        Arguments = {
            {
                hand = game:GetService("ReplicatedStorage").Inventories[game:GetService("Players").LocalPlayer.Name].wood_pickaxe
            },
            n = 1
        },
        Source = "KHyisTwEIHrhmsGMRMOJUeGxF",
        IsExecutor = true,
        CreationTime = 1788882449.5754,
        Line = 4800
    },
    EventType = "Outgoing",
    RemoteInstanceInfo = {
        Path = "game:GetService(\"ReplicatedStorage\").rbxts_include.node_modules[\"@rbxts\"].net.out._NetManaged.SetInvItem",
        Name = "SetInvItem",
        ClassName = "RemoteFunction"
    }
}
	-------------------- Generated Code --------------------
	local Event = game:GetService("ReplicatedStorage").rbxts_include.node_modules["@rbxts"].net.out._NetManaged.SetInvItem
Event:InvokeServer(
    {
        hand = game:GetService("ReplicatedStorage").Inventories[game:GetService("Players").LocalPlayer.Name].wood_pickaxe
    }
)
2026-09-08T13:47:290.674Z,137.659033,Incoming:SetInvItem,INFO Instance: SetInvItem (RemoteFunction)
	Path: game:GetService("ReplicatedStorage").rbxts_include.node_modules["@rbxts"].net.out._NetManaged.SetInvItem
	Status: Allowed
	Call Order In Log: 3
	-------------------- Event Data --------------------
	{
    CallOrderInLog = 3,
    DataFromHook = {
        InvokeResult = {
            true,
            n = 1
        },
        Arguments = {
            {
                hand = game:GetService("ReplicatedStorage").Inventories[game:GetService("Players").LocalPlayer.Name].wood_pickaxe
            },
            n = 1
        },
        Source = "KHyisTwEIHrhmsGMRMOJUeGxF",
        Function = function()
            --[[Name: Anonymous Function | Line: 4799
            Upvalues: 4
            Function Hash: 696e72dac122200003c7e124b9a1f4eb0b11e30128c7f5bf4031ca91ae5d1c4ff76650101bc878cf45c429b45a67c1c2
            LuaEncode: Unable to serialize function]]
            return
        end,
        IsExecutor = true,
        CreationTime = 1788882449.6405,
        InvokeKind = "Request",
        Line = 4800
    },
    EventType = "Incoming",
    RemoteInstanceInfo = {
        Path = "game:GetService(\"ReplicatedStorage\").rbxts_include.node_modules[\"@rbxts\"].net.out._NetManaged.SetInvItem",
        Name = "SetInvItem",
        ClassName = "RemoteFunction"
    }
}
	-------------------- Generated Code --------------------
	local Event = game:GetService("ReplicatedStorage").rbxts_include.node_modules["@rbxts"].net.out._NetManaged.SetInvItem
local Result = table.pack(Event:InvokeServer(
    {
        hand = game:GetService("ReplicatedStorage").Inventories[game:GetService("Players").LocalPlayer.Name].wood_pickaxe
    }
))

local ExpectedResult = table.unpack({
    true
})

2026-09-08T13:47:340.444Z,142.429024,Outgoing:DamageBlock,INFO Instance: DamageBlock (RemoteFunction)
	Path: game:GetService("ReplicatedStorage").rbxts_include.node_modules["@easy-games"]["block-engine"].node_modules["@rbxts"].net.out._NetManaged.DamageBlock
	Status: Allowed
	Call Order In Log: 13
	-------------------- Event Data --------------------
	{
    CallOrderInLog = 13,
    DataFromHook = {
        Function = function(arg1, arg2, ...)
            --[[Name: runExecutor | Line: 171
            Upvalues: 2
            Function Hash: d6448705789b5ead4caa89766364b91b43b9852aab4ad2967e601129128c82e752b56a7b1b3a3ef4b3a3390dab110a05
            LuaEncode: Unable to serialize function]]
            return
        end,
        Arguments = {
            {
                blockRef = {
                    blockPosition = Vector3.new(115, 23, 103)
                },
                hitPosition = Vector3.new(346.5, 69.169494628906, 307.57632446289),
                hitNormal = Vector3.new(1, 0, 0)
            },
            n = 1
        },
        Source = "ReplicatedStorage.rbxts_include.Promise",
        Origin = game:GetService("Players").LocalPlayer.PlayerScripts.TS.ui.store,
        IsExecutor = false,
        CreationTime = 1788882454.4244,
        Line = 172
    },
    EventType = "Outgoing",
    RemoteInstanceInfo = {
        Path = "game:GetService(\"ReplicatedStorage\").rbxts_include.node_modules[\"@easy-games\"][\"block-engine\"].node_modules[\"@rbxts\"].net.out._NetManaged.DamageBlock",
        Name = "DamageBlock",
        ClassName = "RemoteFunction"
    }
}
	-------------------- Generated Code --------------------
	local Event = game:GetService("ReplicatedStorage").rbxts_include.node_modules["@easy-games"]["block-engine"].node_modules["@rbxts"].net.out._NetManaged.DamageBlock
Event:InvokeServer(
    {
        blockRef = {
            blockPosition = Vector3.new(115, 23, 103)
        },
        hitPosition = Vector3.new(346.5, 69.169494628906, 307.57632446289),
        hitNormal = Vector3.new(1, 0, 0)
    }
)
2026-09-08T13:47:340.541Z,142.526677,Incoming:DamageBlock,INFO Instance: DamageBlock (RemoteFunction)
	Path: game:GetService("ReplicatedStorage").rbxts_include.node_modules["@easy-games"]["block-engine"].node_modules["@rbxts"].net.out._NetManaged.DamageBlock
	Status: Allowed
	Call Order In Log: 13
	-------------------- Event Data --------------------
	{
    CallOrderInLog = 13,
    DataFromHook = {
        Source = "ReplicatedStorage.rbxts_include.Promise",
        Origin = game:GetService("Players").LocalPlayer.PlayerScripts.TS.ui.store,
        InvokeKind = "Request",
        Function = function(arg1, arg2, ...)
            --[[Name: runExecutor | Line: 171
            Upvalues: 2
            Function Hash: d6448705789b5ead4caa89766364b91b43b9852aab4ad2967e601129128c82e752b56a7b1b3a3ef4b3a3390dab110a05
            LuaEncode: Unable to serialize function]]
            return
        end,
        Line = 172,
        IsExecutor = false,
        CreationTime = 1788882454.5102,
        InvokeResult = {
            "damaged",
            n = 1
        },
        Arguments = {
            {
                blockRef = {
                    blockPosition = Vector3.new(115, 23, 103)
                },
                hitPosition = Vector3.new(346.5, 69.169494628906, 307.57632446289),
                hitNormal = Vector3.new(1, 0, 0)
            },
            n = 1
        }
    },
    EventType = "Incoming",
    RemoteInstanceInfo = {
        Path = "game:GetService(\"ReplicatedStorage\").rbxts_include.node_modules[\"@easy-games\"][\"block-engine\"].node_modules[\"@rbxts\"].net.out._NetManaged.DamageBlock",
        Name = "DamageBlock",
        ClassName = "RemoteFunction"
    }
}
	-------------------- Generated Code --------------------
	local Event = game:GetService("ReplicatedStorage").rbxts_include.node_modules["@easy-games"]["block-engine"].node_modules["@rbxts"].net.out._NetManaged.DamageBlock
local Result = table.pack(Event:InvokeServer(
    {
        blockRef = {
            blockPosition = Vector3.new(115, 23, 103)
        },
        hitPosition = Vector3.new(346.5, 69.169494628906, 307.57632446289),
        hitNormal = Vector3.new(1, 0, 0)
    }
))

local ExpectedResult = table.unpack({
    "damaged"
})

2026-09-08T13:47:340.804Z,142.789648,Outgoing:DamageBlock,INFO Instance: DamageBlock (RemoteFunction)
	Path: game:GetService("ReplicatedStorage").rbxts_include.node_modules["@easy-games"]["block-engine"].node_modules["@rbxts"].net.out._NetManaged.DamageBlock
	Status: Allowed
	Call Order In Log: 14
	-------------------- Event Data --------------------
	{
    CallOrderInLog = 14,
    DataFromHook = {
        Function = function(arg1, arg2, ...)
            --[[Name: runExecutor | Line: 171
            Upvalues: 2
            Function Hash: d6448705789b5ead4caa89766364b91b43b9852aab4ad2967e601129128c82e752b56a7b1b3a3ef4b3a3390dab110a05
            LuaEncode: Unable to serialize function]]
            return
        end,
        Arguments = {
            {
                blockRef = {
                    blockPosition = Vector3.new(115, 23, 103)
                },
                hitPosition = Vector3.new(346.5, 69.492904663086, 308.06500244141),
                hitNormal = Vector3.new(1, 0, 0)
            },
            n = 1
        },
        Source = "ReplicatedStorage.rbxts_include.Promise",
        Origin = game:GetService("Players").LocalPlayer.PlayerScripts.TS.ui.store,
        IsExecutor = false,
        CreationTime = 1788882454.7772,
        Line = 172
    },
    EventType = "Outgoing",
    RemoteInstanceInfo = {
        Path = "game:GetService(\"ReplicatedStorage\").rbxts_include.node_modules[\"@easy-games\"][\"block-engine\"].node_modules[\"@rbxts\"].net.out._NetManaged.DamageBlock",
        Name = "DamageBlock",
        ClassName = "RemoteFunction"
    }
}
	-------------------- Generated Code --------------------
	local Event = game:GetService("ReplicatedStorage").rbxts_include.node_modules["@easy-games"]["block-engine"].node_modules["@rbxts"].net.out._NetManaged.DamageBlock
Event:InvokeServer(
    {
        blockRef = {
            blockPosition = Vector3.new(115, 23, 103)
        },
        hitPosition = Vector3.new(346.5, 69.492904663086, 308.06500244141),
        hitNormal = Vector3.new(1, 0, 0)
    }
)
2026-09-08T13:47:340.897Z,142.882100,Incoming:DamageBlock,INFO Instance: DamageBlock (RemoteFunction)
	Path: game:GetService("ReplicatedStorage").rbxts_include.node_modules["@easy-games"]["block-engine"].node_modules["@rbxts"].net.out._NetManaged.DamageBlock
	Status: Allowed
	Call Order In Log: 14
	-------------------- Event Data --------------------
	{
    CallOrderInLog = 14,
    DataFromHook = {
        Source = "ReplicatedStorage.rbxts_include.Promise",
        Origin = game:GetService("Players").LocalPlayer.PlayerScripts.TS.ui.store,
        InvokeKind = "Request",
        Function = function(arg1, arg2, ...)
            --[[Name: runExecutor | Line: 171
            Upvalues: 2
            Function Hash: d6448705789b5ead4caa89766364b91b43b9852aab4ad2967e601129128c82e752b56a7b1b3a3ef4b3a3390dab110a05
            LuaEncode: Unable to serialize function]]
            return
        end,
        Line = 172,
        IsExecutor = false,
        CreationTime = 1788882454.868,
        InvokeResult = {
            "damaged",
            n = 1
        },
        Arguments = {
            {
                blockRef = {
                    blockPosition = Vector3.new(115, 23, 103)
                },
                hitPosition = Vector3.new(346.5, 69.492904663086, 308.06500244141),
                hitNormal = Vector3.new(1, 0, 0)
            },
            n = 1
        }
    },
    EventType = "Incoming",
    RemoteInstanceInfo = {
        Path = "game:GetService(\"ReplicatedStorage\").rbxts_include.node_modules[\"@easy-games\"][\"block-engine\"].node_modules[\"@rbxts\"].net.out._NetManaged.DamageBlock",
        Name = "DamageBlock",
        ClassName = "RemoteFunction"
    }
}
	-------------------- Generated Code --------------------
	local Event = game:GetService("ReplicatedStorage").rbxts_include.node_modules["@easy-games"]["block-engine"].node_modules["@rbxts"].net.out._NetManaged.DamageBlock
local Result = table.pack(Event:InvokeServer(
    {
        blockRef = {
            blockPosition = Vector3.new(115, 23, 103)
        },
        hitPosition = Vector3.new(346.5, 69.492904663086, 308.06500244141),
        hitNormal = Vector3.new(1, 0, 0)
    }
))

local ExpectedResult = table.unpack({
    "damaged"
})

2026-09-08T13:47:350.184Z,143.169069,Outgoing:DamageBlock,INFO Instance: DamageBlock (RemoteFunction)
	Path: game:GetService("ReplicatedStorage").rbxts_include.node_modules["@easy-games"]["block-engine"].node_modules["@rbxts"].net.out._NetManaged.DamageBlock
	Status: Allowed
	Call Order In Log: 15
	-------------------- Event Data --------------------
	{
    CallOrderInLog = 15,
    DataFromHook = {
        Function = function(arg1, arg2, ...)
            --[[Name: runExecutor | Line: 171
            Upvalues: 2
            Function Hash: d6448705789b5ead4caa89766364b91b43b9852aab4ad2967e601129128c82e752b56a7b1b3a3ef4b3a3390dab110a05
            LuaEncode: Unable to serialize function]]
            return
        end,
        Arguments = {
            {
                blockRef = {
                    blockPosition = Vector3.new(115, 23, 103)
                },
                hitPosition = Vector3.new(346.5, 69.492904663086, 308.06500244141),
                hitNormal = Vector3.new(1, 0, 0)
            },
            n = 1
        },
        Source = "ReplicatedStorage.rbxts_include.Promise",
        Origin = game:GetService("Players").LocalPlayer.PlayerScripts.TS.ui.store,
        IsExecutor = false,
        CreationTime = 1788882455.1568,
        Line = 172
    },
    EventType = "Outgoing",
    RemoteInstanceInfo = {
        Path = "game:GetService(\"ReplicatedStorage\").rbxts_include.node_modules[\"@easy-games\"][\"block-engine\"].node_modules[\"@rbxts\"].net.out._NetManaged.DamageBlock",
        Name = "DamageBlock",
        ClassName = "RemoteFunction"
    }
}
	-------------------- Generated Code --------------------
	local Event = game:GetService("ReplicatedStorage").rbxts_include.node_modules["@easy-games"]["block-engine"].node_modules["@rbxts"].net.out._NetManaged.DamageBlock
Event:InvokeServer(
    {
        blockRef = {
            blockPosition = Vector3.new(115, 23, 103)
        },
        hitPosition = Vector3.new(346.5, 69.492904663086, 308.06500244141),
        hitNormal = Vector3.new(1, 0, 0)
    }
)
2026-09-08T13:47:350.280Z,143.265251,Incoming:DamageBlock,INFO Instance: DamageBlock (RemoteFunction)
	Path: game:GetService("ReplicatedStorage").rbxts_include.node_modules["@easy-games"]["block-engine"].node_modules["@rbxts"].net.out._NetManaged.DamageBlock
	Status: Allowed
	Call Order In Log: 15
	-------------------- Event Data --------------------
	{
    CallOrderInLog = 15,
    DataFromHook = {
        Source = "ReplicatedStorage.rbxts_include.Promise",
        Origin = game:GetService("Players").LocalPlayer.PlayerScripts.TS.ui.store,
        InvokeKind = "Request",
        Function = function(arg1, arg2, ...)
            --[[Name: runExecutor | Line: 171
            Upvalues: 2
            Function Hash: d6448705789b5ead4caa89766364b91b43b9852aab4ad2967e601129128c82e752b56a7b1b3a3ef4b3a3390dab110a05
            LuaEncode: Unable to serialize function]]
            return
        end,
        Line = 172,
        IsExecutor = false,
        CreationTime = 1788882455.2487,
        InvokeResult = {
            "damaged",
            n = 1
        },
        Arguments = {
            {
                blockRef = {
                    blockPosition = Vector3.new(115, 23, 103)
                },
                hitPosition = Vector3.new(346.5, 69.492904663086, 308.06500244141),
                hitNormal = Vector3.new(1, 0, 0)
            },
            n = 1
        }
    },
    EventType = "Incoming",
    RemoteInstanceInfo = {
        Path = "game:GetService(\"ReplicatedStorage\").rbxts_include.node_modules[\"@easy-games\"][\"block-engine\"].node_modules[\"@rbxts\"].net.out._NetManaged.DamageBlock",
        Name = "DamageBlock",
        ClassName = "RemoteFunction"
    }
}
	-------------------- Generated Code --------------------
	local Event = game:GetService("ReplicatedStorage").rbxts_include.node_modules["@easy-games"]["block-engine"].node_modules["@rbxts"].net.out._NetManaged.DamageBlock
local Result = table.pack(Event:InvokeServer(
    {
        blockRef = {
            blockPosition = Vector3.new(115, 23, 103)
        },
        hitPosition = Vector3.new(346.5, 69.492904663086, 308.06500244141),
        hitNormal = Vector3.new(1, 0, 0)
    }
))

local ExpectedResult = table.unpack({
    "damaged"
})

2026-09-08T13:47:350.562Z,143.547272,Outgoing:DamageBlock,INFO Instance: DamageBlock (RemoteFunction)
	Path: game:GetService("ReplicatedStorage").rbxts_include.node_modules["@easy-games"]["block-engine"].node_modules["@rbxts"].net.out._NetManaged.DamageBlock
	Status: Allowed
	Call Order In Log: 16
	-------------------- Event Data --------------------
	{
    CallOrderInLog = 16,
    DataFromHook = {
        Function = function(arg1, arg2, ...)
            --[[Name: runExecutor | Line: 171
            Upvalues: 2
            Function Hash: d6448705789b5ead4caa89766364b91b43b9852aab4ad2967e601129128c82e752b56a7b1b3a3ef4b3a3390dab110a05
            LuaEncode: Unable to serialize function]]
            return
        end,
        Arguments = {
            {
                blockRef = {
                    blockPosition = Vector3.new(115, 23, 103)
                },
                hitPosition = Vector3.new(346.5, 69.492904663086, 308.06500244141),
                hitNormal = Vector3.new(1, 0, 0)
            },
            n = 1
        },
        Source = "ReplicatedStorage.rbxts_include.Promise",
        Origin = game:GetService("Players").LocalPlayer.PlayerScripts.TS.ui.store,
        IsExecutor = false,
        CreationTime = 1788882455.5363,
        Line = 172
    },
    EventType = "Outgoing",
    RemoteInstanceInfo = {
        Path = "game:GetService(\"ReplicatedStorage\").rbxts_include.node_modules[\"@easy-games\"][\"block-engine\"].node_modules[\"@rbxts\"].net.out._NetManaged.DamageBlock",
        Name = "DamageBlock",
        ClassName = "RemoteFunction"
    }
}
	-------------------- Generated Code --------------------
	local Event = game:GetService("ReplicatedStorage").rbxts_include.node_modules["@easy-games"]["block-engine"].node_modules["@rbxts"].net.out._NetManaged.DamageBlock
Event:InvokeServer(
    {
        blockRef = {
            blockPosition = Vector3.new(115, 23, 103)
        },
        hitPosition = Vector3.new(346.5, 69.492904663086, 308.06500244141),
        hitNormal = Vector3.new(1, 0, 0)
    }
)
2026-09-08T13:47:350.638Z,143.623034,Incoming:DamageBlock,INFO Instance: DamageBlock (RemoteFunction)
	Path: game:GetService("ReplicatedStorage").rbxts_include.node_modules["@easy-games"]["block-engine"].node_modules["@rbxts"].net.out._NetManaged.DamageBlock
	Status: Allowed
	Call Order In Log: 16
	-------------------- Event Data --------------------
	{
    CallOrderInLog = 16,
    DataFromHook = {
        Source = "ReplicatedStorage.rbxts_include.Promise",
        Origin = game:GetService("Players").LocalPlayer.PlayerScripts.TS.ui.store,
        InvokeKind = "Request",
        Function = function(arg1, arg2, ...)
            --[[Name: runExecutor | Line: 171
            Upvalues: 2
            Function Hash: d6448705789b5ead4caa89766364b91b43b9852aab4ad2967e601129128c82e752b56a7b1b3a3ef4b3a3390dab110a05
            LuaEncode: Unable to serialize function]]
            return
        end,
        Line = 172,
        IsExecutor = false,
        CreationTime = 1788882455.5973,
        InvokeResult = {
            "damaged",
            n = 1
        },
        Arguments = {
            {
                blockRef = {
                    blockPosition = Vector3.new(115, 23, 103)
                },
                hitPosition = Vector3.new(346.5, 69.492904663086, 308.06500244141),
                hitNormal = Vector3.new(1, 0, 0)
            },
            n = 1
        }
    },
    EventType = "Incoming",
    RemoteInstanceInfo = {
        Path = "game:GetService(\"ReplicatedStorage\").rbxts_include.node_modules[\"@easy-games\"][\"block-engine\"].node_modules[\"@rbxts\"].net.out._NetManaged.DamageBlock",
        Name = "DamageBlock",
        ClassName = "RemoteFunction"
    }
}
	-------------------- Generated Code --------------------
	local Event = game:GetService("ReplicatedStorage").rbxts_include.node_modules["@easy-games"]["block-engine"].node_modules["@rbxts"].net.out._NetManaged.DamageBlock
local Result = table.pack(Event:InvokeServer(
    {
        blockRef = {
            blockPosition = Vector3.new(115, 23, 103)
        },
        hitPosition = Vector3.new(346.5, 69.492904663086, 308.06500244141),
        hitNormal = Vector3.new(1, 0, 0)
    }
))

local ExpectedResult = table.unpack({
    "damaged"
})

2026-09-08T13:47:350.938Z,143.923337,Outgoing:DamageBlock,INFO Instance: DamageBlock (RemoteFunction)
	Path: game:GetService("ReplicatedStorage").rbxts_include.node_modules["@easy-games"]["block-engine"].node_modules["@rbxts"].net.out._NetManaged.DamageBlock
	Status: Allowed
	Call Order In Log: 17
	-------------------- Event Data --------------------
	{
    CallOrderInLog = 17,
    DataFromHook = {
        Function = function(arg1, arg2, ...)
            --[[Name: runExecutor | Line: 171
            Upvalues: 2
            Function Hash: d6448705789b5ead4caa89766364b91b43b9852aab4ad2967e601129128c82e752b56a7b1b3a3ef4b3a3390dab110a05
            LuaEncode: Unable to serialize function]]
            return
        end,
        Arguments = {
            {
                blockRef = {
                    blockPosition = Vector3.new(115, 23, 103)
                },
                hitPosition = Vector3.new(346.5, 69.492904663086, 308.06500244141),
                hitNormal = Vector3.new(1, 0, 0)
            },
            n = 1
        },
        Source = "ReplicatedStorage.rbxts_include.Promise",
        Origin = game:GetService("Players").LocalPlayer.PlayerScripts.TS.ui.store,
        IsExecutor = false,
        CreationTime = 1788882455.9183,
        Line = 172
    },
    EventType = "Outgoing",
    RemoteInstanceInfo = {
        Path = "game:GetService(\"ReplicatedStorage\").rbxts_include.node_modules[\"@easy-games\"][\"block-engine\"].node_modules[\"@rbxts\"].net.out._NetManaged.DamageBlock",
        Name = "DamageBlock",
        ClassName = "RemoteFunction"
    }
}
	-------------------- Generated Code --------------------
	local Event = game:GetService("ReplicatedStorage").rbxts_include.node_modules["@easy-games"]["block-engine"].node_modules["@rbxts"].net.out._NetManaged.DamageBlock
Event:InvokeServer(
    {
        blockRef = {
            blockPosition = Vector3.new(115, 23, 103)
        },
        hitPosition = Vector3.new(346.5, 69.492904663086, 308.06500244141),
        hitNormal = Vector3.new(1, 0, 0)
    }
)
2026-09-08T13:47:360.033Z,144.018369,Incoming:DamageBlock,INFO Instance: DamageBlock (RemoteFunction)
	Path: game:GetService("ReplicatedStorage").rbxts_include.node_modules["@easy-games"]["block-engine"].node_modules["@rbxts"].net.out._NetManaged.DamageBlock
	Status: Allowed
	Call Order In Log: 17
	-------------------- Event Data --------------------
	{
    CallOrderInLog = 17,
    DataFromHook = {
        Source = "ReplicatedStorage.rbxts_include.Promise",
        Origin = game:GetService("Players").LocalPlayer.PlayerScripts.TS.ui.store,
        InvokeKind = "Request",
        Function = function(arg1, arg2, ...)
            --[[Name: runExecutor | Line: 171
            Upvalues: 2
            Function Hash: d6448705789b5ead4caa89766364b91b43b9852aab4ad2967e601129128c82e752b56a7b1b3a3ef4b3a3390dab110a05
            LuaEncode: Unable to serialize function]]
            return
        end,
        Line = 172,
        IsExecutor = false,
        CreationTime = 1788882455.9961,
        InvokeResult = {
            "damaged",
            n = 1
        },
        Arguments = {
            {
                blockRef = {
                    blockPosition = Vector3.new(115, 23, 103)
                },
                hitPosition = Vector3.new(346.5, 69.492904663086, 308.06500244141),
                hitNormal = Vector3.new(1, 0, 0)
            },
            n = 1
        }
    },
    EventType = "Incoming",
    RemoteInstanceInfo = {
        Path = "game:GetService(\"ReplicatedStorage\").rbxts_include.node_modules[\"@easy-games\"][\"block-engine\"].node_modules[\"@rbxts\"].net.out._NetManaged.DamageBlock",
        Name = "DamageBlock",
        ClassName = "RemoteFunction"
    }
}
	-------------------- Generated Code --------------------
	local Event = game:GetService("ReplicatedStorage").rbxts_include.node_modules["@easy-games"]["block-engine"].node_modules["@rbxts"].net.out._NetManaged.DamageBlock
local Result = table.pack(Event:InvokeServer(
    {
        blockRef = {
            blockPosition = Vector3.new(115, 23, 103)
        },
        hitPosition = Vector3.new(346.5, 69.492904663086, 308.06500244141),
        hitNormal = Vector3.new(1, 0, 0)
    }
))

local ExpectedResult = table.unpack({
    "damaged"
})

2026-09-08T13:47:360.338Z,144.323169,Outgoing:DamageBlock,INFO Instance: DamageBlock (RemoteFunction)
	Path: game:GetService("ReplicatedStorage").rbxts_include.node_modules["@easy-games"]["block-engine"].node_modules["@rbxts"].net.out._NetManaged.DamageBlock
	Status: Allowed
	Call Order In Log: 18
	-------------------- Event Data --------------------
	{
    CallOrderInLog = 18,
    DataFromHook = {
        Function = function(arg1, arg2, ...)
            --[[Name: runExecutor | Line: 171
            Upvalues: 2
            Function Hash: d6448705789b5ead4caa89766364b91b43b9852aab4ad2967e601129128c82e752b56a7b1b3a3ef4b3a3390dab110a05
            LuaEncode: Unable to serialize function]]
            return
        end,
        Arguments = {
            {
                blockRef = {
                    blockPosition = Vector3.new(115, 23, 103)
                },
                hitPosition = Vector3.new(346.5, 69.423530578613, 308.04736328125),
                hitNormal = Vector3.new(1, 0, 0)
            },
            n = 1
        },
        Source = "ReplicatedStorage.rbxts_include.Promise",
        Origin = game:GetService("Players").LocalPlayer.PlayerScripts.TS.ui.store,
        IsExecutor = false,
        CreationTime = 1788882456.3078,
        Line = 172
    },
    EventType = "Outgoing",
    RemoteInstanceInfo = {
        Path = "game:GetService(\"ReplicatedStorage\").rbxts_include.node_modules[\"@easy-games\"][\"block-engine\"].node_modules[\"@rbxts\"].net.out._NetManaged.DamageBlock",
        Name = "DamageBlock",
        ClassName = "RemoteFunction"
    }
}
	-------------------- Generated Code --------------------
	local Event = game:GetService("ReplicatedStorage").rbxts_include.node_modules["@easy-games"]["block-engine"].node_modules["@rbxts"].net.out._NetManaged.DamageBlock
Event:InvokeServer(
    {
        blockRef = {
            blockPosition = Vector3.new(115, 23, 103)
        },
        hitPosition = Vector3.new(346.5, 69.423530578613, 308.04736328125),
        hitNormal = Vector3.new(1, 0, 0)
    }
)
2026-09-08T13:47:360.436Z,144.421638,Incoming:DamageBlock,INFO Instance: DamageBlock (RemoteFunction)
	Path: game:GetService("ReplicatedStorage").rbxts_include.node_modules["@easy-games"]["block-engine"].node_modules["@rbxts"].net.out._NetManaged.DamageBlock
	Status: Allowed
	Call Order In Log: 18
	-------------------- Event Data --------------------
	{
    CallOrderInLog = 18,
    DataFromHook = {
        Source = "ReplicatedStorage.rbxts_include.Promise",
        Origin = game:GetService("Players").LocalPlayer.PlayerScripts.TS.ui.store,
        InvokeKind = "Request",
        Function = function(arg1, arg2, ...)
            --[[Name: runExecutor | Line: 171
            Upvalues: 2
            Function Hash: d6448705789b5ead4caa89766364b91b43b9852aab4ad2967e601129128c82e752b56a7b1b3a3ef4b3a3390dab110a05
            LuaEncode: Unable to serialize function]]
            return
        end,
        Line = 172,
        IsExecutor = false,
        CreationTime = 1788882456.408,
        InvokeResult = {
            "damaged",
            n = 1
        },
        Arguments = {
            {
                blockRef = {
                    blockPosition = Vector3.new(115, 23, 103)
                },
                hitPosition = Vector3.new(346.5, 69.423530578613, 308.04736328125),
                hitNormal = Vector3.new(1, 0, 0)
            },
            n = 1
        }
    },
    EventType = "Incoming",
    RemoteInstanceInfo = {
        Path = "game:GetService(\"ReplicatedStorage\").rbxts_include.node_modules[\"@easy-games\"][\"block-engine\"].node_modules[\"@rbxts\"].net.out._NetManaged.DamageBlock",
        Name = "DamageBlock",
        ClassName = "RemoteFunction"
    }
}
	-------------------- Generated Code --------------------
	local Event = game:GetService("ReplicatedStorage").rbxts_include.node_modules["@easy-games"]["block-engine"].node_modules["@rbxts"].net.out._NetManaged.DamageBlock
local Result = table.pack(Event:InvokeServer(
    {
        blockRef = {
            blockPosition = Vector3.new(115, 23, 103)
        },
        hitPosition = Vector3.new(346.5, 69.423530578613, 308.04736328125),
        hitNormal = Vector3.new(1, 0, 0)
    }
))

local ExpectedResult = table.unpack({
    "damaged"
})

2026-09-08T13:47:380.581Z,146.566899,Outgoing:DamageBlock,INFO Instance: DamageBlock (RemoteFunction)
	Path: game:GetService("ReplicatedStorage").rbxts_include.node_modules["@easy-games"]["block-engine"].node_modules["@rbxts"].net.out._NetManaged.DamageBlock
	Status: Allowed
	Call Order In Log: 19
	-------------------- Event Data --------------------
	{
    CallOrderInLog = 19,
    DataFromHook = {
        Function = function(arg1, arg2, ...)
            --[[Name: runExecutor | Line: 171
            Upvalues: 2
            Function Hash: d6448705789b5ead4caa89766364b91b43b9852aab4ad2967e601129128c82e752b56a7b1b3a3ef4b3a3390dab110a05
            LuaEncode: Unable to serialize function]]
            return
        end,
        Arguments = {
            {
                blockRef = {
                    blockPosition = Vector3.new(115, 23, 103)
                },
                hitPosition = Vector3.new(345.37646484375, 70.327774047852, 310.5),
                hitNormal = Vector3.new(0, 0, 1)
            },
            n = 1
        },
        Source = "ReplicatedStorage.rbxts_include.Promise",
        Origin = game:GetService("Players").LocalPlayer.PlayerScripts.TS.ui.store,
        IsExecutor = false,
        CreationTime = 1788882458.5561,
        Line = 172
    },
    EventType = "Outgoing",
    RemoteInstanceInfo = {
        Path = "game:GetService(\"ReplicatedStorage\").rbxts_include.node_modules[\"@easy-games\"][\"block-engine\"].node_modules[\"@rbxts\"].net.out._NetManaged.DamageBlock",
        Name = "DamageBlock",
        ClassName = "RemoteFunction"
    }
}
	-------------------- Generated Code --------------------
	local Event = game:GetService("ReplicatedStorage").rbxts_include.node_modules["@easy-games"]["block-engine"].node_modules["@rbxts"].net.out._NetManaged.DamageBlock
Event:InvokeServer(
    {
        blockRef = {
            blockPosition = Vector3.new(115, 23, 103)
        },
        hitPosition = Vector3.new(345.37646484375, 70.327774047852, 310.5),
        hitNormal = Vector3.new(0, 0, 1)
    }
)
2026-09-08T13:47:380.657Z,146.642884,Incoming:DamageBlock,INFO Instance: DamageBlock (RemoteFunction)
	Path: game:GetService("ReplicatedStorage").rbxts_include.node_modules["@easy-games"]["block-engine"].node_modules["@rbxts"].net.out._NetManaged.DamageBlock
	Status: Allowed
	Call Order In Log: 19
	-------------------- Event Data --------------------
	{
    CallOrderInLog = 19,
    DataFromHook = {
        Source = "ReplicatedStorage.rbxts_include.Promise",
        Origin = game:GetService("Players").LocalPlayer.PlayerScripts.TS.ui.store,
        InvokeKind = "Request",
        Function = function(arg1, arg2, ...)
            --[[Name: runExecutor | Line: 171
            Upvalues: 2
            Function Hash: d6448705789b5ead4caa89766364b91b43b9852aab4ad2967e601129128c82e752b56a7b1b3a3ef4b3a3390dab110a05
            LuaEncode: Unable to serialize function]]
            return
        end,
        Line = 172,
        IsExecutor = false,
        CreationTime = 1788882458.6262,
        InvokeResult = {
            "damaged",
            n = 1
        },
        Arguments = {
            {
                blockRef = {
                    blockPosition = Vector3.new(115, 23, 103)
                },
                hitPosition = Vector3.new(345.37646484375, 70.327774047852, 310.5),
                hitNormal = Vector3.new(0, 0, 1)
            },
            n = 1
        }
    },
    EventType = "Incoming",
    RemoteInstanceInfo = {
        Path = "game:GetService(\"ReplicatedStorage\").rbxts_include.node_modules[\"@easy-games\"][\"block-engine\"].node_modules[\"@rbxts\"].net.out._NetManaged.DamageBlock",
        Name = "DamageBlock",
        ClassName = "RemoteFunction"
    }
}
	-------------------- Generated Code --------------------
	local Event = game:GetService("ReplicatedStorage").rbxts_include.node_modules["@easy-games"]["block-engine"].node_modules["@rbxts"].net.out._NetManaged.DamageBlock
local Result = table.pack(Event:InvokeServer(
    {
        blockRef = {
            blockPosition = Vector3.new(115, 23, 103)
        },
        hitPosition = Vector3.new(345.37646484375, 70.327774047852, 310.5),
        hitNormal = Vector3.new(0, 0, 1)
    }
))

local ExpectedResult = table.unpack({
    "damaged"
})

2026-09-08T13:47:380.933Z,146.918229,Outgoing:DamageBlock,INFO Instance: DamageBlock (RemoteFunction)
	Path: game:GetService("ReplicatedStorage").rbxts_include.node_modules["@easy-games"]["block-engine"].node_modules["@rbxts"].net.out._NetManaged.DamageBlock
	Status: Allowed
	Call Order In Log: 20
	-------------------- Event Data --------------------
	{
    CallOrderInLog = 20,
    DataFromHook = {
        Function = function(arg1, arg2, ...)
            --[[Name: runExecutor | Line: 171
            Upvalues: 2
            Function Hash: d6448705789b5ead4caa89766364b91b43b9852aab4ad2967e601129128c82e752b56a7b1b3a3ef4b3a3390dab110a05
            LuaEncode: Unable to serialize function]]
            return
        end,
        Arguments = {
            {
                blockRef = {
                    blockPosition = Vector3.new(115, 23, 103)
                },
                hitPosition = Vector3.new(345.37646484375, 70.327774047852, 310.5),
                hitNormal = Vector3.new(0, 0, 1)
            },
            n = 1
        },
        Source = "ReplicatedStorage.rbxts_include.Promise",
        Origin = game:GetService("Players").LocalPlayer.PlayerScripts.TS.ui.store,
        IsExecutor = false,
        CreationTime = 1788882458.9099,
        Line = 172
    },
    EventType = "Outgoing",
    RemoteInstanceInfo = {
        Path = "game:GetService(\"ReplicatedStorage\").rbxts_include.node_modules[\"@easy-games\"][\"block-engine\"].node_modules[\"@rbxts\"].net.out._NetManaged.DamageBlock",
        Name = "DamageBlock",
        ClassName = "RemoteFunction"
    }
}
	-------------------- Generated Code --------------------
	local Event = game:GetService("ReplicatedStorage").rbxts_include.node_modules["@easy-games"]["block-engine"].node_modules["@rbxts"].net.out._NetManaged.DamageBlock
Event:InvokeServer(
    {
        blockRef = {
            blockPosition = Vector3.new(115, 23, 103)
        },
        hitPosition = Vector3.new(345.37646484375, 70.327774047852, 310.5),
        hitNormal = Vector3.new(0, 0, 1)
    }
)
2026-09-08T13:47:390.033Z,147.018844,Incoming:DamageBlock,INFO Instance: DamageBlock (RemoteFunction)
	Path: game:GetService("ReplicatedStorage").rbxts_include.node_modules["@easy-games"]["block-engine"].node_modules["@rbxts"].net.out._NetManaged.DamageBlock
	Status: Allowed
	Call Order In Log: 20
	-------------------- Event Data --------------------
	{
    CallOrderInLog = 20,
    DataFromHook = {
        Source = "ReplicatedStorage.rbxts_include.Promise",
        Origin = game:GetService("Players").LocalPlayer.PlayerScripts.TS.ui.store,
        InvokeKind = "Request",
        Function = function(arg1, arg2, ...)
            --[[Name: runExecutor | Line: 171
            Upvalues: 2
            Function Hash: d6448705789b5ead4caa89766364b91b43b9852aab4ad2967e601129128c82e752b56a7b1b3a3ef4b3a3390dab110a05
            LuaEncode: Unable to serialize function]]
            return
        end,
        Line = 172,
        IsExecutor = false,
        CreationTime = 1788882459.0027,
        InvokeResult = {
            "damaged",
            n = 1
        },
        Arguments = {
            {
                blockRef = {
                    blockPosition = Vector3.new(115, 23, 103)
                },
                hitPosition = Vector3.new(345.37646484375, 70.327774047852, 310.5),
                hitNormal = Vector3.new(0, 0, 1)
            },
            n = 1
        }
    },
    EventType = "Incoming",
    RemoteInstanceInfo = {
        Path = "game:GetService(\"ReplicatedStorage\").rbxts_include.node_modules[\"@easy-games\"][\"block-engine\"].node_modules[\"@rbxts\"].net.out._NetManaged.DamageBlock",
        Name = "DamageBlock",
        ClassName = "RemoteFunction"
    }
}
	-------------------- Generated Code --------------------
	local Event = game:GetService("ReplicatedStorage").rbxts_include.node_modules["@easy-games"]["block-engine"].node_modules["@rbxts"].net.out._NetManaged.DamageBlock
local Result = table.pack(Event:InvokeServer(
    {
        blockRef = {
            blockPosition = Vector3.new(115, 23, 103)
        },
        hitPosition = Vector3.new(345.37646484375, 70.327774047852, 310.5),
        hitNormal = Vector3.new(0, 0, 1)
    }
))

local ExpectedResult = table.unpack({
    "damaged"
})

2026-09-08T13:47:390.285Z,147.270939,Outgoing:DamageBlock,INFO Instance: DamageBlock (RemoteFunction)
	Path: game:GetService("ReplicatedStorage").rbxts_include.node_modules["@easy-games"]["block-engine"].node_modules["@rbxts"].net.out._NetManaged.DamageBlock
	Status: Allowed
	Call Order In Log: 21
	-------------------- Event Data --------------------
	{
    CallOrderInLog = 21,
    DataFromHook = {
        Function = function(arg1, arg2, ...)
            --[[Name: runExecutor | Line: 171
            Upvalues: 2
            Function Hash: d6448705789b5ead4caa89766364b91b43b9852aab4ad2967e601129128c82e752b56a7b1b3a3ef4b3a3390dab110a05
            LuaEncode: Unable to serialize function]]
            return
        end,
        Arguments = {
            {
                blockRef = {
                    blockPosition = Vector3.new(115, 23, 103)
                },
                hitPosition = Vector3.new(345.37646484375, 70.327774047852, 310.5),
                hitNormal = Vector3.new(0, 0, 1)
            },
            n = 1
        },
        Source = "ReplicatedStorage.rbxts_include.Promise",
        Origin = game:GetService("Players").LocalPlayer.PlayerScripts.TS.ui.store,
        IsExecutor = false,
        CreationTime = 1788882459.2604,
        Line = 172
    },
    EventType = "Outgoing",
    RemoteInstanceInfo = {
        Path = "game:GetService(\"ReplicatedStorage\").rbxts_include.node_modules[\"@easy-games\"][\"block-engine\"].node_modules[\"@rbxts\"].net.out._NetManaged.DamageBlock",
        Name = "DamageBlock",
        ClassName = "RemoteFunction"
    }
}
	-------------------- Generated Code --------------------
	local Event = game:GetService("ReplicatedStorage").rbxts_include.node_modules["@easy-games"]["block-engine"].node_modules["@rbxts"].net.out._NetManaged.DamageBlock
Event:InvokeServer(
    {
        blockRef = {
            blockPosition = Vector3.new(115, 23, 103)
        },
        hitPosition = Vector3.new(345.37646484375, 70.327774047852, 310.5),
        hitNormal = Vector3.new(0, 0, 1)
    }
)
2026-09-08T13:47:390.410Z,147.395852,Incoming:DamageBlock,INFO Instance: DamageBlock (RemoteFunction)
	Path: game:GetService("ReplicatedStorage").rbxts_include.node_modules["@easy-games"]["block-engine"].node_modules["@rbxts"].net.out._NetManaged.DamageBlock
	Status: Allowed
	Call Order In Log: 21
	-------------------- Event Data --------------------
	{
    CallOrderInLog = 21,
    DataFromHook = {
        Source = "ReplicatedStorage.rbxts_include.Promise",
        Origin = game:GetService("Players").LocalPlayer.PlayerScripts.TS.ui.store,
        InvokeKind = "Request",
        Function = function(arg1, arg2, ...)
            --[[Name: runExecutor | Line: 171
            Upvalues: 2
            Function Hash: d6448705789b5ead4caa89766364b91b43b9852aab4ad2967e601129128c82e752b56a7b1b3a3ef4b3a3390dab110a05
            LuaEncode: Unable to serialize function]]
            return
        end,
        Line = 172,
        IsExecutor = false,
        CreationTime = 1788882459.3738,
        InvokeResult = {
            "damaged",
            n = 1
        },
        Arguments = {
            {
                blockRef = {
                    blockPosition = Vector3.new(115, 23, 103)
                },
                hitPosition = Vector3.new(345.37646484375, 70.327774047852, 310.5),
                hitNormal = Vector3.new(0, 0, 1)
            },
            n = 1
        }
    },
    EventType = "Incoming",
    RemoteInstanceInfo = {
        Path = "game:GetService(\"ReplicatedStorage\").rbxts_include.node_modules[\"@easy-games\"][\"block-engine\"].node_modules[\"@rbxts\"].net.out._NetManaged.DamageBlock",
        Name = "DamageBlock",
        ClassName = "RemoteFunction"
    }
}
	-------------------- Generated Code --------------------
	local Event = game:GetService("ReplicatedStorage").rbxts_include.node_modules["@easy-games"]["block-engine"].node_modules["@rbxts"].net.out._NetManaged.DamageBlock
local Result = table.pack(Event:InvokeServer(
    {
        blockRef = {
            blockPosition = Vector3.new(115, 23, 103)
        },
        hitPosition = Vector3.new(345.37646484375, 70.327774047852, 310.5),
        hitNormal = Vector3.new(0, 0, 1)
    }
))

local ExpectedResult = table.unpack({
    "damaged"
})

2026-09-08T13:47:390.663Z,147.648671,Outgoing:DamageBlock,INFO Instance: DamageBlock (RemoteFunction)
	Path: game:GetService("ReplicatedStorage").rbxts_include.node_modules["@easy-games"]["block-engine"].node_modules["@rbxts"].net.out._NetManaged.DamageBlock
	Status: Allowed
	Call Order In Log: 22
	-------------------- Event Data --------------------
	{
    CallOrderInLog = 22,
    DataFromHook = {
        Function = function(arg1, arg2, ...)
            --[[Name: runExecutor | Line: 171
            Upvalues: 2
            Function Hash: d6448705789b5ead4caa89766364b91b43b9852aab4ad2967e601129128c82e752b56a7b1b3a3ef4b3a3390dab110a05
            LuaEncode: Unable to serialize function]]
            return
        end,
        Arguments = {
            {
                blockRef = {
                    blockPosition = Vector3.new(115, 23, 103)
                },
                hitPosition = Vector3.new(345.37646484375, 70.327774047852, 310.5),
                hitNormal = Vector3.new(0, 0, 1)
            },
            n = 1
        },
        Source = "ReplicatedStorage.rbxts_include.Promise",
        Origin = game:GetService("Players").LocalPlayer.PlayerScripts.TS.ui.store,
        IsExecutor = false,
        CreationTime = 1788882459.6306,
        Line = 172
    },
    EventType = "Outgoing",
    RemoteInstanceInfo = {
        Path = "game:GetService(\"ReplicatedStorage\").rbxts_include.node_modules[\"@easy-games\"][\"block-engine\"].node_modules[\"@rbxts\"].net.out._NetManaged.DamageBlock",
        Name = "DamageBlock",
        ClassName = "RemoteFunction"
    }
}
	-------------------- Generated Code --------------------
	local Event = game:GetService("ReplicatedStorage").rbxts_include.node_modules["@easy-games"]["block-engine"].node_modules["@rbxts"].net.out._NetManaged.DamageBlock
Event:InvokeServer(
    {
        blockRef = {
            blockPosition = Vector3.new(115, 23, 103)
        },
        hitPosition = Vector3.new(345.37646484375, 70.327774047852, 310.5),
        hitNormal = Vector3.new(0, 0, 1)
    }
)
2026-09-08T13:47:390.781Z,147.766861,Incoming:RemoveBedPlating,INFO Instance: RemoveBedPlating (RemoteEvent)
	Path: game:GetService("ReplicatedStorage").rbxts_include.node_modules["@rbxts"].net.out._NetManaged.RemoveBedPlating
	Status: Allowed
	Call Order In Log: 1
	-------------------- Event Data --------------------
	{
    CallOrderInLog = 1,
    DataFromHook = {
        Function = function(...)
            --[[Name: Anonymous Function | Line: 50
            Upvalues: 2
            Function Hash: 99e7dd9f601f270d9695642a55ba68480a5305830bd7abee29147812647800092c62703653220d16fe23797b7ef987ca
            LuaEncode: Unable to serialize function]]
            return
        end,
        Arguments = {
            {
                playerBroken = true,
                bed = workspace:GetChildren()[29]
            },
            n = 1
        },
        Origin = game:GetService("Players").LocalPlayer.PlayerScripts.TS.main,
        IsExecutor = true,
        CreationTime = 1788882459.7358
    },
    EventType = "Incoming",
    RemoteInstanceInfo = {
        Path = "game:GetService(\"ReplicatedStorage\").rbxts_include.node_modules[\"@rbxts\"].net.out._NetManaged.RemoveBedPlating",
        Name = "RemoveBedPlating",
        ClassName = "RemoteEvent"
    }
}
	-------------------- Generated Code --------------------
	local Event = game:GetService("ReplicatedStorage").rbxts_include.node_modules["@rbxts"].net.out._NetManaged.RemoveBedPlating
firesignal(Event.OnClientEvent, 
    {
        playerBroken = true,
        bed = workspace:GetChildren()[29]
    }
)
2026-09-08T13:47:390.812Z,147.797923,Incoming:sendInfoNotification,INFO Instance: sendInfoNotification (RemoteEvent)
	Path: game:GetService("ReplicatedStorage")["events-@easy-games/game-core:shared/game-core-networking@getEvents.Events"].sendInfoNotification
	Status: Allowed
	Call Order In Log: 4
	-------------------- Event Data --------------------
	{
    CallOrderInLog = 4,
    DataFromHook = {
        Function = function(...)
            --[[Name: Anonymous Function | Line: 31
            Upvalues: 7
            Function Hash: 634d489ee0b95e6c990d6441932f87d2e928ec3e254895a1df21f1b25e752eb4aad6cc95daf6963cad4aa0bf21fb9656
            LuaEncode: Unable to serialize function]]
            return
        end,
        Arguments = {
            {
                message = "<b><font color=\"rgb(242,142,41)\">Orange Team's</font> Bed Plating</b> was destroyed by <b><font color=\"rgb(255,255,85)\">Fluxroos47</font></b>",
                image = "rbxassetid://89286735423189"
            },
            n = 1
        },
        Origin = game:GetService("Players").LocalPlayer.PlayerScripts.TS.main,
        IsExecutor = false,
        CreationTime = 1788882459.7655
    },
    EventType = "Incoming",
    RemoteInstanceInfo = {
        Path = "game:GetService(\"ReplicatedStorage\")[\"events-@easy-games/game-core:shared/game-core-networking@getEvents.Events\"].sendInfoNotification",
        Name = "sendInfoNotification",
        ClassName = "RemoteEvent"
    }
}
	-------------------- Generated Code --------------------
	local Event = game:GetService("ReplicatedStorage")["events-@easy-games/game-core:shared/game-core-networking@getEvents.Events"].sendInfoNotification
firesignal(Event.OnClientEvent, 
    {
        message = "<b><font color=\"rgb(242,142,41)\">Orange Team's</font> Bed Plating</b> was destroyed by <b><font color=\"rgb(255,255,85)\">Fluxroos47</font></b>",
        image = "rbxassetid://89286735423189"
    }
)
2026-09-08T13:47:390.828Z,147.813066,Incoming:DamageBlock,INFO Instance: DamageBlock (RemoteFunction)
	Path: game:GetService("ReplicatedStorage").rbxts_include.node_modules["@easy-games"]["block-engine"].node_modules["@rbxts"].net.out._NetManaged.DamageBlock
	Status: Allowed
	Call Order In Log: 22
	-------------------- Event Data --------------------
	{
    CallOrderInLog = 22,
    DataFromHook = {
        Source = "ReplicatedStorage.rbxts_include.Promise",
        Origin = game:GetService("Players").LocalPlayer.PlayerScripts.TS.ui.store,
        InvokeKind = "Request",
        Function = function(arg1, arg2, ...)
            --[[Name: runExecutor | Line: 171
            Upvalues: 2
            Function Hash: d6448705789b5ead4caa89766364b91b43b9852aab4ad2967e601129128c82e752b56a7b1b3a3ef4b3a3390dab110a05
            LuaEncode: Unable to serialize function]]
            return
        end,
        Line = 172,
        IsExecutor = false,
        CreationTime = 1788882459.7665,
        InvokeResult = {
            "damaged",
            n = 1
        },
        Arguments = {
            {
                blockRef = {
                    blockPosition = Vector3.new(115, 23, 103)
                },
                hitPosition = Vector3.new(345.37646484375, 70.327774047852, 310.5),
                hitNormal = Vector3.new(0, 0, 1)
            },
            n = 1
        }
    },
    EventType = "Incoming",
    RemoteInstanceInfo = {
        Path = "game:GetService(\"ReplicatedStorage\").rbxts_include.node_modules[\"@easy-games\"][\"block-engine\"].node_modules[\"@rbxts\"].net.out._NetManaged.DamageBlock",
        Name = "DamageBlock",
        ClassName = "RemoteFunction"
    }
}
	-------------------- Generated Code --------------------
	local Event = game:GetService("ReplicatedStorage").rbxts_include.node_modules["@easy-games"]["block-engine"].node_modules["@rbxts"].net.out._NetManaged.DamageBlock
local Result = table.pack(Event:InvokeServer(
    {
        blockRef = {
            blockPosition = Vector3.new(115, 23, 103)
        },
        hitPosition = Vector3.new(345.37646484375, 70.327774047852, 310.5),
        hitNormal = Vector3.new(0, 0, 1)
    }
))

local ExpectedResult = table.unpack({
    "damaged"
})

2026-09-08T13:47:400.047Z,148.032248,Outgoing:DamageBlock,INFO Instance: DamageBlock (RemoteFunction)
	Path: game:GetService("ReplicatedStorage").rbxts_include.node_modules["@easy-games"]["block-engine"].node_modules["@rbxts"].net.out._NetManaged.DamageBlock
	Status: Allowed
	Call Order In Log: 23
	-------------------- Event Data --------------------
	{
    CallOrderInLog = 23,
    DataFromHook = {
        Function = function(arg1, arg2, ...)
            --[[Name: runExecutor | Line: 171
            Upvalues: 2
            Function Hash: d6448705789b5ead4caa89766364b91b43b9852aab4ad2967e601129128c82e752b56a7b1b3a3ef4b3a3390dab110a05
            LuaEncode: Unable to serialize function]]
            return
        end,
        Arguments = {
            {
                blockRef = {
                    blockPosition = Vector3.new(115, 23, 103)
                },
                hitPosition = Vector3.new(345.37646484375, 70.327774047852, 310.5),
                hitNormal = Vector3.new(0, 0, 1)
            },
            n = 1
        },
        Source = "ReplicatedStorage.rbxts_include.Promise",
        Origin = game:GetService("Players").LocalPlayer.PlayerScripts.TS.ui.store,
        IsExecutor = false,
        CreationTime = 1788882460.0161,
        Line = 172
    },
    EventType = "Outgoing",
    RemoteInstanceInfo = {
        Path = "game:GetService(\"ReplicatedStorage\").rbxts_include.node_modules[\"@easy-games\"][\"block-engine\"].node_modules[\"@rbxts\"].net.out._NetManaged.DamageBlock",
        Name = "DamageBlock",
        ClassName = "RemoteFunction"
    }
}
	-------------------- Generated Code --------------------
	local Event = game:GetService("ReplicatedStorage").rbxts_include.node_modules["@easy-games"]["block-engine"].node_modules["@rbxts"].net.out._NetManaged.DamageBlock
Event:InvokeServer(
    {
        blockRef = {
            blockPosition = Vector3.new(115, 23, 103)
        },
        hitPosition = Vector3.new(345.37646484375, 70.327774047852, 310.5),
        hitNormal = Vector3.new(0, 0, 1)
    }
)
2026-09-08T13:47:400.111Z,148.096899,Incoming:DamageBlock,INFO Instance: DamageBlock (RemoteFunction)
	Path: game:GetService("ReplicatedStorage").rbxts_include.node_modules["@easy-games"]["block-engine"].node_modules["@rbxts"].net.out._NetManaged.DamageBlock
	Status: Allowed
	Call Order In Log: 23
	-------------------- Event Data --------------------
	{
    CallOrderInLog = 23,
    DataFromHook = {
        Source = "ReplicatedStorage.rbxts_include.Promise",
        Origin = game:GetService("Players").LocalPlayer.PlayerScripts.TS.ui.store,
        InvokeKind = "Request",
        Function = function(arg1, arg2, ...)
            --[[Name: runExecutor | Line: 171
            Upvalues: 2
            Function Hash: d6448705789b5ead4caa89766364b91b43b9852aab4ad2967e601129128c82e752b56a7b1b3a3ef4b3a3390dab110a05
            LuaEncode: Unable to serialize function]]
            return
        end,
        Line = 172,
        IsExecutor = false,
        CreationTime = 1788882460.0721,
        InvokeResult = {
            "damaged",
            n = 1
        },
        Arguments = {
            {
                blockRef = {
                    blockPosition = Vector3.new(115, 23, 103)
                },
                hitPosition = Vector3.new(345.37646484375, 70.327774047852, 310.5),
                hitNormal = Vector3.new(0, 0, 1)
            },
            n = 1
        }
    },
    EventType = "Incoming",
    RemoteInstanceInfo = {
        Path = "game:GetService(\"ReplicatedStorage\").rbxts_include.node_modules[\"@easy-games\"][\"block-engine\"].node_modules[\"@rbxts\"].net.out._NetManaged.DamageBlock",
        Name = "DamageBlock",
        ClassName = "RemoteFunction"
    }
}
	-------------------- Generated Code --------------------
	local Event = game:GetService("ReplicatedStorage").rbxts_include.node_modules["@easy-games"]["block-engine"].node_modules["@rbxts"].net.out._NetManaged.DamageBlock
local Result = table.pack(Event:InvokeServer(
    {
        blockRef = {
            blockPosition = Vector3.new(115, 23, 103)
        },
        hitPosition = Vector3.new(345.37646484375, 70.327774047852, 310.5),
        hitNormal = Vector3.new(0, 0, 1)
    }
))

local ExpectedResult = table.unpack({
    "damaged"
})

2026-09-08T13:47:400.425Z,148.410706,Outgoing:DamageBlock,INFO Instance: DamageBlock (RemoteFunction)
	Path: game:GetService("ReplicatedStorage").rbxts_include.node_modules["@easy-games"]["block-engine"].node_modules["@rbxts"].net.out._NetManaged.DamageBlock
	Status: Allowed
	Call Order In Log: 24
	-------------------- Event Data --------------------
	{
    CallOrderInLog = 24,
    DataFromHook = {
        Function = function(arg1, arg2, ...)
            --[[Name: runExecutor | Line: 171
            Upvalues: 2
            Function Hash: d6448705789b5ead4caa89766364b91b43b9852aab4ad2967e601129128c82e752b56a7b1b3a3ef4b3a3390dab110a05
            LuaEncode: Unable to serialize function]]
            return
        end,
        Arguments = {
            {
                blockRef = {
                    blockPosition = Vector3.new(115, 23, 103)
                },
                hitPosition = Vector3.new(345.37646484375, 70.327774047852, 310.5),
                hitNormal = Vector3.new(0, 0, 1)
            },
            n = 1
        },
        Source = "ReplicatedStorage.rbxts_include.Promise",
        Origin = game:GetService("Players").LocalPlayer.PlayerScripts.TS.ui.store,
        IsExecutor = false,
        CreationTime = 1788882460.3951,
        Line = 172
    },
    EventType = "Outgoing",
    RemoteInstanceInfo = {
        Path = "game:GetService(\"ReplicatedStorage\").rbxts_include.node_modules[\"@easy-games\"][\"block-engine\"].node_modules[\"@rbxts\"].net.out._NetManaged.DamageBlock",
        Name = "DamageBlock",
        ClassName = "RemoteFunction"
    }
}
	-------------------- Generated Code --------------------
	local Event = game:GetService("ReplicatedStorage").rbxts_include.node_modules["@easy-games"]["block-engine"].node_modules["@rbxts"].net.out._NetManaged.DamageBlock
Event:InvokeServer(
    {
        blockRef = {
            blockPosition = Vector3.new(115, 23, 103)
        },
        hitPosition = Vector3.new(345.37646484375, 70.327774047852, 310.5),
        hitNormal = Vector3.new(0, 0, 1)
    }
)
2026-09-08T13:47:400.519Z,148.504519,Incoming:DamageBlock,INFO Instance: DamageBlock (RemoteFunction)
	Path: game:GetService("ReplicatedStorage").rbxts_include.node_modules["@easy-games"]["block-engine"].node_modules["@rbxts"].net.out._NetManaged.DamageBlock
	Status: Allowed
	Call Order In Log: 24
	-------------------- Event Data --------------------
	{
    CallOrderInLog = 24,
    DataFromHook = {
        Source = "ReplicatedStorage.rbxts_include.Promise",
        Origin = game:GetService("Players").LocalPlayer.PlayerScripts.TS.ui.store,
        InvokeKind = "Request",
        Function = function(arg1, arg2, ...)
            --[[Name: runExecutor | Line: 171
            Upvalues: 2
            Function Hash: d6448705789b5ead4caa89766364b91b43b9852aab4ad2967e601129128c82e752b56a7b1b3a3ef4b3a3390dab110a05
            LuaEncode: Unable to serialize function]]
            return
        end,
        Line = 172,
        IsExecutor = false,
        CreationTime = 1788882460.486,
        InvokeResult = {
            "damaged",
            n = 1
        },
        Arguments = {
            {
                blockRef = {
                    blockPosition = Vector3.new(115, 23, 103)
                },
                hitPosition = Vector3.new(345.37646484375, 70.327774047852, 310.5),
                hitNormal = Vector3.new(0, 0, 1)
            },
            n = 1
        }
    },
    EventType = "Incoming",
    RemoteInstanceInfo = {
        Path = "game:GetService(\"ReplicatedStorage\").rbxts_include.node_modules[\"@easy-games\"][\"block-engine\"].node_modules[\"@rbxts\"].net.out._NetManaged.DamageBlock",
        Name = "DamageBlock",
        ClassName = "RemoteFunction"
    }
}
	-------------------- Generated Code --------------------
	local Event = game:GetService("ReplicatedStorage").rbxts_include.node_modules["@easy-games"]["block-engine"].node_modules["@rbxts"].net.out._NetManaged.DamageBlock
local Result = table.pack(Event:InvokeServer(
    {
        blockRef = {
            blockPosition = Vector3.new(115, 23, 103)
        },
        hitPosition = Vector3.new(345.37646484375, 70.327774047852, 310.5),
        hitNormal = Vector3.new(0, 0, 1)
    }
))

local ExpectedResult = table.unpack({
    "damaged"
})

2026-09-08T13:47:400.792Z,148.777562,Outgoing:DamageBlock,INFO Instance: DamageBlock (RemoteFunction)
	Path: game:GetService("ReplicatedStorage").rbxts_include.node_modules["@easy-games"]["block-engine"].node_modules["@rbxts"].net.out._NetManaged.DamageBlock
	Status: Allowed
	Call Order In Log: 25
	-------------------- Event Data --------------------
	{
    CallOrderInLog = 25,
    DataFromHook = {
        Function = function(arg1, arg2, ...)
            --[[Name: runExecutor | Line: 171
            Upvalues: 2
            Function Hash: d6448705789b5ead4caa89766364b91b43b9852aab4ad2967e601129128c82e752b56a7b1b3a3ef4b3a3390dab110a05
            LuaEncode: Unable to serialize function]]
            return
        end,
        Arguments = {
            {
                blockRef = {
                    blockPosition = Vector3.new(115, 23, 103)
                },
                hitPosition = Vector3.new(345.37646484375, 70.327774047852, 310.5),
                hitNormal = Vector3.new(0, 0, 1)
            },
            n = 1
        },
        Source = "ReplicatedStorage.rbxts_include.Promise",
        Origin = game:GetService("Players").LocalPlayer.PlayerScripts.TS.ui.store,
        IsExecutor = false,
        CreationTime = 1788882460.7627,
        Line = 172
    },
    EventType = "Outgoing",
    RemoteInstanceInfo = {
        Path = "game:GetService(\"ReplicatedStorage\").rbxts_include.node_modules[\"@easy-games\"][\"block-engine\"].node_modules[\"@rbxts\"].net.out._NetManaged.DamageBlock",
        Name = "DamageBlock",
        ClassName = "RemoteFunction"
    }
}
	-------------------- Generated Code --------------------
	local Event = game:GetService("ReplicatedStorage").rbxts_include.node_modules["@easy-games"]["block-engine"].node_modules["@rbxts"].net.out._NetManaged.DamageBlock
Event:InvokeServer(
    {
        blockRef = {
            blockPosition = Vector3.new(115, 23, 103)
        },
        hitPosition = Vector3.new(345.37646484375, 70.327774047852, 310.5),
        hitNormal = Vector3.new(0, 0, 1)
    }
)
2026-09-08T13:47:400.873Z,148.858695,Incoming:DamageBlock,INFO Instance: DamageBlock (RemoteFunction)
	Path: game:GetService("ReplicatedStorage").rbxts_include.node_modules["@easy-games"]["block-engine"].node_modules["@rbxts"].net.out._NetManaged.DamageBlock
	Status: Allowed
	Call Order In Log: 25
	-------------------- Event Data --------------------
	{
    CallOrderInLog = 25,
    DataFromHook = {
        Source = "ReplicatedStorage.rbxts_include.Promise",
        Origin = game:GetService("Players").LocalPlayer.PlayerScripts.TS.ui.store,
        InvokeKind = "Request",
        Function = function(arg1, arg2, ...)
            --[[Name: runExecutor | Line: 171
            Upvalues: 2
            Function Hash: d6448705789b5ead4caa89766364b91b43b9852aab4ad2967e601129128c82e752b56a7b1b3a3ef4b3a3390dab110a05
            LuaEncode: Unable to serialize function]]
            return
        end,
        Line = 172,
        IsExecutor = false,
        CreationTime = 1788882460.8351,
        InvokeResult = {
            "damaged",
            n = 1
        },
        Arguments = {
            {
                blockRef = {
                    blockPosition = Vector3.new(115, 23, 103)
                },
                hitPosition = Vector3.new(345.37646484375, 70.327774047852, 310.5),
                hitNormal = Vector3.new(0, 0, 1)
            },
            n = 1
        }
    },
    EventType = "Incoming",
    RemoteInstanceInfo = {
        Path = "game:GetService(\"ReplicatedStorage\").rbxts_include.node_modules[\"@easy-games\"][\"block-engine\"].node_modules[\"@rbxts\"].net.out._NetManaged.DamageBlock",
        Name = "DamageBlock",
        ClassName = "RemoteFunction"
    }
}
	-------------------- Generated Code --------------------
	local Event = game:GetService("ReplicatedStorage").rbxts_include.node_modules["@easy-games"]["block-engine"].node_modules["@rbxts"].net.out._NetManaged.DamageBlock
local Result = table.pack(Event:InvokeServer(
    {
        blockRef = {
            blockPosition = Vector3.new(115, 23, 103)
        },
        hitPosition = Vector3.new(345.37646484375, 70.327774047852, 310.5),
        hitNormal = Vector3.new(0, 0, 1)
    }
))

local ExpectedResult = table.unpack({
    "damaged"
})

2026-09-08T13:47:410.166Z,149.151624,Outgoing:DamageBlock,INFO Instance: DamageBlock (RemoteFunction)
	Path: game:GetService("ReplicatedStorage").rbxts_include.node_modules["@easy-games"]["block-engine"].node_modules["@rbxts"].net.out._NetManaged.DamageBlock
	Status: Allowed
	Call Order In Log: 26
	-------------------- Event Data --------------------
	{
    CallOrderInLog = 26,
    DataFromHook = {
        Function = function(arg1, arg2, ...)
            --[[Name: runExecutor | Line: 171
            Upvalues: 2
            Function Hash: d6448705789b5ead4caa89766364b91b43b9852aab4ad2967e601129128c82e752b56a7b1b3a3ef4b3a3390dab110a05
            LuaEncode: Unable to serialize function]]
            return
        end,
        Arguments = {
            {
                blockRef = {
                    blockPosition = Vector3.new(115, 23, 103)
                },
                hitPosition = Vector3.new(345.37646484375, 70.327774047852, 310.5),
                hitNormal = Vector3.new(0, 0, 1)
            },
            n = 1
        },
        Source = "ReplicatedStorage.rbxts_include.Promise",
        Origin = game:GetService("Players").LocalPlayer.PlayerScripts.TS.ui.store,
        IsExecutor = false,
        CreationTime = 1788882461.1436,
        Line = 172
    },
    EventType = "Outgoing",
    RemoteInstanceInfo = {
        Path = "game:GetService(\"ReplicatedStorage\").rbxts_include.node_modules[\"@easy-games\"][\"block-engine\"].node_modules[\"@rbxts\"].net.out._NetManaged.DamageBlock",
        Name = "DamageBlock",
        ClassName = "RemoteFunction"
    }
}
	-------------------- Generated Code --------------------
	local Event = game:GetService("ReplicatedStorage").rbxts_include.node_modules["@easy-games"]["block-engine"].node_modules["@rbxts"].net.out._NetManaged.DamageBlock
Event:InvokeServer(
    {
        blockRef = {
            blockPosition = Vector3.new(115, 23, 103)
        },
        hitPosition = Vector3.new(345.37646484375, 70.327774047852, 310.5),
        hitNormal = Vector3.new(0, 0, 1)
    }
)
2026-09-08T13:47:410.275Z,149.260798,Incoming:DamageBlock,INFO Instance: DamageBlock (RemoteFunction)
	Path: game:GetService("ReplicatedStorage").rbxts_include.node_modules["@easy-games"]["block-engine"].node_modules["@rbxts"].net.out._NetManaged.DamageBlock
	Status: Allowed
	Call Order In Log: 26
	-------------------- Event Data --------------------
	{
    CallOrderInLog = 26,
    DataFromHook = {
        Source = "ReplicatedStorage.rbxts_include.Promise",
        Origin = game:GetService("Players").LocalPlayer.PlayerScripts.TS.ui.store,
        InvokeKind = "Request",
        Function = function(arg1, arg2, ...)
            --[[Name: runExecutor | Line: 171
            Upvalues: 2
            Function Hash: d6448705789b5ead4caa89766364b91b43b9852aab4ad2967e601129128c82e752b56a7b1b3a3ef4b3a3390dab110a05
            LuaEncode: Unable to serialize function]]
            return
        end,
        Line = 172,
        IsExecutor = false,
        CreationTime = 1788882461.2375,
        InvokeResult = {
            "damaged",
            n = 1
        },
        Arguments = {
            {
                blockRef = {
                    blockPosition = Vector3.new(115, 23, 103)
                },
                hitPosition = Vector3.new(345.37646484375, 70.327774047852, 310.5),
                hitNormal = Vector3.new(0, 0, 1)
            },
            n = 1
        }
    },
    EventType = "Incoming",
    RemoteInstanceInfo = {
        Path = "game:GetService(\"ReplicatedStorage\").rbxts_include.node_modules[\"@easy-games\"][\"block-engine\"].node_modules[\"@rbxts\"].net.out._NetManaged.DamageBlock",
        Name = "DamageBlock",
        ClassName = "RemoteFunction"
    }
}
	-------------------- Generated Code --------------------
	local Event = game:GetService("ReplicatedStorage").rbxts_include.node_modules["@easy-games"]["block-engine"].node_modules["@rbxts"].net.out._NetManaged.DamageBlock
local Result = table.pack(Event:InvokeServer(
    {
        blockRef = {
            blockPosition = Vector3.new(115, 23, 103)
        },
        hitPosition = Vector3.new(345.37646484375, 70.327774047852, 310.5),
        hitNormal = Vector3.new(0, 0, 1)
    }
))

local ExpectedResult = table.unpack({
    "damaged"
})

2026-09-08T13:47:410.543Z,149.528671,Outgoing:DamageBlock,INFO Instance: DamageBlock (RemoteFunction)
	Path: game:GetService("ReplicatedStorage").rbxts_include.node_modules["@easy-games"]["block-engine"].node_modules["@rbxts"].net.out._NetManaged.DamageBlock
	Status: Allowed
	Call Order In Log: 27
	-------------------- Event Data --------------------
	{
    CallOrderInLog = 27,
    DataFromHook = {
        Function = function(arg1, arg2, ...)
            --[[Name: runExecutor | Line: 171
            Upvalues: 2
            Function Hash: d6448705789b5ead4caa89766364b91b43b9852aab4ad2967e601129128c82e752b56a7b1b3a3ef4b3a3390dab110a05
            LuaEncode: Unable to serialize function]]
            return
        end,
        Arguments = {
            {
                blockRef = {
                    blockPosition = Vector3.new(115, 23, 103)
                },
                hitPosition = Vector3.new(345.37646484375, 70.327774047852, 310.5),
                hitNormal = Vector3.new(0, 0, 1)
            },
            n = 1
        },
        Source = "ReplicatedStorage.rbxts_include.Promise",
        Origin = game:GetService("Players").LocalPlayer.PlayerScripts.TS.ui.store,
        IsExecutor = false,
        CreationTime = 1788882461.5154,
        Line = 172
    },
    EventType = "Outgoing",
    RemoteInstanceInfo = {
        Path = "game:GetService(\"ReplicatedStorage\").rbxts_include.node_modules[\"@easy-games\"][\"block-engine\"].node_modules[\"@rbxts\"].net.out._NetManaged.DamageBlock",
        Name = "DamageBlock",
        ClassName = "RemoteFunction"
    }
}
	-------------------- Generated Code --------------------
	local Event = game:GetService("ReplicatedStorage").rbxts_include.node_modules["@easy-games"]["block-engine"].node_modules["@rbxts"].net.out._NetManaged.DamageBlock
Event:InvokeServer(
    {
        blockRef = {
            blockPosition = Vector3.new(115, 23, 103)
        },
        hitPosition = Vector3.new(345.37646484375, 70.327774047852, 310.5),
        hitNormal = Vector3.new(0, 0, 1)
    }
)
2026-09-08T13:47:410.621Z,149.606269,Incoming:DamageBlock,INFO Instance: DamageBlock (RemoteFunction)
	Path: game:GetService("ReplicatedStorage").rbxts_include.node_modules["@easy-games"]["block-engine"].node_modules["@rbxts"].net.out._NetManaged.DamageBlock
	Status: Allowed
	Call Order In Log: 27
	-------------------- Event Data --------------------
	{
    CallOrderInLog = 27,
    DataFromHook = {
        Source = "ReplicatedStorage.rbxts_include.Promise",
        Origin = game:GetService("Players").LocalPlayer.PlayerScripts.TS.ui.store,
        InvokeKind = "Request",
        Function = function(arg1, arg2, ...)
            --[[Name: runExecutor | Line: 171
            Upvalues: 2
            Function Hash: d6448705789b5ead4caa89766364b91b43b9852aab4ad2967e601129128c82e752b56a7b1b3a3ef4b3a3390dab110a05
            LuaEncode: Unable to serialize function]]
            return
        end,
        Line = 172,
        IsExecutor = false,
        CreationTime = 1788882461.5838,
        InvokeResult = {
            "damaged",
            n = 1
        },
        Arguments = {
            {
                blockRef = {
                    blockPosition = Vector3.new(115, 23, 103)
                },
                hitPosition = Vector3.new(345.37646484375, 70.327774047852, 310.5),
                hitNormal = Vector3.new(0, 0, 1)
            },
            n = 1
        }
    },
    EventType = "Incoming",
    RemoteInstanceInfo = {
        Path = "game:GetService(\"ReplicatedStorage\").rbxts_include.node_modules[\"@easy-games\"][\"block-engine\"].node_modules[\"@rbxts\"].net.out._NetManaged.DamageBlock",
        Name = "DamageBlock",
        ClassName = "RemoteFunction"
    }
}
	-------------------- Generated Code --------------------
	local Event = game:GetService("ReplicatedStorage").rbxts_include.node_modules["@easy-games"]["block-engine"].node_modules["@rbxts"].net.out._NetManaged.DamageBlock
local Result = table.pack(Event:InvokeServer(
    {
        blockRef = {
            blockPosition = Vector3.new(115, 23, 103)
        },
        hitPosition = Vector3.new(345.37646484375, 70.327774047852, 310.5),
        hitNormal = Vector3.new(0, 0, 1)
    }
))

local ExpectedResult = table.unpack({
    "damaged"
})

2026-09-08T13:47:410.916Z,149.901946,Outgoing:DamageBlock,INFO Instance: DamageBlock (RemoteFunction)
	Path: game:GetService("ReplicatedStorage").rbxts_include.node_modules["@easy-games"]["block-engine"].node_modules["@rbxts"].net.out._NetManaged.DamageBlock
	Status: Allowed
	Call Order In Log: 28
	-------------------- Event Data --------------------
	{
    CallOrderInLog = 28,
    DataFromHook = {
        Function = function(arg1, arg2, ...)
            --[[Name: runExecutor | Line: 171
            Upvalues: 2
            Function Hash: d6448705789b5ead4caa89766364b91b43b9852aab4ad2967e601129128c82e752b56a7b1b3a3ef4b3a3390dab110a05
            LuaEncode: Unable to serialize function]]
            return
        end,
        Arguments = {
            {
                blockRef = {
                    blockPosition = Vector3.new(115, 23, 103)
                },
                hitPosition = Vector3.new(345.37646484375, 70.327774047852, 310.5),
                hitNormal = Vector3.new(0, 0, 1)
            },
            n = 1
        },
        Source = "ReplicatedStorage.rbxts_include.Promise",
        Origin = game:GetService("Players").LocalPlayer.PlayerScripts.TS.ui.store,
        IsExecutor = false,
        CreationTime = 1788882461.8907,
        Line = 172
    },
    EventType = "Outgoing",
    RemoteInstanceInfo = {
        Path = "game:GetService(\"ReplicatedStorage\").rbxts_include.node_modules[\"@easy-games\"][\"block-engine\"].node_modules[\"@rbxts\"].net.out._NetManaged.DamageBlock",
        Name = "DamageBlock",
        ClassName = "RemoteFunction"
    }
}
	-------------------- Generated Code --------------------
	local Event = game:GetService("ReplicatedStorage").rbxts_include.node_modules["@easy-games"]["block-engine"].node_modules["@rbxts"].net.out._NetManaged.DamageBlock
Event:InvokeServer(
    {
        blockRef = {
            blockPosition = Vector3.new(115, 23, 103)
        },
        hitPosition = Vector3.new(345.37646484375, 70.327774047852, 310.5),
        hitNormal = Vector3.new(0, 0, 1)
    }
)
2026-09-08T13:47:420.013Z,149.998921,Incoming:DamageBlock,INFO Instance: DamageBlock (RemoteFunction)
	Path: game:GetService("ReplicatedStorage").rbxts_include.node_modules["@easy-games"]["block-engine"].node_modules["@rbxts"].net.out._NetManaged.DamageBlock
	Status: Allowed
	Call Order In Log: 28
	-------------------- Event Data --------------------
	{
    CallOrderInLog = 28,
    DataFromHook = {
        Source = "ReplicatedStorage.rbxts_include.Promise",
        Origin = game:GetService("Players").LocalPlayer.PlayerScripts.TS.ui.store,
        InvokeKind = "Request",
        Function = function(arg1, arg2, ...)
            --[[Name: runExecutor | Line: 171
            Upvalues: 2
            Function Hash: d6448705789b5ead4caa89766364b91b43b9852aab4ad2967e601129128c82e752b56a7b1b3a3ef4b3a3390dab110a05
            LuaEncode: Unable to serialize function]]
            return
        end,
        Line = 172,
        IsExecutor = false,
        CreationTime = 1788882461.9626,
        InvokeResult = {
            "damaged",
            n = 1
        },
        Arguments = {
            {
                blockRef = {
                    blockPosition = Vector3.new(115, 23, 103)
                },
                hitPosition = Vector3.new(345.37646484375, 70.327774047852, 310.5),
                hitNormal = Vector3.new(0, 0, 1)
            },
            n = 1
        }
    },
    EventType = "Incoming",
    RemoteInstanceInfo = {
        Path = "game:GetService(\"ReplicatedStorage\").rbxts_include.node_modules[\"@easy-games\"][\"block-engine\"].node_modules[\"@rbxts\"].net.out._NetManaged.DamageBlock",
        Name = "DamageBlock",
        ClassName = "RemoteFunction"
    }
}
	-------------------- Generated Code --------------------
	local Event = game:GetService("ReplicatedStorage").rbxts_include.node_modules["@easy-games"]["block-engine"].node_modules["@rbxts"].net.out._NetManaged.DamageBlock
local Result = table.pack(Event:InvokeServer(
    {
        blockRef = {
            blockPosition = Vector3.new(115, 23, 103)
        },
        hitPosition = Vector3.new(345.37646484375, 70.327774047852, 310.5),
        hitNormal = Vector3.new(0, 0, 1)
    }
))

local ExpectedResult = table.unpack({
    "damaged"
})

2026-09-08T13:47:420.291Z,150.276235,Outgoing:DamageBlock,INFO Instance: DamageBlock (RemoteFunction)
	Path: game:GetService("ReplicatedStorage").rbxts_include.node_modules["@easy-games"]["block-engine"].node_modules["@rbxts"].net.out._NetManaged.DamageBlock
	Status: Allowed
	Call Order In Log: 29
	-------------------- Event Data --------------------
	{
    CallOrderInLog = 29,
    DataFromHook = {
        Function = function(arg1, arg2, ...)
            --[[Name: runExecutor | Line: 171
            Upvalues: 2
            Function Hash: d6448705789b5ead4caa89766364b91b43b9852aab4ad2967e601129128c82e752b56a7b1b3a3ef4b3a3390dab110a05
            LuaEncode: Unable to serialize function]]
            return
        end,
        Arguments = {
            {
                blockRef = {
                    blockPosition = Vector3.new(115, 23, 103)
                },
                hitPosition = Vector3.new(345.37646484375, 70.327774047852, 310.5),
                hitNormal = Vector3.new(0, 0, 1)
            },
            n = 1
        },
        Source = "ReplicatedStorage.rbxts_include.Promise",
        Origin = game:GetService("Players").LocalPlayer.PlayerScripts.TS.ui.store,
        IsExecutor = false,
        CreationTime = 1788882462.2638,
        Line = 172
    },
    EventType = "Outgoing",
    RemoteInstanceInfo = {
        Path = "game:GetService(\"ReplicatedStorage\").rbxts_include.node_modules[\"@easy-games\"][\"block-engine\"].node_modules[\"@rbxts\"].net.out._NetManaged.DamageBlock",
        Name = "DamageBlock",
        ClassName = "RemoteFunction"
    }
}
	-------------------- Generated Code --------------------
	local Event = game:GetService("ReplicatedStorage").rbxts_include.node_modules["@easy-games"]["block-engine"].node_modules["@rbxts"].net.out._NetManaged.DamageBlock
Event:InvokeServer(
    {
        blockRef = {
            blockPosition = Vector3.new(115, 23, 103)
        },
        hitPosition = Vector3.new(345.37646484375, 70.327774047852, 310.5),
        hitNormal = Vector3.new(0, 0, 1)
    }
)
2026-09-08T13:47:420.396Z,150.381299,Incoming:DamageBlock,INFO Instance: DamageBlock (RemoteFunction)
	Path: game:GetService("ReplicatedStorage").rbxts_include.node_modules["@easy-games"]["block-engine"].node_modules["@rbxts"].net.out._NetManaged.DamageBlock
	Status: Allowed
	Call Order In Log: 29
	-------------------- Event Data --------------------
	{
    CallOrderInLog = 29,
    DataFromHook = {
        Source = "ReplicatedStorage.rbxts_include.Promise",
        Origin = game:GetService("Players").LocalPlayer.PlayerScripts.TS.ui.store,
        InvokeKind = "Request",
        Function = function(arg1, arg2, ...)
            --[[Name: runExecutor | Line: 171
            Upvalues: 2
            Function Hash: d6448705789b5ead4caa89766364b91b43b9852aab4ad2967e601129128c82e752b56a7b1b3a3ef4b3a3390dab110a05
            LuaEncode: Unable to serialize function]]
            return
        end,
        Line = 172,
        IsExecutor = false,
        CreationTime = 1788882462.3566,
        InvokeResult = {
            "damaged",
            n = 1
        },
        Arguments = {
            {
                blockRef = {
                    blockPosition = Vector3.new(115, 23, 103)
                },
                hitPosition = Vector3.new(345.37646484375, 70.327774047852, 310.5),
                hitNormal = Vector3.new(0, 0, 1)
            },
            n = 1
        }
    },
    EventType = "Incoming",
    RemoteInstanceInfo = {
        Path = "game:GetService(\"ReplicatedStorage\").rbxts_include.node_modules[\"@easy-games\"][\"block-engine\"].node_modules[\"@rbxts\"].net.out._NetManaged.DamageBlock",
        Name = "DamageBlock",
        ClassName = "RemoteFunction"
    }
}
	-------------------- Generated Code --------------------
	local Event = game:GetService("ReplicatedStorage").rbxts_include.node_modules["@easy-games"]["block-engine"].node_modules["@rbxts"].net.out._NetManaged.DamageBlock
local Result = table.pack(Event:InvokeServer(
    {
        blockRef = {
            blockPosition = Vector3.new(115, 23, 103)
        },
        hitPosition = Vector3.new(345.37646484375, 70.327774047852, 310.5),
        hitNormal = Vector3.new(0, 0, 1)
    }
))

local ExpectedResult = table.unpack({
    "damaged"
})

2026-09-08T13:47:420.669Z,150.654750,Outgoing:DamageBlock,INFO Instance: DamageBlock (RemoteFunction)
	Path: game:GetService("ReplicatedStorage").rbxts_include.node_modules["@easy-games"]["block-engine"].node_modules["@rbxts"].net.out._NetManaged.DamageBlock
	Status: Allowed
	Call Order In Log: 30
	-------------------- Event Data --------------------
	{
    CallOrderInLog = 30,
    DataFromHook = {
        Function = function(arg1, arg2, ...)
            --[[Name: runExecutor | Line: 171
            Upvalues: 2
            Function Hash: d6448705789b5ead4caa89766364b91b43b9852aab4ad2967e601129128c82e752b56a7b1b3a3ef4b3a3390dab110a05
            LuaEncode: Unable to serialize function]]
            return
        end,
        Arguments = {
            {
                blockRef = {
                    blockPosition = Vector3.new(115, 23, 103)
                },
                hitPosition = Vector3.new(345.37646484375, 70.327774047852, 310.5),
                hitNormal = Vector3.new(0, 0, 1)
            },
            n = 1
        },
        Source = "ReplicatedStorage.rbxts_include.Promise",
        Origin = game:GetService("Players").LocalPlayer.PlayerScripts.TS.ui.store,
        IsExecutor = false,
        CreationTime = 1788882462.6437,
        Line = 172
    },
    EventType = "Outgoing",
    RemoteInstanceInfo = {
        Path = "game:GetService(\"ReplicatedStorage\").rbxts_include.node_modules[\"@easy-games\"][\"block-engine\"].node_modules[\"@rbxts\"].net.out._NetManaged.DamageBlock",
        Name = "DamageBlock",
        ClassName = "RemoteFunction"
    }
}
	-------------------- Generated Code --------------------
	local Event = game:GetService("ReplicatedStorage").rbxts_include.node_modules["@easy-games"]["block-engine"].node_modules["@rbxts"].net.out._NetManaged.DamageBlock
Event:InvokeServer(
    {
        blockRef = {
            blockPosition = Vector3.new(115, 23, 103)
        },
        hitPosition = Vector3.new(345.37646484375, 70.327774047852, 310.5),
        hitNormal = Vector3.new(0, 0, 1)
    }
)
2026-09-08T13:47:420.752Z,150.737669,Incoming:DamageBlock,INFO Instance: DamageBlock (RemoteFunction)
	Path: game:GetService("ReplicatedStorage").rbxts_include.node_modules["@easy-games"]["block-engine"].node_modules["@rbxts"].net.out._NetManaged.DamageBlock
	Status: Allowed
	Call Order In Log: 30
	-------------------- Event Data --------------------
	{
    CallOrderInLog = 30,
    DataFromHook = {
        Source = "ReplicatedStorage.rbxts_include.Promise",
        Origin = game:GetService("Players").LocalPlayer.PlayerScripts.TS.ui.store,
        InvokeKind = "Request",
        Function = function(arg1, arg2, ...)
            --[[Name: runExecutor | Line: 171
            Upvalues: 2
            Function Hash: d6448705789b5ead4caa89766364b91b43b9852aab4ad2967e601129128c82e752b56a7b1b3a3ef4b3a3390dab110a05
            LuaEncode: Unable to serialize function]]
            return
        end,
        Line = 172,
        IsExecutor = false,
        CreationTime = 1788882462.7071,
        InvokeResult = {
            "damaged",
            n = 1
        },
        Arguments = {
            {
                blockRef = {
                    blockPosition = Vector3.new(115, 23, 103)
                },
                hitPosition = Vector3.new(345.37646484375, 70.327774047852, 310.5),
                hitNormal = Vector3.new(0, 0, 1)
            },
            n = 1
        }
    },
    EventType = "Incoming",
    RemoteInstanceInfo = {
        Path = "game:GetService(\"ReplicatedStorage\").rbxts_include.node_modules[\"@easy-games\"][\"block-engine\"].node_modules[\"@rbxts\"].net.out._NetManaged.DamageBlock",
        Name = "DamageBlock",
        ClassName = "RemoteFunction"
    }
}
	-------------------- Generated Code --------------------
	local Event = game:GetService("ReplicatedStorage").rbxts_include.node_modules["@easy-games"]["block-engine"].node_modules["@rbxts"].net.out._NetManaged.DamageBlock
local Result = table.pack(Event:InvokeServer(
    {
        blockRef = {
            blockPosition = Vector3.new(115, 23, 103)
        },
        hitPosition = Vector3.new(345.37646484375, 70.327774047852, 310.5),
        hitNormal = Vector3.new(0, 0, 1)
    }
))

local ExpectedResult = table.unpack({
    "damaged"
})

2026-09-08T13:47:430.053Z,151.038136,Outgoing:DamageBlock,INFO Instance: DamageBlock (RemoteFunction)
	Path: game:GetService("ReplicatedStorage").rbxts_include.node_modules["@easy-games"]["block-engine"].node_modules["@rbxts"].net.out._NetManaged.DamageBlock
	Status: Allowed
	Call Order In Log: 31
	-------------------- Event Data --------------------
	{
    CallOrderInLog = 31,
    DataFromHook = {
        Function = function(arg1, arg2, ...)
            --[[Name: runExecutor | Line: 171
            Upvalues: 2
            Function Hash: d6448705789b5ead4caa89766364b91b43b9852aab4ad2967e601129128c82e752b56a7b1b3a3ef4b3a3390dab110a05
            LuaEncode: Unable to serialize function]]
            return
        end,
        Arguments = {
            {
                blockRef = {
                    blockPosition = Vector3.new(115, 23, 103)
                },
                hitPosition = Vector3.new(345.37646484375, 70.327774047852, 310.5),
                hitNormal = Vector3.new(0, 0, 1)
            },
            n = 1
        },
        Source = "ReplicatedStorage.rbxts_include.Promise",
        Origin = game:GetService("Players").LocalPlayer.PlayerScripts.TS.ui.store,
        IsExecutor = false,
        CreationTime = 1788882463.0319,
        Line = 172
    },
    EventType = "Outgoing",
    RemoteInstanceInfo = {
        Path = "game:GetService(\"ReplicatedStorage\").rbxts_include.node_modules[\"@easy-games\"][\"block-engine\"].node_modules[\"@rbxts\"].net.out._NetManaged.DamageBlock",
        Name = "DamageBlock",
        ClassName = "RemoteFunction"
    }
}
	-------------------- Generated Code --------------------
	local Event = game:GetService("ReplicatedStorage").rbxts_include.node_modules["@easy-games"]["block-engine"].node_modules["@rbxts"].net.out._NetManaged.DamageBlock
Event:InvokeServer(
    {
        blockRef = {
            blockPosition = Vector3.new(115, 23, 103)
        },
        hitPosition = Vector3.new(345.37646484375, 70.327774047852, 310.5),
        hitNormal = Vector3.new(0, 0, 1)
    }
)
2026-09-08T13:47:430.142Z,151.127044,Incoming:DamageBlock,INFO Instance: DamageBlock (RemoteFunction)
	Path: game:GetService("ReplicatedStorage").rbxts_include.node_modules["@easy-games"]["block-engine"].node_modules["@rbxts"].net.out._NetManaged.DamageBlock
	Status: Allowed
	Call Order In Log: 31
	-------------------- Event Data --------------------
	{
    CallOrderInLog = 31,
    DataFromHook = {
        Source = "ReplicatedStorage.rbxts_include.Promise",
        Origin = game:GetService("Players").LocalPlayer.PlayerScripts.TS.ui.store,
        InvokeKind = "Request",
        Function = function(arg1, arg2, ...)
            --[[Name: runExecutor | Line: 171
            Upvalues: 2
            Function Hash: d6448705789b5ead4caa89766364b91b43b9852aab4ad2967e601129128c82e752b56a7b1b3a3ef4b3a3390dab110a05
            LuaEncode: Unable to serialize function]]
            return
        end,
        Line = 172,
        IsExecutor = false,
        CreationTime = 1788882463.1076,
        InvokeResult = {
            "damaged",
            n = 1
        },
        Arguments = {
            {
                blockRef = {
                    blockPosition = Vector3.new(115, 23, 103)
                },
                hitPosition = Vector3.new(345.37646484375, 70.327774047852, 310.5),
                hitNormal = Vector3.new(0, 0, 1)
            },
            n = 1
        }
    },
    EventType = "Incoming",
    RemoteInstanceInfo = {
        Path = "game:GetService(\"ReplicatedStorage\").rbxts_include.node_modules[\"@easy-games\"][\"block-engine\"].node_modules[\"@rbxts\"].net.out._NetManaged.DamageBlock",
        Name = "DamageBlock",
        ClassName = "RemoteFunction"
    }
}
	-------------------- Generated Code --------------------
	local Event = game:GetService("ReplicatedStorage").rbxts_include.node_modules["@easy-games"]["block-engine"].node_modules["@rbxts"].net.out._NetManaged.DamageBlock
local Result = table.pack(Event:InvokeServer(
    {
        blockRef = {
            blockPosition = Vector3.new(115, 23, 103)
        },
        hitPosition = Vector3.new(345.37646484375, 70.327774047852, 310.5),
        hitNormal = Vector3.new(0, 0, 1)
    }
))

local ExpectedResult = table.unpack({
    "damaged"
})

2026-09-08T13:47:430.408Z,151.393864,Outgoing:DamageBlock,INFO Instance: DamageBlock (RemoteFunction)
	Path: game:GetService("ReplicatedStorage").rbxts_include.node_modules["@easy-games"]["block-engine"].node_modules["@rbxts"].net.out._NetManaged.DamageBlock
	Status: Allowed
	Call Order In Log: 32
	-------------------- Event Data --------------------
	{
    CallOrderInLog = 32,
    DataFromHook = {
        Function = function(arg1, arg2, ...)
            --[[Name: runExecutor | Line: 171
            Upvalues: 2
            Function Hash: d6448705789b5ead4caa89766364b91b43b9852aab4ad2967e601129128c82e752b56a7b1b3a3ef4b3a3390dab110a05
            LuaEncode: Unable to serialize function]]
            return
        end,
        Arguments = {
            {
                blockRef = {
                    blockPosition = Vector3.new(115, 23, 103)
                },
                hitPosition = Vector3.new(345.37646484375, 70.327774047852, 310.5),
                hitNormal = Vector3.new(0, 0, 1)
            },
            n = 1
        },
        Source = "ReplicatedStorage.rbxts_include.Promise",
        Origin = game:GetService("Players").LocalPlayer.PlayerScripts.TS.ui.store,
        IsExecutor = false,
        CreationTime = 1788882463.3797,
        Line = 172
    },
    EventType = "Outgoing",
    RemoteInstanceInfo = {
        Path = "game:GetService(\"ReplicatedStorage\").rbxts_include.node_modules[\"@easy-games\"][\"block-engine\"].node_modules[\"@rbxts\"].net.out._NetManaged.DamageBlock",
        Name = "DamageBlock",
        ClassName = "RemoteFunction"
    }
}
	-------------------- Generated Code --------------------
	local Event = game:GetService("ReplicatedStorage").rbxts_include.node_modules["@easy-games"]["block-engine"].node_modules["@rbxts"].net.out._NetManaged.DamageBlock
Event:InvokeServer(
    {
        blockRef = {
            blockPosition = Vector3.new(115, 23, 103)
        },
        hitPosition = Vector3.new(345.37646484375, 70.327774047852, 310.5),
        hitNormal = Vector3.new(0, 0, 1)
    }
)
2026-09-08T13:47:430.527Z,151.512087,Incoming:DamageBlock,INFO Instance: DamageBlock (RemoteFunction)
	Path: game:GetService("ReplicatedStorage").rbxts_include.node_modules["@easy-games"]["block-engine"].node_modules["@rbxts"].net.out._NetManaged.DamageBlock
	Status: Allowed
	Call Order In Log: 32
	-------------------- Event Data --------------------
	{
    CallOrderInLog = 32,
    DataFromHook = {
        Source = "ReplicatedStorage.rbxts_include.Promise",
        Origin = game:GetService("Players").LocalPlayer.PlayerScripts.TS.ui.store,
        InvokeKind = "Request",
        Function = function(arg1, arg2, ...)
            --[[Name: runExecutor | Line: 171
            Upvalues: 2
            Function Hash: d6448705789b5ead4caa89766364b91b43b9852aab4ad2967e601129128c82e752b56a7b1b3a3ef4b3a3390dab110a05
            LuaEncode: Unable to serialize function]]
            return
        end,
        Line = 172,
        IsExecutor = false,
        CreationTime = 1788882463.476,
        InvokeResult = {
            "damaged",
            n = 1
        },
        Arguments = {
            {
                blockRef = {
                    blockPosition = Vector3.new(115, 23, 103)
                },
                hitPosition = Vector3.new(345.37646484375, 70.327774047852, 310.5),
                hitNormal = Vector3.new(0, 0, 1)
            },
            n = 1
        }
    },
    EventType = "Incoming",
    RemoteInstanceInfo = {
        Path = "game:GetService(\"ReplicatedStorage\").rbxts_include.node_modules[\"@easy-games\"][\"block-engine\"].node_modules[\"@rbxts\"].net.out._NetManaged.DamageBlock",
        Name = "DamageBlock",
        ClassName = "RemoteFunction"
    }
}
	-------------------- Generated Code --------------------
	local Event = game:GetService("ReplicatedStorage").rbxts_include.node_modules["@easy-games"]["block-engine"].node_modules["@rbxts"].net.out._NetManaged.DamageBlock
local Result = table.pack(Event:InvokeServer(
    {
        blockRef = {
            blockPosition = Vector3.new(115, 23, 103)
        },
        hitPosition = Vector3.new(345.37646484375, 70.327774047852, 310.5),
        hitNormal = Vector3.new(0, 0, 1)
    }
))

local ExpectedResult = table.unpack({
    "damaged"
})

2026-09-08T13:47:430.776Z,151.761713,Outgoing:DamageBlock,INFO Instance: DamageBlock (RemoteFunction)
	Path: game:GetService("ReplicatedStorage").rbxts_include.node_modules["@easy-games"]["block-engine"].node_modules["@rbxts"].net.out._NetManaged.DamageBlock
	Status: Allowed
	Call Order In Log: 33
	-------------------- Event Data --------------------
	{
    CallOrderInLog = 33,
    DataFromHook = {
        Function = function(arg1, arg2, ...)
            --[[Name: runExecutor | Line: 171
            Upvalues: 2
            Function Hash: d6448705789b5ead4caa89766364b91b43b9852aab4ad2967e601129128c82e752b56a7b1b3a3ef4b3a3390dab110a05
            LuaEncode: Unable to serialize function]]
            return
        end,
        Arguments = {
            {
                blockRef = {
                    blockPosition = Vector3.new(115, 23, 103)
                },
                hitPosition = Vector3.new(345.37646484375, 70.327774047852, 310.5),
                hitNormal = Vector3.new(0, 0, 1)
            },
            n = 1
        },
        Source = "ReplicatedStorage.rbxts_include.Promise",
        Origin = game:GetService("Players").LocalPlayer.PlayerScripts.TS.ui.store,
        IsExecutor = false,
        CreationTime = 1788882463.7528,
        Line = 172
    },
    EventType = "Outgoing",
    RemoteInstanceInfo = {
        Path = "game:GetService(\"ReplicatedStorage\").rbxts_include.node_modules[\"@easy-games\"][\"block-engine\"].node_modules[\"@rbxts\"].net.out._NetManaged.DamageBlock",
        Name = "DamageBlock",
        ClassName = "RemoteFunction"
    }
}
	-------------------- Generated Code --------------------
	local Event = game:GetService("ReplicatedStorage").rbxts_include.node_modules["@easy-games"]["block-engine"].node_modules["@rbxts"].net.out._NetManaged.DamageBlock
Event:InvokeServer(
    {
        blockRef = {
            blockPosition = Vector3.new(115, 23, 103)
        },
        hitPosition = Vector3.new(345.37646484375, 70.327774047852, 310.5),
        hitNormal = Vector3.new(0, 0, 1)
    }
)
2026-09-08T13:47:430.855Z,151.840498,Incoming:DamageBlock,INFO Instance: DamageBlock (RemoteFunction)
	Path: game:GetService("ReplicatedStorage").rbxts_include.node_modules["@easy-games"]["block-engine"].node_modules["@rbxts"].net.out._NetManaged.DamageBlock
	Status: Allowed
	Call Order In Log: 33
	-------------------- Event Data --------------------
	{
    CallOrderInLog = 33,
    DataFromHook = {
        Source = "ReplicatedStorage.rbxts_include.Promise",
        Origin = game:GetService("Players").LocalPlayer.PlayerScripts.TS.ui.store,
        InvokeKind = "Request",
        Function = function(arg1, arg2, ...)
            --[[Name: runExecutor | Line: 171
            Upvalues: 2
            Function Hash: d6448705789b5ead4caa89766364b91b43b9852aab4ad2967e601129128c82e752b56a7b1b3a3ef4b3a3390dab110a05
            LuaEncode: Unable to serialize function]]
            return
        end,
        Line = 172,
        IsExecutor = false,
        CreationTime = 1788882463.8141,
        InvokeResult = {
            "damaged",
            n = 1
        },
        Arguments = {
            {
                blockRef = {
                    blockPosition = Vector3.new(115, 23, 103)
                },
                hitPosition = Vector3.new(345.37646484375, 70.327774047852, 310.5),
                hitNormal = Vector3.new(0, 0, 1)
            },
            n = 1
        }
    },
    EventType = "Incoming",
    RemoteInstanceInfo = {
        Path = "game:GetService(\"ReplicatedStorage\").rbxts_include.node_modules[\"@easy-games\"][\"block-engine\"].node_modules[\"@rbxts\"].net.out._NetManaged.DamageBlock",
        Name = "DamageBlock",
        ClassName = "RemoteFunction"
    }
}
	-------------------- Generated Code --------------------
	local Event = game:GetService("ReplicatedStorage").rbxts_include.node_modules["@easy-games"]["block-engine"].node_modules["@rbxts"].net.out._NetManaged.DamageBlock
local Result = table.pack(Event:InvokeServer(
    {
        blockRef = {
            blockPosition = Vector3.new(115, 23, 103)
        },
        hitPosition = Vector3.new(345.37646484375, 70.327774047852, 310.5),
        hitNormal = Vector3.new(0, 0, 1)
    }
))

local ExpectedResult = table.unpack({
    "damaged"
})

2026-09-08T13:47:440.121Z,152.106735,Outgoing:DamageBlock,INFO Instance: DamageBlock (RemoteFunction)
	Path: game:GetService("ReplicatedStorage").rbxts_include.node_modules["@easy-games"]["block-engine"].node_modules["@rbxts"].net.out._NetManaged.DamageBlock
	Status: Allowed
	Call Order In Log: 34
	-------------------- Event Data --------------------
	{
    CallOrderInLog = 34,
    DataFromHook = {
        Function = function(arg1, arg2, ...)
            --[[Name: runExecutor | Line: 171
            Upvalues: 2
            Function Hash: d6448705789b5ead4caa89766364b91b43b9852aab4ad2967e601129128c82e752b56a7b1b3a3ef4b3a3390dab110a05
            LuaEncode: Unable to serialize function]]
            return
        end,
        Arguments = {
            {
                blockRef = {
                    blockPosition = Vector3.new(115, 23, 103)
                },
                hitPosition = Vector3.new(345.37646484375, 70.327774047852, 310.5),
                hitNormal = Vector3.new(0, 0, 1)
            },
            n = 1
        },
        Source = "ReplicatedStorage.rbxts_include.Promise",
        Origin = game:GetService("Players").LocalPlayer.PlayerScripts.TS.ui.store,
        IsExecutor = false,
        CreationTime = 1788882464.0967,
        Line = 172
    },
    EventType = "Outgoing",
    RemoteInstanceInfo = {
        Path = "game:GetService(\"ReplicatedStorage\").rbxts_include.node_modules[\"@easy-games\"][\"block-engine\"].node_modules[\"@rbxts\"].net.out._NetManaged.DamageBlock",
        Name = "DamageBlock",
        ClassName = "RemoteFunction"
    }
}
	-------------------- Generated Code --------------------
	local Event = game:GetService("ReplicatedStorage").rbxts_include.node_modules["@easy-games"]["block-engine"].node_modules["@rbxts"].net.out._NetManaged.DamageBlock
Event:InvokeServer(
    {
        blockRef = {
            blockPosition = Vector3.new(115, 23, 103)
        },
        hitPosition = Vector3.new(345.37646484375, 70.327774047852, 310.5),
        hitNormal = Vector3.new(0, 0, 1)
    }
)
2026-09-08T13:47:440.225Z,152.210902,Incoming:BedBreakEffectTriggered,INFO Instance: BedBreakEffectTriggered (RemoteEvent)
	Path: game:GetService("ReplicatedStorage").rbxts_include.node_modules["@rbxts"].net.out._NetManaged.BedBreakEffectTriggered
	Status: Allowed
	Call Order In Log: 1
	-------------------- Event Data --------------------
	{
    CallOrderInLog = 1,
    DataFromHook = {
        Function = function(...)
            --[[Name: Anonymous Function | Line: 50
            Upvalues: 2
            Function Hash: 99e7dd9f601f270d9695642a55ba68480a5305830bd7abee29147812647800092c62703653220d16fe23797b7ef987ca
            LuaEncode: Unable to serialize function]]
            return
        end,
        Arguments = {
            {
                player = game:GetService("Players").LocalPlayer,
                effectType = "none",
                cframe = CFrame.new(345, 69, 309, -1, 0, 0, 0, 1, 0, 0, 0, -1),
                centerBedPosition = Vector3.new(345, 69, 307.5),
                teamId = "2"
            },
            n = 1
        },
        Origin = game:GetService("Players").LocalPlayer.PlayerScripts.TS.main,
        IsExecutor = true,
        CreationTime = 1788882464.1721
    },
    EventType = "Incoming",
    RemoteInstanceInfo = {
        Path = "game:GetService(\"ReplicatedStorage\").rbxts_include.node_modules[\"@rbxts\"].net.out._NetManaged.BedBreakEffectTriggered",
        Name = "BedBreakEffectTriggered",
        ClassName = "RemoteEvent"
    }
}
	-------------------- Generated Code --------------------
	local Event = game:GetService("ReplicatedStorage").rbxts_include.node_modules["@rbxts"].net.out._NetManaged.BedBreakEffectTriggered
firesignal(Event.OnClientEvent, 
    {
        player = game:GetService("Players").LocalPlayer,
        effectType = "none",
        cframe = CFrame.new(345, 69, 309, -1, 0, 0, 0, 1, 0, 0, 0, -1),
        centerBedPosition = Vector3.new(345, 69, 307.5),
        teamId = "2"
    }
)
2026-09-08T13:47:440.267Z,152.252808,Incoming:BedBreakEffectTriggered,INFO Instance: BedBreakEffectTriggered (RemoteEvent)
	Path: game:GetService("ReplicatedStorage").rbxts_include.node_modules["@rbxts"].net.out._NetManaged.BedBreakEffectTriggered
	Status: Allowed
	Call Order In Log: 2
	-------------------- Event Data --------------------
	{
    CallOrderInLog = 2,
    DataFromHook = {
        Function = function(...)
            --[[Name: Anonymous Function | Line: 50
            Upvalues: 2
            Function Hash: 99e7dd9f601f270d9695642a55ba68480a5305830bd7abee29147812647800092c62703653220d16fe23797b7ef987ca
            LuaEncode: Unable to serialize function]]
            return
        end,
        Arguments = {
            {
                player = game:GetService("Players").LocalPlayer,
                effectType = "none",
                cframe = CFrame.new(345, 69, 309, -1, 0, 0, 0, 1, 0, 0, 0, -1),
                centerBedPosition = Vector3.new(345, 69, 307.5),
                teamId = "2"
            },
            n = 1
        },
        Origin = game:GetService("Players").LocalPlayer.PlayerScripts.TS.main,
        IsExecutor = true,
        CreationTime = 1788882464.1721
    },
    EventType = "Incoming",
    RemoteInstanceInfo = {
        Path = "game:GetService(\"ReplicatedStorage\").rbxts_include.node_modules[\"@rbxts\"].net.out._NetManaged.BedBreakEffectTriggered",
        Name = "BedBreakEffectTriggered",
        ClassName = "RemoteEvent"
    }
}
	-------------------- Generated Code --------------------
	local Event = game:GetService("ReplicatedStorage").rbxts_include.node_modules["@rbxts"].net.out._NetManaged.BedBreakEffectTriggered
firesignal(Event.OnClientEvent, 
    {
        player = game:GetService("Players").LocalPlayer,
        effectType = "none",
        cframe = CFrame.new(345, 69, 309, -1, 0, 0, 0, 1, 0, 0, 0, -1),
        centerBedPosition = Vector3.new(345, 69, 307.5),
        teamId = "2"
    }
)
2026-09-08T13:47:440.304Z,152.289885,Incoming:BedBreakEffectTriggered,INFO Instance: BedBreakEffectTriggered (RemoteEvent)
	Path: game:GetService("ReplicatedStorage").rbxts_include.node_modules["@rbxts"].net.out._NetManaged.BedBreakEffectTriggered
	Status: Allowed
	Call Order In Log: 3
	-------------------- Event Data --------------------
	{
    CallOrderInLog = 3,
    DataFromHook = {
        Function = function(...)
            --[[Name: Anonymous Function | Line: 50
            Upvalues: 2
            Function Hash: 99e7dd9f601f270d9695642a55ba68480a5305830bd7abee29147812647800092c62703653220d16fe23797b7ef987ca
            LuaEncode: Unable to serialize function]]
            return
        end,
        Arguments = {
            {
                player = game:GetService("Players").LocalPlayer,
                effectType = "none",
                cframe = CFrame.new(345, 69, 309, -1, 0, 0, 0, 1, 0, 0, 0, -1),
                centerBedPosition = Vector3.new(345, 69, 307.5),
                teamId = "2"
            },
            n = 1
        },
        Origin = game:GetService("Players").LocalPlayer.PlayerScripts.TS.main,
        IsExecutor = true,
        CreationTime = 1788882464.1722
    },
    EventType = "Incoming",
    RemoteInstanceInfo = {
        Path = "game:GetService(\"ReplicatedStorage\").rbxts_include.node_modules[\"@rbxts\"].net.out._NetManaged.BedBreakEffectTriggered",
        Name = "BedBreakEffectTriggered",
        ClassName = "RemoteEvent"
    }
}
	-------------------- Generated Code --------------------
	local Event = game:GetService("ReplicatedStorage").rbxts_include.node_modules["@rbxts"].net.out._NetManaged.BedBreakEffectTriggered
firesignal(Event.OnClientEvent, 
    {
        player = game:GetService("Players").LocalPlayer,
        effectType = "none",
        cframe = CFrame.new(345, 69, 309, -1, 0, 0, 0, 1, 0, 0, 0, -1),
        centerBedPosition = Vector3.new(345, 69, 307.5),
        teamId = "2"
    }
)
2026-09-08T13:47:440.334Z,152.318995,Incoming:BedBreakEffectTriggered,INFO Instance: BedBreakEffectTriggered (RemoteEvent)
	Path: game:GetService("ReplicatedStorage").rbxts_include.node_modules["@rbxts"].net.out._NetManaged.BedBreakEffectTriggered
	Status: Allowed
	Call Order In Log: 4
	-------------------- Event Data --------------------
	{
    CallOrderInLog = 4,
    DataFromHook = {
        Function = function(...)
            --[[Name: Anonymous Function | Line: 50
            Upvalues: 2
            Function Hash: 99e7dd9f601f270d9695642a55ba68480a5305830bd7abee29147812647800092c62703653220d16fe23797b7ef987ca
            LuaEncode: Unable to serialize function]]
            return
        end,
        Arguments = {
            {
                player = game:GetService("Players").LocalPlayer,
                effectType = "none",
                cframe = CFrame.new(345, 69, 309, -1, 0, 0, 0, 1, 0, 0, 0, -1),
                centerBedPosition = Vector3.new(345, 69, 307.5),
                teamId = "2"
            },
            n = 1
        },
        Origin = game:GetService("Players").LocalPlayer.PlayerScripts.TS.main,
        IsExecutor = true,
        CreationTime = 1788882464.1722
    },
    EventType = "Incoming",
    RemoteInstanceInfo = {
        Path = "game:GetService(\"ReplicatedStorage\").rbxts_include.node_modules[\"@rbxts\"].net.out._NetManaged.BedBreakEffectTriggered",
        Name = "BedBreakEffectTriggered",
        ClassName = "RemoteEvent"
    }
}
	-------------------- Generated Code --------------------
	local Event = game:GetService("ReplicatedStorage").rbxts_include.node_modules["@rbxts"].net.out._NetManaged.BedBreakEffectTriggered
firesignal(Event.OnClientEvent, 
    {
        player = game:GetService("Players").LocalPlayer,
        effectType = "none",
        cframe = CFrame.new(345, 69, 309, -1, 0, 0, 0, 1, 0, 0, 0, -1),
        centerBedPosition = Vector3.new(345, 69, 307.5),
        teamId = "2"
    }
)
2026-09-08T13:47:440.355Z,152.340365,Incoming:BedBreakEffectTriggered,INFO Instance: BedBreakEffectTriggered (RemoteEvent)
	Path: game:GetService("ReplicatedStorage").rbxts_include.node_modules["@rbxts"].net.out._NetManaged.BedBreakEffectTriggered
	Status: Allowed
	Call Order In Log: 5
	-------------------- Event Data --------------------
	{
    CallOrderInLog = 5,
    DataFromHook = {
        Function = function(...)
            --[[Name: Anonymous Function | Line: 50
            Upvalues: 2
            Function Hash: 99e7dd9f601f270d9695642a55ba68480a5305830bd7abee29147812647800092c62703653220d16fe23797b7ef987ca
            LuaEncode: Unable to serialize function]]
            return
        end,
        Arguments = {
            {
                player = game:GetService("Players").LocalPlayer,
                effectType = "none",
                cframe = CFrame.new(345, 69, 309, -1, 0, 0, 0, 1, 0, 0, 0, -1),
                centerBedPosition = Vector3.new(345, 69, 307.5),
                teamId = "2"
            },
            n = 1
        },
        Origin = game:GetService("Players").LocalPlayer.PlayerScripts.TS.main,
        IsExecutor = true,
        CreationTime = 1788882464.1723
    },
    EventType = "Incoming",
    RemoteInstanceInfo = {
        Path = "game:GetService(\"ReplicatedStorage\").rbxts_include.node_modules[\"@rbxts\"].net.out._NetManaged.BedBreakEffectTriggered",
        Name = "BedBreakEffectTriggered",
        ClassName = "RemoteEvent"
    }
}
	-------------------- Generated Code --------------------
	local Event = game:GetService("ReplicatedStorage").rbxts_include.node_modules["@rbxts"].net.out._NetManaged.BedBreakEffectTriggered
firesignal(Event.OnClientEvent, 
    {
        player = game:GetService("Players").LocalPlayer,
        effectType = "none",
        cframe = CFrame.new(345, 69, 309, -1, 0, 0, 0, 1, 0, 0, 0, -1),
        centerBedPosition = Vector3.new(345, 69, 307.5),
        teamId = "2"
    }
)
2026-09-08T13:47:440.378Z,152.363786,Incoming:BedBreakEffectTriggered,INFO Instance: BedBreakEffectTriggered (RemoteEvent)
	Path: game:GetService("ReplicatedStorage").rbxts_include.node_modules["@rbxts"].net.out._NetManaged.BedBreakEffectTriggered
	Status: Allowed
	Call Order In Log: 6
	-------------------- Event Data --------------------
	{
    CallOrderInLog = 6,
    DataFromHook = {
        Function = function(...)
            --[[Name: Anonymous Function | Line: 50
            Upvalues: 2
            Function Hash: 99e7dd9f601f270d9695642a55ba68480a5305830bd7abee29147812647800092c62703653220d16fe23797b7ef987ca
            LuaEncode: Unable to serialize function]]
            return
        end,
        Arguments = {
            {
                player = game:GetService("Players").LocalPlayer,
                effectType = "none",
                cframe = CFrame.new(345, 69, 309, -1, 0, 0, 0, 1, 0, 0, 0, -1),
                centerBedPosition = Vector3.new(345, 69, 307.5),
                teamId = "2"
            },
            n = 1
        },
        Origin = game:GetService("Players").LocalPlayer.PlayerScripts.TS.main,
        IsExecutor = true,
        CreationTime = 1788882464.1723
    },
    EventType = "Incoming",
    RemoteInstanceInfo = {
        Path = "game:GetService(\"ReplicatedStorage\").rbxts_include.node_modules[\"@rbxts\"].net.out._NetManaged.BedBreakEffectTriggered",
        Name = "BedBreakEffectTriggered",
        ClassName = "RemoteEvent"
    }
}
	-------------------- Generated Code --------------------
	local Event = game:GetService("ReplicatedStorage").rbxts_include.node_modules["@rbxts"].net.out._NetManaged.BedBreakEffectTriggered
firesignal(Event.OnClientEvent, 
    {
        player = game:GetService("Players").LocalPlayer,
        effectType = "none",
        cframe = CFrame.new(345, 69, 309, -1, 0, 0, 0, 1, 0, 0, 0, -1),
        centerBedPosition = Vector3.new(345, 69, 307.5),
        teamId = "2"
    }
)
2026-09-08T13:47:440.397Z,152.382255,Incoming:BedBreakEffectTriggered,INFO Instance: BedBreakEffectTriggered (RemoteEvent)
	Path: game:GetService("ReplicatedStorage").rbxts_include.node_modules["@rbxts"].net.out._NetManaged.BedBreakEffectTriggered
	Status: Allowed
	Call Order In Log: 7
	-------------------- Event Data --------------------
	{
    CallOrderInLog = 7,
    DataFromHook = {
        Function = function(...)
            --[[Name: Anonymous Function | Line: 50
            Upvalues: 2
            Function Hash: 99e7dd9f601f270d9695642a55ba68480a5305830bd7abee29147812647800092c62703653220d16fe23797b7ef987ca
            LuaEncode: Unable to serialize function]]
            return
        end,
        Arguments = {
            {
                player = game:GetService("Players").LocalPlayer,
                effectType = "none",
                cframe = CFrame.new(345, 69, 309, -1, 0, 0, 0, 1, 0, 0, 0, -1),
                centerBedPosition = Vector3.new(345, 69, 307.5),
                teamId = "2"
            },
            n = 1
        },
        Origin = game:GetService("Players").LocalPlayer.PlayerScripts.TS.main,
        IsExecutor = true,
        CreationTime = 1788882464.1723
    },
    EventType = "Incoming",
    RemoteInstanceInfo = {
        Path = "game:GetService(\"ReplicatedStorage\").rbxts_include.node_modules[\"@rbxts\"].net.out._NetManaged.BedBreakEffectTriggered",
        Name = "BedBreakEffectTriggered",
        ClassName = "RemoteEvent"
    }
}
	-------------------- Generated Code --------------------
	local Event = game:GetService("ReplicatedStorage").rbxts_include.node_modules["@rbxts"].net.out._NetManaged.BedBreakEffectTriggered
firesignal(Event.OnClientEvent, 
    {
        player = game:GetService("Players").LocalPlayer,
        effectType = "none",
        cframe = CFrame.new(345, 69, 309, -1, 0, 0, 0, 1, 0, 0, 0, -1),
        centerBedPosition = Vector3.new(345, 69, 307.5),
        teamId = "2"
    }
)
2026-09-08T13:47:440.426Z,152.411448,Incoming:BedBreakEffectTriggered,INFO Instance: BedBreakEffectTriggered (RemoteEvent)
	Path: game:GetService("ReplicatedStorage").rbxts_include.node_modules["@rbxts"].net.out._NetManaged.BedBreakEffectTriggered
	Status: Allowed
	Call Order In Log: 8
	-------------------- Event Data --------------------
	{
    CallOrderInLog = 8,
    DataFromHook = {
        Function = function(...)
            --[[Name: Anonymous Function | Line: 50
            Upvalues: 2
            Function Hash: 99e7dd9f601f270d9695642a55ba68480a5305830bd7abee29147812647800092c62703653220d16fe23797b7ef987ca
            LuaEncode: Unable to serialize function]]
            return
        end,
        Arguments = {
            {
                player = game:GetService("Players").LocalPlayer,
                effectType = "none",
                cframe = CFrame.new(345, 69, 309, -1, 0, 0, 0, 1, 0, 0, 0, -1),
                centerBedPosition = Vector3.new(345, 69, 307.5),
                teamId = "2"
            },
            n = 1
        },
        Origin = game:GetService("Players").LocalPlayer.PlayerScripts.TS.main,
        IsExecutor = true,
        CreationTime = 1788882464.1724
    },
    EventType = "Incoming",
    RemoteInstanceInfo = {
        Path = "game:GetService(\"ReplicatedStorage\").rbxts_include.node_modules[\"@rbxts\"].net.out._NetManaged.BedBreakEffectTriggered",
        Name = "BedBreakEffectTriggered",
        ClassName = "RemoteEvent"
    }
}
	-------------------- Generated Code --------------------
	local Event = game:GetService("ReplicatedStorage").rbxts_include.node_modules["@rbxts"].net.out._NetManaged.BedBreakEffectTriggered
firesignal(Event.OnClientEvent, 
    {
        player = game:GetService("Players").LocalPlayer,
        effectType = "none",
        cframe = CFrame.new(345, 69, 309, -1, 0, 0, 0, 1, 0, 0, 0, -1),
        centerBedPosition = Vector3.new(345, 69, 307.5),
        teamId = "2"
    }
)
2026-09-08T13:47:440.449Z,152.434159,Incoming:BedBreakEffectTriggered,INFO Instance: BedBreakEffectTriggered (RemoteEvent)
	Path: game:GetService("ReplicatedStorage").rbxts_include.node_modules["@rbxts"].net.out._NetManaged.BedBreakEffectTriggered
	Status: Allowed
	Call Order In Log: 9
	-------------------- Event Data --------------------
	{
    CallOrderInLog = 9,
    DataFromHook = {
        Function = function(...)
            --[[Name: Anonymous Function | Line: 50
            Upvalues: 2
            Function Hash: 99e7dd9f601f270d9695642a55ba68480a5305830bd7abee29147812647800092c62703653220d16fe23797b7ef987ca
            LuaEncode: Unable to serialize function]]
            return
        end,
        Arguments = {
            {
                player = game:GetService("Players").LocalPlayer,
                effectType = "none",
                cframe = CFrame.new(345, 69, 309, -1, 0, 0, 0, 1, 0, 0, 0, -1),
                centerBedPosition = Vector3.new(345, 69, 307.5),
                teamId = "2"
            },
            n = 1
        },
        Origin = game:GetService("Players").LocalPlayer.PlayerScripts.TS.main,
        IsExecutor = true,
        CreationTime = 1788882464.1724
    },
    EventType = "Incoming",
    RemoteInstanceInfo = {
        Path = "game:GetService(\"ReplicatedStorage\").rbxts_include.node_modules[\"@rbxts\"].net.out._NetManaged.BedBreakEffectTriggered",
        Name = "BedBreakEffectTriggered",
        ClassName = "RemoteEvent"
    }
}
	-------------------- Generated Code --------------------
	local Event = game:GetService("ReplicatedStorage").rbxts_include.node_modules["@rbxts"].net.out._NetManaged.BedBreakEffectTriggered
firesignal(Event.OnClientEvent, 
    {
        player = game:GetService("Players").LocalPlayer,
        effectType = "none",
        cframe = CFrame.new(345, 69, 309, -1, 0, 0, 0, 1, 0, 0, 0, -1),
        centerBedPosition = Vector3.new(345, 69, 307.5),
        teamId = "2"
    }
)
2026-09-08T13:47:440.477Z,152.462203,Incoming:BedBreakEffectTriggered,INFO Instance: BedBreakEffectTriggered (RemoteEvent)
	Path: game:GetService("ReplicatedStorage").rbxts_include.node_modules["@rbxts"].net.out._NetManaged.BedBreakEffectTriggered
	Status: Allowed
	Call Order In Log: 10
	-------------------- Event Data --------------------
	{
    CallOrderInLog = 10,
    DataFromHook = {
        Function = function(...)
            --[[Name: Anonymous Function | Line: 50
            Upvalues: 2
            Function Hash: 99e7dd9f601f270d9695642a55ba68480a5305830bd7abee29147812647800092c62703653220d16fe23797b7ef987ca
            LuaEncode: Unable to serialize function]]
            return
        end,
        Arguments = {
            {
                player = game:GetService("Players").LocalPlayer,
                effectType = "none",
                cframe = CFrame.new(345, 69, 309, -1, 0, 0, 0, 1, 0, 0, 0, -1),
                centerBedPosition = Vector3.new(345, 69, 307.5),
                teamId = "2"
            },
            n = 1
        },
        Origin = game:GetService("Players").LocalPlayer.PlayerScripts.TS.main,
        IsExecutor = true,
        CreationTime = 1788882464.1724
    },
    EventType = "Incoming",
    RemoteInstanceInfo = {
        Path = "game:GetService(\"ReplicatedStorage\").rbxts_include.node_modules[\"@rbxts\"].net.out._NetManaged.BedBreakEffectTriggered",
        Name = "BedBreakEffectTriggered",
        ClassName = "RemoteEvent"
    }
}
	-------------------- Generated Code --------------------
	local Event = game:GetService("ReplicatedStorage").rbxts_include.node_modules["@rbxts"].net.out._NetManaged.BedBreakEffectTriggered
firesignal(Event.OnClientEvent, 
    {
        player = game:GetService("Players").LocalPlayer,
        effectType = "none",
        cframe = CFrame.new(345, 69, 309, -1, 0, 0, 0, 1, 0, 0, 0, -1),
        centerBedPosition = Vector3.new(345, 69, 307.5),
        teamId = "2"
    }
)
2026-09-08T13:47:440.503Z,152.488706,Incoming:BedBreakEffectTriggered,INFO Instance: BedBreakEffectTriggered (RemoteEvent)
	Path: game:GetService("ReplicatedStorage").rbxts_include.node_modules["@rbxts"].net.out._NetManaged.BedBreakEffectTriggered
	Status: Allowed
	Call Order In Log: 11
	-------------------- Event Data --------------------
	{
    CallOrderInLog = 11,
    DataFromHook = {
        Function = function(...)
            --[[Name: Anonymous Function | Line: 50
            Upvalues: 2
            Function Hash: 99e7dd9f601f270d9695642a55ba68480a5305830bd7abee29147812647800092c62703653220d16fe23797b7ef987ca
            LuaEncode: Unable to serialize function]]
            return
        end,
        Arguments = {
            {
                player = game:GetService("Players").LocalPlayer,
                effectType = "none",
                cframe = CFrame.new(345, 69, 309, -1, 0, 0, 0, 1, 0, 0, 0, -1),
                centerBedPosition = Vector3.new(345, 69, 307.5),
                teamId = "2"
            },
            n = 1
        },
        Origin = game:GetService("Players").LocalPlayer.PlayerScripts.TS.main,
        IsExecutor = true,
        CreationTime = 1788882464.1725
    },
    EventType = "Incoming",
    RemoteInstanceInfo = {
        Path = "game:GetService(\"ReplicatedStorage\").rbxts_include.node_modules[\"@rbxts\"].net.out._NetManaged.BedBreakEffectTriggered",
        Name = "BedBreakEffectTriggered",
        ClassName = "RemoteEvent"
    }
}
	-------------------- Generated Code --------------------
	local Event = game:GetService("ReplicatedStorage").rbxts_include.node_modules["@rbxts"].net.out._NetManaged.BedBreakEffectTriggered
firesignal(Event.OnClientEvent, 
    {
        player = game:GetService("Players").LocalPlayer,
        effectType = "none",
        cframe = CFrame.new(345, 69, 309, -1, 0, 0, 0, 1, 0, 0, 0, -1),
        centerBedPosition = Vector3.new(345, 69, 307.5),
        teamId = "2"
    }
)
2026-09-08T13:47:440.526Z,152.511351,Incoming:BedBreakEffectTriggered,INFO Instance: BedBreakEffectTriggered (RemoteEvent)
	Path: game:GetService("ReplicatedStorage").rbxts_include.node_modules["@rbxts"].net.out._NetManaged.BedBreakEffectTriggered
	Status: Allowed
	Call Order In Log: 12
	-------------------- Event Data --------------------
	{
    CallOrderInLog = 12,
    DataFromHook = {
        Function = function(...)
            --[[Name: Anonymous Function | Line: 50
            Upvalues: 2
            Function Hash: 99e7dd9f601f270d9695642a55ba68480a5305830bd7abee29147812647800092c62703653220d16fe23797b7ef987ca
            LuaEncode: Unable to serialize function]]
            return
        end,
        Arguments = {
            {
                player = game:GetService("Players").LocalPlayer,
                effectType = "none",
                cframe = CFrame.new(345, 69, 309, -1, 0, 0, 0, 1, 0, 0, 0, -1),
                centerBedPosition = Vector3.new(345, 69, 307.5),
                teamId = "2"
            },
            n = 1
        },
        Origin = game:GetService("Players").LocalPlayer.PlayerScripts.TS.main,
        IsExecutor = true,
        CreationTime = 1788882464.1725
    },
    EventType = "Incoming",
    RemoteInstanceInfo = {
        Path = "game:GetService(\"ReplicatedStorage\").rbxts_include.node_modules[\"@rbxts\"].net.out._NetManaged.BedBreakEffectTriggered",
        Name = "BedBreakEffectTriggered",
        ClassName = "RemoteEvent"
    }
}
	-------------------- Generated Code --------------------
	local Event = game:GetService("ReplicatedStorage").rbxts_include.node_modules["@rbxts"].net.out._NetManaged.BedBreakEffectTriggered
firesignal(Event.OnClientEvent, 
    {
        player = game:GetService("Players").LocalPlayer,
        effectType = "none",
        cframe = CFrame.new(345, 69, 309, -1, 0, 0, 0, 1, 0, 0, 0, -1),
        centerBedPosition = Vector3.new(345, 69, 307.5),
        teamId = "2"
    }
)
2026-09-08T13:47:440.545Z,152.530409,Incoming:BedBreakEffectTriggered,INFO Instance: BedBreakEffectTriggered (RemoteEvent)
	Path: game:GetService("ReplicatedStorage").rbxts_include.node_modules["@rbxts"].net.out._NetManaged.BedBreakEffectTriggered
	Status: Allowed
	Call Order In Log: 13
	-------------------- Event Data --------------------
	{
    CallOrderInLog = 13,
    DataFromHook = {
        Function = function(...)
            --[[Name: Anonymous Function | Line: 50
            Upvalues: 2
            Function Hash: 99e7dd9f601f270d9695642a55ba68480a5305830bd7abee29147812647800092c62703653220d16fe23797b7ef987ca
            LuaEncode: Unable to serialize function]]
            return
        end,
        Arguments = {
            {
                player = game:GetService("Players").LocalPlayer,
                effectType = "none",
                cframe = CFrame.new(345, 69, 309, -1, 0, 0, 0, 1, 0, 0, 0, -1),
                centerBedPosition = Vector3.new(345, 69, 307.5),
                teamId = "2"
            },
            n = 1
        },
        Origin = game:GetService("Players").LocalPlayer.PlayerScripts.TS.main,
        IsExecutor = true,
        CreationTime = 1788882464.1726
    },
    EventType = "Incoming",
    RemoteInstanceInfo = {
        Path = "game:GetService(\"ReplicatedStorage\").rbxts_include.node_modules[\"@rbxts\"].net.out._NetManaged.BedBreakEffectTriggered",
        Name = "BedBreakEffectTriggered",
        ClassName = "RemoteEvent"
    }
}
	-------------------- Generated Code --------------------
	local Event = game:GetService("ReplicatedStorage").rbxts_include.node_modules["@rbxts"].net.out._NetManaged.BedBreakEffectTriggered
firesignal(Event.OnClientEvent, 
    {
        player = game:GetService("Players").LocalPlayer,
        effectType = "none",
        cframe = CFrame.new(345, 69, 309, -1, 0, 0, 0, 1, 0, 0, 0, -1),
        centerBedPosition = Vector3.new(345, 69, 307.5),
        teamId = "2"
    }
)
2026-09-08T13:47:440.577Z,152.562270,Incoming:BedBreakEffectTriggered,INFO Instance: BedBreakEffectTriggered (RemoteEvent)
	Path: game:GetService("ReplicatedStorage").rbxts_include.node_modules["@rbxts"].net.out._NetManaged.BedBreakEffectTriggered
	Status: Allowed
	Call Order In Log: 14
	-------------------- Event Data --------------------
	{
    CallOrderInLog = 14,
    DataFromHook = {
        Function = function(...)
            --[[Name: Anonymous Function | Line: 50
            Upvalues: 2
            Function Hash: 99e7dd9f601f270d9695642a55ba68480a5305830bd7abee29147812647800092c62703653220d16fe23797b7ef987ca
            LuaEncode: Unable to serialize function]]
            return
        end,
        Arguments = {
            {
                player = game:GetService("Players").LocalPlayer,
                effectType = "none",
                cframe = CFrame.new(345, 69, 309, -1, 0, 0, 0, 1, 0, 0, 0, -1),
                centerBedPosition = Vector3.new(345, 69, 307.5),
                teamId = "2"
            },
            n = 1
        },
        Origin = game:GetService("Players").LocalPlayer.PlayerScripts.TS.main,
        IsExecutor = true,
        CreationTime = 1788882464.1726
    },
    EventType = "Incoming",
    RemoteInstanceInfo = {
        Path = "game:GetService(\"ReplicatedStorage\").rbxts_include.node_modules[\"@rbxts\"].net.out._NetManaged.BedBreakEffectTriggered",
        Name = "BedBreakEffectTriggered",
        ClassName = "RemoteEvent"
    }
}
	-------------------- Generated Code --------------------
	local Event = game:GetService("ReplicatedStorage").rbxts_include.node_modules["@rbxts"].net.out._NetManaged.BedBreakEffectTriggered
firesignal(Event.OnClientEvent, 
    {
        player = game:GetService("Players").LocalPlayer,
        effectType = "none",
        cframe = CFrame.new(345, 69, 309, -1, 0, 0, 0, 1, 0, 0, 0, -1),
        centerBedPosition = Vector3.new(345, 69, 307.5),
        teamId = "2"
    }
)
2026-09-08T13:47:440.594Z,152.579190,Incoming:BedBreakEffectTriggered,INFO Instance: BedBreakEffectTriggered (RemoteEvent)
	Path: game:GetService("ReplicatedStorage").rbxts_include.node_modules["@rbxts"].net.out._NetManaged.BedBreakEffectTriggered
	Status: Allowed
	Call Order In Log: 15
	-------------------- Event Data --------------------
	{
    CallOrderInLog = 15,
    DataFromHook = {
        Function = function(...)
            --[[Name: Anonymous Function | Line: 50
            Upvalues: 2
            Function Hash: 99e7dd9f601f270d9695642a55ba68480a5305830bd7abee29147812647800092c62703653220d16fe23797b7ef987ca
            LuaEncode: Unable to serialize function]]
            return
        end,
        Arguments = {
            {
                player = game:GetService("Players").LocalPlayer,
                effectType = "none",
                cframe = CFrame.new(345, 69, 309, -1, 0, 0, 0, 1, 0, 0, 0, -1),
                centerBedPosition = Vector3.new(345, 69, 307.5),
                teamId = "2"
            },
            n = 1
        },
        Origin = game:GetService("Players").LocalPlayer.PlayerScripts.TS.main,
        IsExecutor = true,
        CreationTime = 1788882464.1726
    },
    EventType = "Incoming",
    RemoteInstanceInfo = {
        Path = "game:GetService(\"ReplicatedStorage\").rbxts_include.node_modules[\"@rbxts\"].net.out._NetManaged.BedBreakEffectTriggered",
        Name = "BedBreakEffectTriggered",
        ClassName = "RemoteEvent"
    }
}
	-------------------- Generated Code --------------------
	local Event = game:GetService("ReplicatedStorage").rbxts_include.node_modules["@rbxts"].net.out._NetManaged.BedBreakEffectTriggered
firesignal(Event.OnClientEvent, 
    {
        player = game:GetService("Players").LocalPlayer,
        effectType = "none",
        cframe = CFrame.new(345, 69, 309, -1, 0, 0, 0, 1, 0, 0, 0, -1),
        centerBedPosition = Vector3.new(345, 69, 307.5),
        teamId = "2"
    }
)
2026-09-08T13:47:440.613Z,152.598904,Incoming:BedBreakEffectTriggered,INFO Instance: BedBreakEffectTriggered (RemoteEvent)
	Path: game:GetService("ReplicatedStorage").rbxts_include.node_modules["@rbxts"].net.out._NetManaged.BedBreakEffectTriggered
	Status: Allowed
	Call Order In Log: 16
	-------------------- Event Data --------------------
	{
    CallOrderInLog = 16,
    DataFromHook = {
        Function = function(...)
            --[[Name: Anonymous Function | Line: 50
            Upvalues: 2
            Function Hash: 99e7dd9f601f270d9695642a55ba68480a5305830bd7abee29147812647800092c62703653220d16fe23797b7ef987ca
            LuaEncode: Unable to serialize function]]
            return
        end,
        Arguments = {
            {
                player = game:GetService("Players").LocalPlayer,
                effectType = "none",
                cframe = CFrame.new(345, 69, 309, -1, 0, 0, 0, 1, 0, 0, 0, -1),
                centerBedPosition = Vector3.new(345, 69, 307.5),
                teamId = "2"
            },
            n = 1
        },
        Origin = game:GetService("Players").LocalPlayer.PlayerScripts.TS.main,
        IsExecutor = true,
        CreationTime = 1788882464.1727
    },
    EventType = "Incoming",
    RemoteInstanceInfo = {
        Path = "game:GetService(\"ReplicatedStorage\").rbxts_include.node_modules[\"@rbxts\"].net.out._NetManaged.BedBreakEffectTriggered",
        Name = "BedBreakEffectTriggered",
        ClassName = "RemoteEvent"
    }
}
	-------------------- Generated Code --------------------
	local Event = game:GetService("ReplicatedStorage").rbxts_include.node_modules["@rbxts"].net.out._NetManaged.BedBreakEffectTriggered
firesignal(Event.OnClientEvent, 
    {
        player = game:GetService("Players").LocalPlayer,
        effectType = "none",
        cframe = CFrame.new(345, 69, 309, -1, 0, 0, 0, 1, 0, 0, 0, -1),
        centerBedPosition = Vector3.new(345, 69, 307.5),
        teamId = "2"
    }
)
2026-09-08T13:47:440.636Z,152.621543,Incoming:BedBreakEffectTriggered,INFO Instance: BedBreakEffectTriggered (RemoteEvent)
	Path: game:GetService("ReplicatedStorage").rbxts_include.node_modules["@rbxts"].net.out._NetManaged.BedBreakEffectTriggered
	Status: Allowed
	Call Order In Log: 17
	-------------------- Event Data --------------------
	{
    CallOrderInLog = 17,
    DataFromHook = {
        Function = function(...)
            --[[Name: Anonymous Function | Line: 50
            Upvalues: 2
            Function Hash: 99e7dd9f601f270d9695642a55ba68480a5305830bd7abee29147812647800092c62703653220d16fe23797b7ef987ca
            LuaEncode: Unable to serialize function]]
            return
        end,
        Arguments = {
            {
                player = game:GetService("Players").LocalPlayer,
                effectType = "none",
                cframe = CFrame.new(345, 69, 309, -1, 0, 0, 0, 1, 0, 0, 0, -1),
                centerBedPosition = Vector3.new(345, 69, 307.5),
                teamId = "2"
            },
            n = 1
        },
        Origin = game:GetService("Players").LocalPlayer.PlayerScripts.TS.main,
        IsExecutor = true,
        CreationTime = 1788882464.1727
    },
    EventType = "Incoming",
    RemoteInstanceInfo = {
        Path = "game:GetService(\"ReplicatedStorage\").rbxts_include.node_modules[\"@rbxts\"].net.out._NetManaged.BedBreakEffectTriggered",
        Name = "BedBreakEffectTriggered",
        ClassName = "RemoteEvent"
    }
}
	-------------------- Generated Code --------------------
	local Event = game:GetService("ReplicatedStorage").rbxts_include.node_modules["@rbxts"].net.out._NetManaged.BedBreakEffectTriggered
firesignal(Event.OnClientEvent, 
    {
        player = game:GetService("Players").LocalPlayer,
        effectType = "none",
        cframe = CFrame.new(345, 69, 309, -1, 0, 0, 0, 1, 0, 0, 0, -1),
        centerBedPosition = Vector3.new(345, 69, 307.5),
        teamId = "2"
    }
)
2026-09-08T13:47:440.653Z,152.638836,Incoming:BedBreakEffectTriggered,INFO Instance: BedBreakEffectTriggered (RemoteEvent)
	Path: game:GetService("ReplicatedStorage").rbxts_include.node_modules["@rbxts"].net.out._NetManaged.BedBreakEffectTriggered
	Status: Allowed
	Call Order In Log: 18
	-------------------- Event Data --------------------
	{
    CallOrderInLog = 18,
    DataFromHook = {
        Function = function(...)
            --[[Name: Anonymous Function | Line: 50
            Upvalues: 2
            Function Hash: 99e7dd9f601f270d9695642a55ba68480a5305830bd7abee29147812647800092c62703653220d16fe23797b7ef987ca
            LuaEncode: Unable to serialize function]]
            return
        end,
        Arguments = {
            {
                player = game:GetService("Players").LocalPlayer,
                effectType = "none",
                cframe = CFrame.new(345, 69, 309, -1, 0, 0, 0, 1, 0, 0, 0, -1),
                centerBedPosition = Vector3.new(345, 69, 307.5),
                teamId = "2"
            },
            n = 1
        },
        Origin = game:GetService("Players").LocalPlayer.PlayerScripts.TS.main,
        IsExecutor = true,
        CreationTime = 1788882464.1727
    },
    EventType = "Incoming",
    RemoteInstanceInfo = {
        Path = "game:GetService(\"ReplicatedStorage\").rbxts_include.node_modules[\"@rbxts\"].net.out._NetManaged.BedBreakEffectTriggered",
        Name = "BedBreakEffectTriggered",
        ClassName = "RemoteEvent"
    }
}
	-------------------- Generated Code --------------------
	local Event = game:GetService("ReplicatedStorage").rbxts_include.node_modules["@rbxts"].net.out._NetManaged.BedBreakEffectTriggered
firesignal(Event.OnClientEvent, 
    {
        player = game:GetService("Players").LocalPlayer,
        effectType = "none",
        cframe = CFrame.new(345, 69, 309, -1, 0, 0, 0, 1, 0, 0, 0, -1),
        centerBedPosition = Vector3.new(345, 69, 307.5),
        teamId = "2"
    }
)
2026-09-08T13:47:440.668Z,152.653076,Incoming:BedBreakEffectTriggered,INFO Instance: BedBreakEffectTriggered (RemoteEvent)
	Path: game:GetService("ReplicatedStorage").rbxts_include.node_modules["@rbxts"].net.out._NetManaged.BedBreakEffectTriggered
	Status: Allowed
	Call Order In Log: 19
	-------------------- Event Data --------------------
	{
    CallOrderInLog = 19,
    DataFromHook = {
        Function = function(...)
            --[[Name: Anonymous Function | Line: 50
            Upvalues: 2
            Function Hash: 99e7dd9f601f270d9695642a55ba68480a5305830bd7abee29147812647800092c62703653220d16fe23797b7ef987ca
            LuaEncode: Unable to serialize function]]
            return
        end,
        Arguments = {
            {
                player = game:GetService("Players").LocalPlayer,
                effectType = "none",
                cframe = CFrame.new(345, 69, 309, -1, 0, 0, 0, 1, 0, 0, 0, -1),
                centerBedPosition = Vector3.new(345, 69, 307.5),
                teamId = "2"
            },
            n = 1
        },
        Origin = game:GetService("Players").LocalPlayer.PlayerScripts.TS.main,
        IsExecutor = true,
        CreationTime = 1788882464.1728
    },
    EventType = "Incoming",
    RemoteInstanceInfo = {
        Path = "game:GetService(\"ReplicatedStorage\").rbxts_include.node_modules[\"@rbxts\"].net.out._NetManaged.BedBreakEffectTriggered",
        Name = "BedBreakEffectTriggered",
        ClassName = "RemoteEvent"
    }
}
	-------------------- Generated Code --------------------
	local Event = game:GetService("ReplicatedStorage").rbxts_include.node_modules["@rbxts"].net.out._NetManaged.BedBreakEffectTriggered
firesignal(Event.OnClientEvent, 
    {
        player = game:GetService("Players").LocalPlayer,
        effectType = "none",
        cframe = CFrame.new(345, 69, 309, -1, 0, 0, 0, 1, 0, 0, 0, -1),
        centerBedPosition = Vector3.new(345, 69, 307.5),
        teamId = "2"
    }
)
2026-09-08T13:47:440.686Z,152.671066,Incoming:BedBreakEffectTriggered,INFO Instance: BedBreakEffectTriggered (RemoteEvent)
	Path: game:GetService("ReplicatedStorage").rbxts_include.node_modules["@rbxts"].net.out._NetManaged.BedBreakEffectTriggered
	Status: Allowed
	Call Order In Log: 20
	-------------------- Event Data --------------------
	{
    CallOrderInLog = 20,
    DataFromHook = {
        Function = function(...)
            --[[Name: Anonymous Function | Line: 50
            Upvalues: 2
            Function Hash: 99e7dd9f601f270d9695642a55ba68480a5305830bd7abee29147812647800092c62703653220d16fe23797b7ef987ca
            LuaEncode: Unable to serialize function]]
            return
        end,
        Arguments = {
            {
                player = game:GetService("Players").LocalPlayer,
                effectType = "none",
                cframe = CFrame.new(345, 69, 309, -1, 0, 0, 0, 1, 0, 0, 0, -1),
                centerBedPosition = Vector3.new(345, 69, 307.5),
                teamId = "2"
            },
            n = 1
        },
        Origin = game:GetService("Players").LocalPlayer.PlayerScripts.TS.main,
        IsExecutor = true,
        CreationTime = 1788882464.1728
    },
    EventType = "Incoming",
    RemoteInstanceInfo = {
        Path = "game:GetService(\"ReplicatedStorage\").rbxts_include.node_modules[\"@rbxts\"].net.out._NetManaged.BedBreakEffectTriggered",
        Name = "BedBreakEffectTriggered",
        ClassName = "RemoteEvent"
    }
}
	-------------------- Generated Code --------------------
	local Event = game:GetService("ReplicatedStorage").rbxts_include.node_modules["@rbxts"].net.out._NetManaged.BedBreakEffectTriggered
firesignal(Event.OnClientEvent, 
    {
        player = game:GetService("Players").LocalPlayer,
        effectType = "none",
        cframe = CFrame.new(345, 69, 309, -1, 0, 0, 0, 1, 0, 0, 0, -1),
        centerBedPosition = Vector3.new(345, 69, 307.5),
        teamId = "2"
    }
)
2026-09-08T13:47:440.701Z,152.686562,Incoming:BedBreakEffectTriggered,INFO Instance: BedBreakEffectTriggered (RemoteEvent)
	Path: game:GetService("ReplicatedStorage").rbxts_include.node_modules["@rbxts"].net.out._NetManaged.BedBreakEffectTriggered
	Status: Allowed
	Call Order In Log: 21
	-------------------- Event Data --------------------
	{
    CallOrderInLog = 21,
    DataFromHook = {
        Function = function(...)
            --[[Name: Anonymous Function | Line: 50
            Upvalues: 2
            Function Hash: 99e7dd9f601f270d9695642a55ba68480a5305830bd7abee29147812647800092c62703653220d16fe23797b7ef987ca
            LuaEncode: Unable to serialize function]]
            return
        end,
        Arguments = {
            {
                player = game:GetService("Players").LocalPlayer,
                effectType = "none",
                cframe = CFrame.new(345, 69, 309, -1, 0, 0, 0, 1, 0, 0, 0, -1),
                centerBedPosition = Vector3.new(345, 69, 307.5),
                teamId = "2"
            },
            n = 1
        },
        Origin = game:GetService("Players").LocalPlayer.PlayerScripts.TS.main,
        IsExecutor = true,
        CreationTime = 1788882464.1728
    },
    EventType = "Incoming",
    RemoteInstanceInfo = {
        Path = "game:GetService(\"ReplicatedStorage\").rbxts_include.node_modules[\"@rbxts\"].net.out._NetManaged.BedBreakEffectTriggered",
        Name = "BedBreakEffectTriggered",
        ClassName = "RemoteEvent"
    }
}
	-------------------- Generated Code --------------------
	local Event = game:GetService("ReplicatedStorage").rbxts_include.node_modules["@rbxts"].net.out._NetManaged.BedBreakEffectTriggered
firesignal(Event.OnClientEvent, 
    {
        player = game:GetService("Players").LocalPlayer,
        effectType = "none",
        cframe = CFrame.new(345, 69, 309, -1, 0, 0, 0, 1, 0, 0, 0, -1),
        centerBedPosition = Vector3.new(345, 69, 307.5),
        teamId = "2"
    }
)
2026-09-08T13:47:440.718Z,152.703470,Incoming:BedBreakEffectTriggered,INFO Instance: BedBreakEffectTriggered (RemoteEvent)
	Path: game:GetService("ReplicatedStorage").rbxts_include.node_modules["@rbxts"].net.out._NetManaged.BedBreakEffectTriggered
	Status: Allowed
	Call Order In Log: 22
	-------------------- Event Data --------------------
	{
    CallOrderInLog = 22,
    DataFromHook = {
        Function = function(...)
            --[[Name: Anonymous Function | Line: 50
            Upvalues: 2
            Function Hash: 99e7dd9f601f270d9695642a55ba68480a5305830bd7abee29147812647800092c62703653220d16fe23797b7ef987ca
            LuaEncode: Unable to serialize function]]
            return
        end,
        Arguments = {
            {
                player = game:GetService("Players").LocalPlayer,
                effectType = "none",
                cframe = CFrame.new(345, 69, 309, -1, 0, 0, 0, 1, 0, 0, 0, -1),
                centerBedPosition = Vector3.new(345, 69, 307.5),
                teamId = "2"
            },
            n = 1
        },
        Origin = game:GetService("Players").LocalPlayer.PlayerScripts.TS.main,
        IsExecutor = true,
        CreationTime = 1788882464.1729
    },
    EventType = "Incoming",
    RemoteInstanceInfo = {
        Path = "game:GetService(\"ReplicatedStorage\").rbxts_include.node_modules[\"@rbxts\"].net.out._NetManaged.BedBreakEffectTriggered",
        Name = "BedBreakEffectTriggered",
        ClassName = "RemoteEvent"
    }
}
	-------------------- Generated Code --------------------
	local Event = game:GetService("ReplicatedStorage").rbxts_include.node_modules["@rbxts"].net.out._NetManaged.BedBreakEffectTriggered
firesignal(Event.OnClientEvent, 
    {
        player = game:GetService("Players").LocalPlayer,
        effectType = "none",
        cframe = CFrame.new(345, 69, 309, -1, 0, 0, 0, 1, 0, 0, 0, -1),
        centerBedPosition = Vector3.new(345, 69, 307.5),
        teamId = "2"
    }
)
2026-09-08T13:47:440.737Z,152.722265,Incoming:BedBreakEffectTriggered,INFO Instance: BedBreakEffectTriggered (RemoteEvent)
	Path: game:GetService("ReplicatedStorage").rbxts_include.node_modules["@rbxts"].net.out._NetManaged.BedBreakEffectTriggered
	Status: Allowed
	Call Order In Log: 23
	-------------------- Event Data --------------------
	{
    CallOrderInLog = 23,
    DataFromHook = {
        Function = function(...)
            --[[Name: Anonymous Function | Line: 50
            Upvalues: 2
            Function Hash: 99e7dd9f601f270d9695642a55ba68480a5305830bd7abee29147812647800092c62703653220d16fe23797b7ef987ca
            LuaEncode: Unable to serialize function]]
            return
        end,
        Arguments = {
            {
                player = game:GetService("Players").LocalPlayer,
                effectType = "none",
                cframe = CFrame.new(345, 69, 309, -1, 0, 0, 0, 1, 0, 0, 0, -1),
                centerBedPosition = Vector3.new(345, 69, 307.5),
                teamId = "2"
            },
            n = 1
        },
        Origin = game:GetService("Players").LocalPlayer.PlayerScripts.TS.main,
        IsExecutor = true,
        CreationTime = 1788882464.1729
    },
    EventType = "Incoming",
    RemoteInstanceInfo = {
        Path = "game:GetService(\"ReplicatedStorage\").rbxts_include.node_modules[\"@rbxts\"].net.out._NetManaged.BedBreakEffectTriggered",
        Name = "BedBreakEffectTriggered",
        ClassName = "RemoteEvent"
    }
}
	-------------------- Generated Code --------------------
	local Event = game:GetService("ReplicatedStorage").rbxts_include.node_modules["@rbxts"].net.out._NetManaged.BedBreakEffectTriggered
firesignal(Event.OnClientEvent, 
    {
        player = game:GetService("Players").LocalPlayer,
        effectType = "none",
        cframe = CFrame.new(345, 69, 309, -1, 0, 0, 0, 1, 0, 0, 0, -1),
        centerBedPosition = Vector3.new(345, 69, 307.5),
        teamId = "2"
    }
)
2026-09-08T13:47:440.813Z,152.798317,Incoming:BedBreakEffectTriggered,INFO Instance: BedBreakEffectTriggered (RemoteEvent)
	Path: game:GetService("ReplicatedStorage").rbxts_include.node_modules["@rbxts"].net.out._NetManaged.BedBreakEffectTriggered
	Status: Allowed
	Call Order In Log: 24
	-------------------- Event Data --------------------
	{
    CallOrderInLog = 24,
    DataFromHook = {
        Function = function(...)
            --[[Name: Anonymous Function | Line: 50
            Upvalues: 2
            Function Hash: 99e7dd9f601f270d9695642a55ba68480a5305830bd7abee29147812647800092c62703653220d16fe23797b7ef987ca
            LuaEncode: Unable to serialize function]]
            return
        end,
        Arguments = {
            {
                player = game:GetService("Players").LocalPlayer,
                effectType = "none",
                cframe = CFrame.new(345, 69, 309, -1, 0, 0, 0, 1, 0, 0, 0, -1),
                centerBedPosition = Vector3.new(345, 69, 307.5),
                teamId = "2"
            },
            n = 1
        },
        Origin = game:GetService("Players").LocalPlayer.PlayerScripts.TS.main,
        IsExecutor = true,
        CreationTime = 1788882464.1729
    },
    EventType = "Incoming",
    RemoteInstanceInfo = {
        Path = "game:GetService(\"ReplicatedStorage\").rbxts_include.node_modules[\"@rbxts\"].net.out._NetManaged.BedBreakEffectTriggered",
        Name = "BedBreakEffectTriggered",
        ClassName = "RemoteEvent"
    }
}
	-------------------- Generated Code --------------------
	local Event = game:GetService("ReplicatedStorage").rbxts_include.node_modules["@rbxts"].net.out._NetManaged.BedBreakEffectTriggered
firesignal(Event.OnClientEvent, 
    {
        player = game:GetService("Players").LocalPlayer,
        effectType = "none",
        cframe = CFrame.new(345, 69, 309, -1, 0, 0, 0, 1, 0, 0, 0, -1),
        centerBedPosition = Vector3.new(345, 69, 307.5),
        teamId = "2"
    }
)
2026-09-08T13:47:440.832Z,152.817295,Incoming:BedBreakEffectTriggered,INFO Instance: BedBreakEffectTriggered (RemoteEvent)
	Path: game:GetService("ReplicatedStorage").rbxts_include.node_modules["@rbxts"].net.out._NetManaged.BedBreakEffectTriggered
	Status: Allowed
	Call Order In Log: 25
	-------------------- Event Data --------------------
	{
    CallOrderInLog = 25,
    DataFromHook = {
        Function = function(...)
            --[[Name: Anonymous Function | Line: 50
            Upvalues: 2
            Function Hash: 99e7dd9f601f270d9695642a55ba68480a5305830bd7abee29147812647800092c62703653220d16fe23797b7ef987ca
            LuaEncode: Unable to serialize function]]
            return
        end,
        Arguments = {
            {
                player = game:GetService("Players").LocalPlayer,
                effectType = "none",
                cframe = CFrame.new(345, 69, 309, -1, 0, 0, 0, 1, 0, 0, 0, -1),
                centerBedPosition = Vector3.new(345, 69, 307.5),
                teamId = "2"
            },
            n = 1
        },
        Origin = game:GetService("Players").LocalPlayer.PlayerScripts.TS.main,
        IsExecutor = true,
        CreationTime = 1788882464.173
    },
    EventType = "Incoming",
    RemoteInstanceInfo = {
        Path = "game:GetService(\"ReplicatedStorage\").rbxts_include.node_modules[\"@rbxts\"].net.out._NetManaged.BedBreakEffectTriggered",
        Name = "BedBreakEffectTriggered",
        ClassName = "RemoteEvent"
    }
}
	-------------------- Generated Code --------------------
	local Event = game:GetService("ReplicatedStorage").rbxts_include.node_modules["@rbxts"].net.out._NetManaged.BedBreakEffectTriggered
firesignal(Event.OnClientEvent, 
    {
        player = game:GetService("Players").LocalPlayer,
        effectType = "none",
        cframe = CFrame.new(345, 69, 309, -1, 0, 0, 0, 1, 0, 0, 0, -1),
        centerBedPosition = Vector3.new(345, 69, 307.5),
        teamId = "2"
    }
)
2026-09-08T13:47:440.845Z,152.830004,Incoming:BedBreakEffectTriggered,INFO Instance: BedBreakEffectTriggered (RemoteEvent)
	Path: game:GetService("ReplicatedStorage").rbxts_include.node_modules["@rbxts"].net.out._NetManaged.BedBreakEffectTriggered
	Status: Allowed
	Call Order In Log: 26
	-------------------- Event Data --------------------
	{
    CallOrderInLog = 26,
    DataFromHook = {
        Function = function(...)
            --[[Name: Anonymous Function | Line: 50
            Upvalues: 2
            Function Hash: 99e7dd9f601f270d9695642a55ba68480a5305830bd7abee29147812647800092c62703653220d16fe23797b7ef987ca
            LuaEncode: Unable to serialize function]]
            return
        end,
        Arguments = {
            {
                player = game:GetService("Players").LocalPlayer,
                effectType = "none",
                cframe = CFrame.new(345, 69, 309, -1, 0, 0, 0, 1, 0, 0, 0, -1),
                centerBedPosition = Vector3.new(345, 69, 307.5),
                teamId = "2"
            },
            n = 1
        },
        Origin = game:GetService("Players").LocalPlayer.PlayerScripts.TS.main,
        IsExecutor = true,
        CreationTime = 1788882464.173
    },
    EventType = "Incoming",
    RemoteInstanceInfo = {
        Path = "game:GetService(\"ReplicatedStorage\").rbxts_include.node_modules[\"@rbxts\"].net.out._NetManaged.BedBreakEffectTriggered",
        Name = "BedBreakEffectTriggered",
        ClassName = "RemoteEvent"
    }
}
	-------------------- Generated Code --------------------
	local Event = game:GetService("ReplicatedStorage").rbxts_include.node_modules["@rbxts"].net.out._NetManaged.BedBreakEffectTriggered
firesignal(Event.OnClientEvent, 
    {
        player = game:GetService("Players").LocalPlayer,
        effectType = "none",
        cframe = CFrame.new(345, 69, 309, -1, 0, 0, 0, 1, 0, 0, 0, -1),
        centerBedPosition = Vector3.new(345, 69, 307.5),
        teamId = "2"
    }
)
2026-09-08T13:47:440.858Z,152.843385,Incoming:BedBreakEffectTriggered,INFO Instance: BedBreakEffectTriggered (RemoteEvent)
	Path: game:GetService("ReplicatedStorage").rbxts_include.node_modules["@rbxts"].net.out._NetManaged.BedBreakEffectTriggered
	Status: Allowed
	Call Order In Log: 27
	-------------------- Event Data --------------------
	{
    CallOrderInLog = 27,
    DataFromHook = {
        Function = function(...)
            --[[Name: Anonymous Function | Line: 50
            Upvalues: 2
            Function Hash: 99e7dd9f601f270d9695642a55ba68480a5305830bd7abee29147812647800092c62703653220d16fe23797b7ef987ca
            LuaEncode: Unable to serialize function]]
            return
        end,
        Arguments = {
            {
                player = game:GetService("Players").LocalPlayer,
                effectType = "none",
                cframe = CFrame.new(345, 69, 309, -1, 0, 0, 0, 1, 0, 0, 0, -1),
                centerBedPosition = Vector3.new(345, 69, 307.5),
                teamId = "2"
            },
            n = 1
        },
        Origin = game:GetService("Players").LocalPlayer.PlayerScripts.TS.main,
        IsExecutor = true,
        CreationTime = 1788882464.173
    },
    EventType = "Incoming",
    RemoteInstanceInfo = {
        Path = "game:GetService(\"ReplicatedStorage\").rbxts_include.node_modules[\"@rbxts\"].net.out._NetManaged.BedBreakEffectTriggered",
        Name = "BedBreakEffectTriggered",
        ClassName = "RemoteEvent"
    }
}
	-------------------- Generated Code --------------------
	local Event = game:GetService("ReplicatedStorage").rbxts_include.node_modules["@rbxts"].net.out._NetManaged.BedBreakEffectTriggered
firesignal(Event.OnClientEvent, 
    {
        player = game:GetService("Players").LocalPlayer,
        effectType = "none",
        cframe = CFrame.new(345, 69, 309, -1, 0, 0, 0, 1, 0, 0, 0, -1),
        centerBedPosition = Vector3.new(345, 69, 307.5),
        teamId = "2"
    }
)
2026-09-08T13:47:440.874Z,152.859360,Incoming:BedBreakEffectTriggered,INFO Instance: BedBreakEffectTriggered (RemoteEvent)
	Path: game:GetService("ReplicatedStorage").rbxts_include.node_modules["@rbxts"].net.out._NetManaged.BedBreakEffectTriggered
	Status: Allowed
	Call Order In Log: 28
	-------------------- Event Data --------------------
	{
    CallOrderInLog = 28,
    DataFromHook = {
        Function = function(...)
            --[[Name: Anonymous Function | Line: 50
            Upvalues: 2
            Function Hash: 99e7dd9f601f270d9695642a55ba68480a5305830bd7abee29147812647800092c62703653220d16fe23797b7ef987ca
            LuaEncode: Unable to serialize function]]
            return
        end,
        Arguments = {
            {
                player = game:GetService("Players").LocalPlayer,
                effectType = "none",
                cframe = CFrame.new(345, 69, 309, -1, 0, 0, 0, 1, 0, 0, 0, -1),
                centerBedPosition = Vector3.new(345, 69, 307.5),
                teamId = "2"
            },
            n = 1
        },
        Origin = game:GetService("Players").LocalPlayer.PlayerScripts.TS.main,
        IsExecutor = true,
        CreationTime = 1788882464.1731
    },
    EventType = "Incoming",
    RemoteInstanceInfo = {
        Path = "game:GetService(\"ReplicatedStorage\").rbxts_include.node_modules[\"@rbxts\"].net.out._NetManaged.BedBreakEffectTriggered",
        Name = "BedBreakEffectTriggered",
        ClassName = "RemoteEvent"
    }
}
	-------------------- Generated Code --------------------
	local Event = game:GetService("ReplicatedStorage").rbxts_include.node_modules["@rbxts"].net.out._NetManaged.BedBreakEffectTriggered
firesignal(Event.OnClientEvent, 
    {
        player = game:GetService("Players").LocalPlayer,
        effectType = "none",
        cframe = CFrame.new(345, 69, 309, -1, 0, 0, 0, 1, 0, 0, 0, -1),
        centerBedPosition = Vector3.new(345, 69, 307.5),
        teamId = "2"
    }
)
2026-09-08T13:47:440.897Z,152.882915,Incoming:BedBreakEffectTriggered,INFO Instance: BedBreakEffectTriggered (RemoteEvent)
	Path: game:GetService("ReplicatedStorage").rbxts_include.node_modules["@rbxts"].net.out._NetManaged.BedBreakEffectTriggered
	Status: Allowed
	Call Order In Log: 29
	-------------------- Event Data --------------------
	{
    CallOrderInLog = 29,
    DataFromHook = {
        Function = function(...)
            --[[Name: Anonymous Function | Line: 50
            Upvalues: 2
            Function Hash: 99e7dd9f601f270d9695642a55ba68480a5305830bd7abee29147812647800092c62703653220d16fe23797b7ef987ca
            LuaEncode: Unable to serialize function]]
            return
        end,
        Arguments = {
            {
                player = game:GetService("Players").LocalPlayer,
                effectType = "none",
                cframe = CFrame.new(345, 69, 309, -1, 0, 0, 0, 1, 0, 0, 0, -1),
                centerBedPosition = Vector3.new(345, 69, 307.5),
                teamId = "2"
            },
            n = 1
        },
        Origin = game:GetService("Players").LocalPlayer.PlayerScripts.TS.main,
        IsExecutor = true,
        CreationTime = 1788882464.1731
    },
    EventType = "Incoming",
    RemoteInstanceInfo = {
        Path = "game:GetService(\"ReplicatedStorage\").rbxts_include.node_modules[\"@rbxts\"].net.out._NetManaged.BedBreakEffectTriggered",
        Name = "BedBreakEffectTriggered",
        ClassName = "RemoteEvent"
    }
}
	-------------------- Generated Code --------------------
	local Event = game:GetService("ReplicatedStorage").rbxts_include.node_modules["@rbxts"].net.out._NetManaged.BedBreakEffectTriggered
firesignal(Event.OnClientEvent, 
    {
        player = game:GetService("Players").LocalPlayer,
        effectType = "none",
        cframe = CFrame.new(345, 69, 309, -1, 0, 0, 0, 1, 0, 0, 0, -1),
        centerBedPosition = Vector3.new(345, 69, 307.5),
        teamId = "2"
    }
)
2026-09-08T13:47:440.914Z,152.899763,Incoming:sendInfoNotification,INFO Instance: sendInfoNotification (RemoteEvent)
	Path: game:GetService("ReplicatedStorage")["events-@easy-games/game-core:shared/game-core-networking@getEvents.Events"].sendInfoNotification
	Status: Allowed
	Call Order In Log: 5
	-------------------- Event Data --------------------
	{
    CallOrderInLog = 5,
    DataFromHook = {
        Function = function(...)
            --[[Name: Anonymous Function | Line: 31
            Upvalues: 7
            Function Hash: 634d489ee0b95e6c990d6441932f87d2e928ec3e254895a1df21f1b25e752eb4aad6cc95daf6963cad4aa0bf21fb9656
            LuaEncode: Unable to serialize function]]
            return
        end,
        Arguments = {
            {
                message = "<font color=\"#FFFF55\"><b>Fluxroos47</b></font> destroyed <font color=\"#F28E29\"><b>Team Orange</b></font>'s bed! They will no longer respawn.",
                image = "rbxassetid://108636878986698"
            },
            n = 1
        },
        Origin = game:GetService("Players").LocalPlayer.PlayerScripts.TS.main,
        IsExecutor = false,
        CreationTime = 1788882464.1739
    },
    EventType = "Incoming",
    RemoteInstanceInfo = {
        Path = "game:GetService(\"ReplicatedStorage\")[\"events-@easy-games/game-core:shared/game-core-networking@getEvents.Events\"].sendInfoNotification",
        Name = "sendInfoNotification",
        ClassName = "RemoteEvent"
    }
}
	-------------------- Generated Code --------------------
	local Event = game:GetService("ReplicatedStorage")["events-@easy-games/game-core:shared/game-core-networking@getEvents.Events"].sendInfoNotification
firesignal(Event.OnClientEvent, 
    {
        message = "<font color=\"#FFFF55\"><b>Fluxroos47</b></font> destroyed <font color=\"#F28E29\"><b>Team Orange</b></font>'s bed! They will no longer respawn.",
        image = "rbxassetid://108636878986698"
    }
)
2026-09-08T13:47:440.935Z,152.920519,Incoming:PlayGameMusic,INFO Instance: PlayGameMusic (RemoteEvent)
	Path: game:GetService("ReplicatedStorage").rbxts_include.node_modules["@rbxts"].net.out._NetManaged.PlayGameMusic
	Status: Allowed
	Call Order In Log: 1
	-------------------- Event Data --------------------
	{
    CallOrderInLog = 1,
    DataFromHook = {
        Function = function(...)
            --[[Name: Anonymous Function | Line: 50
            Upvalues: 2
            Function Hash: 99e7dd9f601f270d9695642a55ba68480a5305830bd7abee29147812647800092c62703653220d16fe23797b7ef987ca
            LuaEncode: Unable to serialize function]]
            return
        end,
        Arguments = {
            {
                soundId = "rbxassetid://82014798170966"
            },
            n = 1
        },
        Origin = game:GetService("Players").LocalPlayer.PlayerScripts.TS.main,
        IsExecutor = true,
        CreationTime = 1788882464.1745
    },
    EventType = "Incoming",
    RemoteInstanceInfo = {
        Path = "game:GetService(\"ReplicatedStorage\").rbxts_include.node_modules[\"@rbxts\"].net.out._NetManaged.PlayGameMusic",
        Name = "PlayGameMusic",
        ClassName = "RemoteEvent"
    }
}
	-------------------- Generated Code --------------------
	local Event = game:GetService("ReplicatedStorage").rbxts_include.node_modules["@rbxts"].net.out._NetManaged.PlayGameMusic
firesignal(Event.OnClientEvent, 
    {
        soundId = "rbxassetid://82014798170966"
    }
)
2026-09-08T13:47:440.958Z,152.943938,Incoming:SetGameMusicPlaylist,INFO Instance: SetGameMusicPlaylist (RemoteEvent)
	Path: game:GetService("ReplicatedStorage").rbxts_include.node_modules["@rbxts"].net.out._NetManaged.SetGameMusicPlaylist
	Status: Allowed
	Call Order In Log: 1
	-------------------- Event Data --------------------
	{
    CallOrderInLog = 1,
    DataFromHook = {
        IsExecutor = false,
        Arguments = {
            {
                {
                    soundId = "rbxassetid://82014798170966"
                }
            },
            n = 1
        },
        CreationTime = 1788882464.2109
    },
    EventType = "Incoming",
    RemoteInstanceInfo = {
        Path = "game:GetService(\"ReplicatedStorage\").rbxts_include.node_modules[\"@rbxts\"].net.out._NetManaged.SetGameMusicPlaylist",
        Name = "SetGameMusicPlaylist",
        ClassName = "RemoteEvent"
    }
}
	-------------------- Generated Code --------------------
	local Event = game:GetService("ReplicatedStorage").rbxts_include.node_modules["@rbxts"].net.out._NetManaged.SetGameMusicPlaylist
firesignal(Event.OnClientEvent, 
    {
        {
            soundId = "rbxassetid://82014798170966"
        }
    }
)
2026-09-08T13:47:440.981Z,152.966395,Incoming:BedwarsBedBreak,INFO Instance: BedwarsBedBreak (RemoteEvent)
	Path: game:GetService("ReplicatedStorage").rbxts_include.node_modules["@rbxts"].net.out._NetManaged.BedwarsBedBreak
	Status: Allowed
	Call Order In Log: 1
	-------------------- Event Data --------------------
	{
    CallOrderInLog = 1,
    DataFromHook = {
        Function = function(...)
            --[[Name: Anonymous Function | Line: 50
            Upvalues: 2
            Function Hash: 99e7dd9f601f270d9695642a55ba68480a5305830bd7abee29147812647800092c62703653220d16fe23797b7ef987ca
            LuaEncode: Unable to serialize function]]
            return
        end,
        Arguments = {
            {
                brokenBedTeam = {
                    id = "2",
                    displayName = "Orange",
                    colorHex = 15896105,
                    maxPlayers = 4
                },
                player = game:GetService("Players").LocalPlayer,
                bedBlockPosition = Vector3.new(115, 23, 103)
            },
            n = 1
        },
        Origin = game:GetService("Players").LocalPlayer.PlayerScripts.TS.main,
        IsExecutor = true,
        CreationTime = 1788882464.2114
    },
    EventType = "Incoming",
    RemoteInstanceInfo = {
        Path = "game:GetService(\"ReplicatedStorage\").rbxts_include.node_modules[\"@rbxts\"].net.out._NetManaged.BedwarsBedBreak",
        Name = "BedwarsBedBreak",
        ClassName = "RemoteEvent"
    }
}
	-------------------- Generated Code --------------------
	local Event = game:GetService("ReplicatedStorage").rbxts_include.node_modules["@rbxts"].net.out._NetManaged.BedwarsBedBreak
firesignal(Event.OnClientEvent, 
    {
        brokenBedTeam = {
            id = "2",
            displayName = "Orange",
            colorHex = 15896105,
            maxPlayers = 4
        },
        player = game:GetService("Players").LocalPlayer,
        bedBlockPosition = Vector3.new(115, 23, 103)
    }
)
2026-09-08T13:47:450.994Z,152.979766,Incoming:BedBroken,INFO Instance: BedBroken (RemoteEvent)
	Path: game:GetService("ReplicatedStorage").rbxts_include.node_modules["@rbxts"].net.out._NetManaged.BedBroken
	Status: Allowed
	Call Order In Log: 1
	-------------------- Event Data --------------------
	{
    CallOrderInLog = 1,
    DataFromHook = {
        Function = function(...)
            --[[Name: Anonymous Function | Line: 50
            Upvalues: 2
            Function Hash: 99e7dd9f601f270d9695642a55ba68480a5305830bd7abee29147812647800092c62703653220d16fe23797b7ef987ca
            LuaEncode: Unable to serialize function]]
            return
        end,
        Arguments = {
            "2",
            n = 1
        },
        Origin = game:GetService("Players").LocalPlayer.PlayerScripts.TS.main,
        IsExecutor = true,
        CreationTime = 1788882464.2465
    },
    EventType = "Incoming",
    RemoteInstanceInfo = {
        Path = "game:GetService(\"ReplicatedStorage\").rbxts_include.node_modules[\"@rbxts\"].net.out._NetManaged.BedBroken",
        Name = "BedBroken",
        ClassName = "RemoteEvent"
    }
}
	-------------------- Generated Code --------------------
	local Event = game:GetService("ReplicatedStorage").rbxts_include.node_modules["@rbxts"].net.out._NetManaged.BedBroken
firesignal(Event.OnClientEvent, 
    "2"
)
2026-09-08T13:47:450.016Z,153.001178,Incoming:PostGameStatCardsGenerated,INFO Instance: PostGameStatCardsGenerated (RemoteEvent)
	Path: game:GetService("ReplicatedStorage").rbxts_include.node_modules["@rbxts"].net.out._NetManaged.PostGameStatCardsGenerated
	Status: Allowed
	Call Order In Log: 1
	-------------------- Event Data --------------------
	{
    CallOrderInLog = 1,
    DataFromHook = {
        Function = function(...)
            --[[Name: Anonymous Function | Line: 50
            Upvalues: 2
            Function Hash: 99e7dd9f601f270d9695642a55ba68480a5305830bd7abee29147812647800092c62703653220d16fe23797b7ef987ca
            LuaEncode: Unable to serialize function]]
            return
        end,
        Arguments = {
            {
                cards = {
                    {
                        player = {
                            name = "Fluxroos47",
                            userId = 10405162944,
                            displayName = "Fluxroos47"
                        },
                        trackType = "damage",
                        amount = 0
                    },
                    {
                        player = {
                            name = "Fluxroos47",
                            userId = 10405162944,
                            displayName = "Fluxroos47"
                        },
                        trackType = "kills",
                        amount = 0
                    },
                    {
                        player = {
                            name = "Fluxroos47",
                            userId = 10405162944,
                            displayName = "Fluxroos47"
                        },
                        trackType = "bedBreaks",
                        amount = 1
                    },
                    {
                        player = {
                            name = "Fluxroos47",
                            userId = 10405162944,
                            displayName = "Fluxroos47"
                        },
                        trackType = "healing",
                        amount = 0
                    },
                    {
                        player = {
                            name = "Fluxroos47",
                            userId = 10405162944,
                            displayName = "Fluxroos47"
                        },
                        trackType = "blockBreaks",
                        amount = 3
                    }
                }
            },
            n = 1
        },
        Origin = game:GetService("Players").LocalPlayer.PlayerScripts.TS.main,
        IsExecutor = true,
        CreationTime = 1788882464.2468
    },
    EventType = "Incoming",
    RemoteInstanceInfo = {
        Path = "game:GetService(\"ReplicatedStorage\").rbxts_include.node_modules[\"@rbxts\"].net.out._NetManaged.PostGameStatCardsGenerated",
        Name = "PostGameStatCardsGenerated",
        ClassName = "RemoteEvent"
    }
}
	-------------------- Generated Code --------------------
	local Event = game:GetService("ReplicatedStorage").rbxts_include.node_modules["@rbxts"].net.out._NetManaged.PostGameStatCardsGenerated
firesignal(Event.OnClientEvent, 
    {
        cards = {
            {
                player = {
                    name = "Fluxroos47",
                    userId = 10405162944,
                    displayName = "Fluxroos47"
                },
                trackType = "damage",
                amount = 0
            },
            {
                player = {
                    name = "Fluxroos47",
                    userId = 10405162944,
                    displayName = "Fluxroos47"
                },
                trackType = "kills",
                amount = 0
            },
            {
                player = {
                    name = "Fluxroos47",
                    userId = 10405162944,
                    displayName = "Fluxroos47"
                },
                trackType = "bedBreaks",
                amount = 1
            },
            {
                player = {
                    name = "Fluxroos47",
                    userId = 10405162944,
                    displayName = "Fluxroos47"
                },
                trackType = "healing",
                amount = 0
            },
            {
                player = {
                    name = "Fluxroos47",
                    userId = 10405162944,
                    displayName = "Fluxroos47"
                },
                trackType = "blockBreaks",
                amount = 3
            }
        }
    }
)
2026-09-08T13:47:450.043Z,153.028087,Incoming:PostGameStatCardsGenerated,INFO Instance: PostGameStatCardsGenerated (RemoteEvent)
	Path: game:GetService("ReplicatedStorage").rbxts_include.node_modules["@rbxts"].net.out._NetManaged.PostGameStatCardsGenerated
	Status: Allowed
	Call Order In Log: 2
	-------------------- Event Data --------------------
	{
    CallOrderInLog = 2,
    DataFromHook = {
        Function = function(...)
            --[[Name: Anonymous Function | Line: 50
            Upvalues: 2
            Function Hash: 99e7dd9f601f270d9695642a55ba68480a5305830bd7abee29147812647800092c62703653220d16fe23797b7ef987ca
            LuaEncode: Unable to serialize function]]
            return
        end,
        Arguments = {
            {
                cards = {
                    {
                        player = {
                            name = "Fluxroos47",
                            userId = 10405162944,
                            displayName = "Fluxroos47"
                        },
                        trackType = "damage",
                        amount = 0
                    },
                    {
                        player = {
                            name = "Fluxroos47",
                            userId = 10405162944,
                            displayName = "Fluxroos47"
                        },
                        trackType = "kills",
                        amount = 0
                    },
                    {
                        player = {
                            name = "Fluxroos47",
                            userId = 10405162944,
                            displayName = "Fluxroos47"
                        },
                        trackType = "bedBreaks",
                        amount = 1
                    },
                    {
                        player = {
                            name = "Fluxroos47",
                            userId = 10405162944,
                            displayName = "Fluxroos47"
                        },
                        trackType = "healing",
                        amount = 0
                    },
                    {
                        player = {
                            name = "Fluxroos47",
                            userId = 10405162944,
                            displayName = "Fluxroos47"
                        },
                        trackType = "blockBreaks",
                        amount = 3
                    }
                }
            },
            n = 1
        },
        Origin = game:GetService("Players").LocalPlayer.PlayerScripts.TS.main,
        IsExecutor = true,
        CreationTime = 1788882464.2469
    },
    EventType = "Incoming",
    RemoteInstanceInfo = {
        Path = "game:GetService(\"ReplicatedStorage\").rbxts_include.node_modules[\"@rbxts\"].net.out._NetManaged.PostGameStatCardsGenerated",
        Name = "PostGameStatCardsGenerated",
        ClassName = "RemoteEvent"
    }
}
	-------------------- Generated Code --------------------
	local Event = game:GetService("ReplicatedStorage").rbxts_include.node_modules["@rbxts"].net.out._NetManaged.PostGameStatCardsGenerated
firesignal(Event.OnClientEvent, 
    {
        cards = {
            {
                player = {
                    name = "Fluxroos47",
                    userId = 10405162944,
                    displayName = "Fluxroos47"
                },
                trackType = "damage",
                amount = 0
            },
            {
                player = {
                    name = "Fluxroos47",
                    userId = 10405162944,
                    displayName = "Fluxroos47"
                },
                trackType = "kills",
                amount = 0
            },
            {
                player = {
                    name = "Fluxroos47",
                    userId = 10405162944,
                    displayName = "Fluxroos47"
                },
                trackType = "bedBreaks",
                amount = 1
            },
            {
                player = {
                    name = "Fluxroos47",
                    userId = 10405162944,
                    displayName = "Fluxroos47"
                },
                trackType = "healing",
                amount = 0
            },
            {
                player = {
                    name = "Fluxroos47",
                    userId = 10405162944,
                    displayName = "Fluxroos47"
                },
                trackType = "blockBreaks",
                amount = 3
            }
        }
    }
)
2026-09-08T13:47:450.057Z,153.042750,Incoming:MatchStateEvent,INFO Instance: MatchStateEvent (RemoteEvent)
	Path: game:GetService("ReplicatedStorage").rbxts_include.node_modules["@rbxts"].net.out._NetManaged.MatchStateEvent
	Status: Allowed
	Call Order In Log: 1
	-------------------- Event Data --------------------
	{
    CallOrderInLog = 1,
    DataFromHook = {
        Function = function(...)
            --[[Name: Anonymous Function | Line: 50
            Upvalues: 2
            Function Hash: 99e7dd9f601f270d9695642a55ba68480a5305830bd7abee29147812647800092c62703653220d16fe23797b7ef987ca
            LuaEncode: Unable to serialize function]]
            return
        end,
        Arguments = {
            2,
            {
                mapThumbnail = "rbxassetid://17014521844",
                selectedMap = "to4_Sandbox",
                joinCode = "ZU4K",
                queueType = "bedwars_to4",
                mapName = "Sandbox",
                hostUserId = 10405162944,
                liveServerInfo = {
                    visibilityMode = "private",
                    title = "Fluxroos47's Game",
                    thumbnail = "rbxassetid://7843680216"
                },
                isMapSave = false,
                accessCode = "QYtDd7seVzjb1qR2oU4V1aAm2JRYxl5NtteONFF0DYrZPFb3AQAAAA2"
            },
            n = 2
        },
        Origin = game:GetService("Players").LocalPlayer.PlayerScripts.TS.main,
        IsExecutor = true,
        CreationTime = 1788882464.2475
    },
    EventType = "Incoming",
    RemoteInstanceInfo = {
        Path = "game:GetService(\"ReplicatedStorage\").rbxts_include.node_modules[\"@rbxts\"].net.out._NetManaged.MatchStateEvent",
        Name = "MatchStateEvent",
        ClassName = "RemoteEvent"
    }
}
	-------------------- Generated Code --------------------
	local Event = game:GetService("ReplicatedStorage").rbxts_include.node_modules["@rbxts"].net.out._NetManaged.MatchStateEvent
firesignal(Event.OnClientEvent, 
    2,
    {
        mapThumbnail = "rbxassetid://17014521844",
        selectedMap = "to4_Sandbox",
        joinCode = "ZU4K",
        queueType = "bedwars_to4",
        mapName = "Sandbox",
        hostUserId = 10405162944,
        liveServerInfo = {
            visibilityMode = "private",
            title = "Fluxroos47's Game",
            thumbnail = "rbxassetid://7843680216"
        },
        isMapSave = false,
        accessCode = "QYtDd7seVzjb1qR2oU4V1aAm2JRYxl5NtteONFF0DYrZPFb3AQAAAA2"
    }
)
2026-09-08T13:47:450.072Z,153.057886,Incoming:MatchStateEvent,INFO Instance: MatchStateEvent (RemoteEvent)
	Path: game:GetService("ReplicatedStorage").rbxts_include.node_modules["@rbxts"].net.out._NetManaged.MatchStateEvent
	Status: Allowed
	Call Order In Log: 2
	-------------------- Event Data --------------------
	{
    CallOrderInLog = 2,
    DataFromHook = {
        Function = function(...)
            --[[Name: Anonymous Function | Line: 50
            Upvalues: 2
            Function Hash: 99e7dd9f601f270d9695642a55ba68480a5305830bd7abee29147812647800092c62703653220d16fe23797b7ef987ca
            LuaEncode: Unable to serialize function]]
            return
        end,
        Arguments = {
            2,
            {
                mapThumbnail = "rbxassetid://17014521844",
                selectedMap = "to4_Sandbox",
                joinCode = "ZU4K",
                queueType = "bedwars_to4",
                mapName = "Sandbox",
                hostUserId = 10405162944,
                liveServerInfo = {
                    visibilityMode = "private",
                    title = "Fluxroos47's Game",
                    thumbnail = "rbxassetid://7843680216"
                },
                isMapSave = false,
                accessCode = "QYtDd7seVzjb1qR2oU4V1aAm2JRYxl5NtteONFF0DYrZPFb3AQAAAA2"
            },
            n = 2
        },
        Origin = game:GetService("Players").LocalPlayer.PlayerScripts.TS.main,
        IsExecutor = true,
        CreationTime = 1788882464.2476
    },
    EventType = "Incoming",
    RemoteInstanceInfo = {
        Path = "game:GetService(\"ReplicatedStorage\").rbxts_include.node_modules[\"@rbxts\"].net.out._NetManaged.MatchStateEvent",
        Name = "MatchStateEvent",
        ClassName = "RemoteEvent"
    }
}
	-------------------- Generated Code --------------------
	local Event = game:GetService("ReplicatedStorage").rbxts_include.node_modules["@rbxts"].net.out._NetManaged.MatchStateEvent
firesignal(Event.OnClientEvent, 
    2,
    {
        mapThumbnail = "rbxassetid://17014521844",
        selectedMap = "to4_Sandbox",
        joinCode = "ZU4K",
        queueType = "bedwars_to4",
        mapName = "Sandbox",
        hostUserId = 10405162944,
        liveServerInfo = {
            visibilityMode = "private",
            title = "Fluxroos47's Game",
            thumbnail = "rbxassetid://7843680216"
        },
        isMapSave = false,
        accessCode = "QYtDd7seVzjb1qR2oU4V1aAm2JRYxl5NtteONFF0DYrZPFb3AQAAAA2"
    }
)
2026-09-08T13:47:450.088Z,153.073738,Incoming:MatchStateEvent,INFO Instance: MatchStateEvent (RemoteEvent)
	Path: game:GetService("ReplicatedStorage").rbxts_include.node_modules["@rbxts"].net.out._NetManaged.MatchStateEvent
	Status: Allowed
	Call Order In Log: 3
	-------------------- Event Data --------------------
	{
    CallOrderInLog = 3,
    DataFromHook = {
        Function = function(...)
            --[[Name: Anonymous Function | Line: 50
            Upvalues: 2
            Function Hash: 99e7dd9f601f270d9695642a55ba68480a5305830bd7abee29147812647800092c62703653220d16fe23797b7ef987ca
            LuaEncode: Unable to serialize function]]
            return
        end,
        Arguments = {
            2,
            {
                mapThumbnail = "rbxassetid://17014521844",
                selectedMap = "to4_Sandbox",
                joinCode = "ZU4K",
                queueType = "bedwars_to4",
                mapName = "Sandbox",
                hostUserId = 10405162944,
                liveServerInfo = {
                    visibilityMode = "private",
                    title = "Fluxroos47's Game",
                    thumbnail = "rbxassetid://7843680216"
                },
                isMapSave = false,
                accessCode = "QYtDd7seVzjb1qR2oU4V1aAm2JRYxl5NtteONFF0DYrZPFb3AQAAAA2"
            },
            n = 2
        },
        Origin = game:GetService("Players").LocalPlayer.PlayerScripts.TS.main,
        IsExecutor = true,
        CreationTime = 1788882464.2476
    },
    EventType = "Incoming",
    RemoteInstanceInfo = {
        Path = "game:GetService(\"ReplicatedStorage\").rbxts_include.node_modules[\"@rbxts\"].net.out._NetManaged.MatchStateEvent",
        Name = "MatchStateEvent",
        ClassName = "RemoteEvent"
    }
}
	-------------------- Generated Code --------------------
	local Event = game:GetService("ReplicatedStorage").rbxts_include.node_modules["@rbxts"].net.out._NetManaged.MatchStateEvent
firesignal(Event.OnClientEvent, 
    2,
    {
        mapThumbnail = "rbxassetid://17014521844",
        selectedMap = "to4_Sandbox",
        joinCode = "ZU4K",
        queueType = "bedwars_to4",
        mapName = "Sandbox",
        hostUserId = 10405162944,
        liveServerInfo = {
            visibilityMode = "private",
            title = "Fluxroos47's Game",
            thumbnail = "rbxassetid://7843680216"
        },
        isMapSave = false,
        accessCode = "QYtDd7seVzjb1qR2oU4V1aAm2JRYxl5NtteONFF0DYrZPFb3AQAAAA2"
    }
)
2026-09-08T13:47:450.103Z,153.088016,Incoming:MatchStateEvent,INFO Instance: MatchStateEvent (RemoteEvent)
	Path: game:GetService("ReplicatedStorage").rbxts_include.node_modules["@rbxts"].net.out._NetManaged.MatchStateEvent
	Status: Allowed
	Call Order In Log: 4
	-------------------- Event Data --------------------
	{
    CallOrderInLog = 4,
    DataFromHook = {
        Function = function(...)
            --[[Name: Anonymous Function | Line: 50
            Upvalues: 2
            Function Hash: 99e7dd9f601f270d9695642a55ba68480a5305830bd7abee29147812647800092c62703653220d16fe23797b7ef987ca
            LuaEncode: Unable to serialize function]]
            return
        end,
        Arguments = {
            2,
            {
                mapThumbnail = "rbxassetid://17014521844",
                selectedMap = "to4_Sandbox",
                joinCode = "ZU4K",
                queueType = "bedwars_to4",
                mapName = "Sandbox",
                hostUserId = 10405162944,
                liveServerInfo = {
                    visibilityMode = "private",
                    title = "Fluxroos47's Game",
                    thumbnail = "rbxassetid://7843680216"
                },
                isMapSave = false,
                accessCode = "QYtDd7seVzjb1qR2oU4V1aAm2JRYxl5NtteONFF0DYrZPFb3AQAAAA2"
            },
            n = 2
        },
        Origin = game:GetService("Players").LocalPlayer.PlayerScripts.TS.main,
        IsExecutor = true,
        CreationTime = 1788882464.2477
    },
    EventType = "Incoming",
    RemoteInstanceInfo = {
        Path = "game:GetService(\"ReplicatedStorage\").rbxts_include.node_modules[\"@rbxts\"].net.out._NetManaged.MatchStateEvent",
        Name = "MatchStateEvent",
        ClassName = "RemoteEvent"
    }
}
	-------------------- Generated Code --------------------
	local Event = game:GetService("ReplicatedStorage").rbxts_include.node_modules["@rbxts"].net.out._NetManaged.MatchStateEvent
firesignal(Event.OnClientEvent, 
    2,
    {
        mapThumbnail = "rbxassetid://17014521844",
        selectedMap = "to4_Sandbox",
        joinCode = "ZU4K",
        queueType = "bedwars_to4",
        mapName = "Sandbox",
        hostUserId = 10405162944,
        liveServerInfo = {
            visibilityMode = "private",
            title = "Fluxroos47's Game",
            thumbnail = "rbxassetid://7843680216"
        },
        isMapSave = false,
        accessCode = "QYtDd7seVzjb1qR2oU4V1aAm2JRYxl5NtteONFF0DYrZPFb3AQAAAA2"
    }
)
2026-09-08T13:47:450.118Z,153.103672,Incoming:MatchStateEvent,INFO Instance: MatchStateEvent (RemoteEvent)
	Path: game:GetService("ReplicatedStorage").rbxts_include.node_modules["@rbxts"].net.out._NetManaged.MatchStateEvent
	Status: Allowed
	Call Order In Log: 5
	-------------------- Event Data --------------------
	{
    CallOrderInLog = 5,
    DataFromHook = {
        Function = function(...)
            --[[Name: Anonymous Function | Line: 50
            Upvalues: 2
            Function Hash: 99e7dd9f601f270d9695642a55ba68480a5305830bd7abee29147812647800092c62703653220d16fe23797b7ef987ca
            LuaEncode: Unable to serialize function]]
            return
        end,
        Arguments = {
            2,
            {
                mapThumbnail = "rbxassetid://17014521844",
                selectedMap = "to4_Sandbox",
                joinCode = "ZU4K",
                queueType = "bedwars_to4",
                mapName = "Sandbox",
                hostUserId = 10405162944,
                liveServerInfo = {
                    visibilityMode = "private",
                    title = "Fluxroos47's Game",
                    thumbnail = "rbxassetid://7843680216"
                },
                isMapSave = false,
                accessCode = "QYtDd7seVzjb1qR2oU4V1aAm2JRYxl5NtteONFF0DYrZPFb3AQAAAA2"
            },
            n = 2
        },
        Origin = game:GetService("Players").LocalPlayer.PlayerScripts.TS.main,
        IsExecutor = true,
        CreationTime = 1788882464.2477
    },
    EventType = "Incoming",
    RemoteInstanceInfo = {
        Path = "game:GetService(\"ReplicatedStorage\").rbxts_include.node_modules[\"@rbxts\"].net.out._NetManaged.MatchStateEvent",
        Name = "MatchStateEvent",
        ClassName = "RemoteEvent"
    }
}
	-------------------- Generated Code --------------------
	local Event = game:GetService("ReplicatedStorage").rbxts_include.node_modules["@rbxts"].net.out._NetManaged.MatchStateEvent
firesignal(Event.OnClientEvent, 
    2,
    {
        mapThumbnail = "rbxassetid://17014521844",
        selectedMap = "to4_Sandbox",
        joinCode = "ZU4K",
        queueType = "bedwars_to4",
        mapName = "Sandbox",
        hostUserId = 10405162944,
        liveServerInfo = {
            visibilityMode = "private",
            title = "Fluxroos47's Game",
            thumbnail = "rbxassetid://7843680216"
        },
        isMapSave = false,
        accessCode = "QYtDd7seVzjb1qR2oU4V1aAm2JRYxl5NtteONFF0DYrZPFb3AQAAAA2"
    }
)
2026-09-08T13:47:450.130Z,153.115463,Incoming:MatchStateEvent,INFO Instance: MatchStateEvent (RemoteEvent)
	Path: game:GetService("ReplicatedStorage").rbxts_include.node_modules["@rbxts"].net.out._NetManaged.MatchStateEvent
	Status: Allowed
	Call Order In Log: 6
	-------------------- Event Data --------------------
	{
    CallOrderInLog = 6,
    DataFromHook = {
        Function = function(...)
            --[[Name: Anonymous Function | Line: 50
            Upvalues: 2
            Function Hash: 99e7dd9f601f270d9695642a55ba68480a5305830bd7abee29147812647800092c62703653220d16fe23797b7ef987ca
            LuaEncode: Unable to serialize function]]
            return
        end,
        Arguments = {
            2,
            {
                mapThumbnail = "rbxassetid://17014521844",
                selectedMap = "to4_Sandbox",
                joinCode = "ZU4K",
                queueType = "bedwars_to4",
                mapName = "Sandbox",
                hostUserId = 10405162944,
                liveServerInfo = {
                    visibilityMode = "private",
                    title = "Fluxroos47's Game",
                    thumbnail = "rbxassetid://7843680216"
                },
                isMapSave = false,
                accessCode = "QYtDd7seVzjb1qR2oU4V1aAm2JRYxl5NtteONFF0DYrZPFb3AQAAAA2"
            },
            n = 2
        },
        Origin = game:GetService("Players").LocalPlayer.PlayerScripts.TS.controllers.game.match["match-controller"],
        IsExecutor = true,
        CreationTime = 1788882464.2477
    },
    EventType = "Incoming",
    RemoteInstanceInfo = {
        Path = "game:GetService(\"ReplicatedStorage\").rbxts_include.node_modules[\"@rbxts\"].net.out._NetManaged.MatchStateEvent",
        Name = "MatchStateEvent",
        ClassName = "RemoteEvent"
    }
}
	-------------------- Generated Code --------------------
	local Event = game:GetService("ReplicatedStorage").rbxts_include.node_modules["@rbxts"].net.out._NetManaged.MatchStateEvent
firesignal(Event.OnClientEvent, 
    2,
    {
        mapThumbnail = "rbxassetid://17014521844",
        selectedMap = "to4_Sandbox",
        joinCode = "ZU4K",
        queueType = "bedwars_to4",
        mapName = "Sandbox",
        hostUserId = 10405162944,
        liveServerInfo = {
            visibilityMode = "private",
            title = "Fluxroos47's Game",
            thumbnail = "rbxassetid://7843680216"
        },
        isMapSave = false,
        accessCode = "QYtDd7seVzjb1qR2oU4V1aAm2JRYxl5NtteONFF0DYrZPFb3AQAAAA2"
    }
)
2026-09-08T13:47:450.145Z,153.130235,Incoming:ZAP_RELIABLE,INFO Instance: ZAP_RELIABLE (RemoteEvent)
	Path: game:GetService("ReplicatedStorage").ZAP.ZAP_RELIABLE
	Status: Allowed
	Call Order In Log: 24
	-------------------- Event Data --------------------
	{
    CallOrderInLog = 24,
    DataFromHook = {
        Function = function(arg1, arg2)
            --[[Name: Anonymous Function | Line: 197
            Upvalues: 6
            Function Hash: c12abf352e6a047ec8651f0796814af9e3212270a979857336a961b6038ed49eccf29d6b3e5f324e8720e5ba0d2214c2
            LuaEncode: Unable to serialize function]]
            return
        end,
        Arguments = {
            (function(bytes) --[[Type: buffer]]
                local b = buffer.create(#bytes)
                for i = 1, #bytes do
                    buffer.writeu8(b, i - 1, bytes[i])
                end
                return b
            end)({ 6, 115, 0, 23, 0, 103, 0, 3, 0, 98, 101, 100, 48, 176, 172, 67, 210, 167, 140, 66, 0, 64, 155, 67, 1, 0, 0, 1, 1 }),
            {
                game:GetService("Players").LocalPlayer
            },
            n = 2
        },
        Origin = game:GetService("Players").LocalPlayer.PlayerScripts.TS.lib.network,
        IsExecutor = false,
        CreationTime = 1788882464.2981
    },
    EventType = "Incoming",
    RemoteInstanceInfo = {
        Path = "game:GetService(\"ReplicatedStorage\").ZAP.ZAP_RELIABLE",
        Name = "ZAP_RELIABLE",
        ClassName = "RemoteEvent"
    }
}
	-------------------- Generated Code --------------------
	local Event = game:GetService("ReplicatedStorage").ZAP.ZAP_RELIABLE
firesignal(Event.OnClientEvent, 
    (function(bytes) --[[Type: buffer]]
        local b = buffer.create(#bytes)
        for i = 1, #bytes do
            buffer.writeu8(b, i - 1, bytes[i])
        end
        return b
    end)({ 6, 115, 0, 23, 0, 103, 0, 3, 0, 98, 101, 100, 48, 176, 172, 67, 210, 167, 140, 66, 0, 64, 155, 67, 1, 0, 0, 1, 1 }),
    {
        game:GetService("Players").LocalPlayer
    }
)
2026-09-08T13:47:450.163Z,153.148281,Incoming:DamageBlock,INFO Instance: DamageBlock (RemoteFunction)
	Path: game:GetService("ReplicatedStorage").rbxts_include.node_modules["@easy-games"]["block-engine"].node_modules["@rbxts"].net.out._NetManaged.DamageBlock
	Status: Allowed
	Call Order In Log: 34
	-------------------- Event Data --------------------
	{
    CallOrderInLog = 34,
    DataFromHook = {
        Source = "ReplicatedStorage.rbxts_include.Promise",
        Origin = game:GetService("Players").LocalPlayer.PlayerScripts.TS.ui.store,
        InvokeKind = "Request",
        Function = function(arg1, arg2, ...)
            --[[Name: runExecutor | Line: 171
            Upvalues: 2
            Function Hash: d6448705789b5ead4caa89766364b91b43b9852aab4ad2967e601129128c82e752b56a7b1b3a3ef4b3a3390dab110a05
            LuaEncode: Unable to serialize function]]
            return
        end,
        Line = 172,
        IsExecutor = false,
        CreationTime = 1788882464.2986,
        InvokeResult = {
            "destroyed",
            n = 1
        },
        Arguments = {
            {
                blockRef = {
                    blockPosition = Vector3.new(115, 23, 103)
                },
                hitPosition = Vector3.new(345.37646484375, 70.327774047852, 310.5),
                hitNormal = Vector3.new(0, 0, 1)
            },
            n = 1
        }
    },
    EventType = "Incoming",
    RemoteInstanceInfo = {
        Path = "game:GetService(\"ReplicatedStorage\").rbxts_include.node_modules[\"@easy-games\"][\"block-engine\"].node_modules[\"@rbxts\"].net.out._NetManaged.DamageBlock",
        Name = "DamageBlock",
        ClassName = "RemoteFunction"
    }
}
	-------------------- Generated Code --------------------
	local Event = game:GetService("ReplicatedStorage").rbxts_include.node_modules["@easy-games"]["block-engine"].node_modules["@rbxts"].net.out._NetManaged.DamageBlock
local Result = table.pack(Event:InvokeServer(
    {
        blockRef = {
            blockPosition = Vector3.new(115, 23, 103)
        },
        hitPosition = Vector3.new(345.37646484375, 70.327774047852, 310.5),
        hitNormal = Vector3.new(0, 0, 1)
    }
))

local ExpectedResult = table.unpack({
    "destroyed"
})

2026-09-08T13:47:450.177Z,153.161997,Outgoing:CustomMatches/RequestMatchMapSaveInfo,INFO Instance: CustomMatches/RequestMatchMapSaveInfo (RemoteEvent)
	Path: game:GetService("ReplicatedStorage").rbxts_include.node_modules["@rbxts"].net.out._NetManaged["CustomMatches/RequestMatchMapSaveInfo"]
	Status: Allowed
	Call Order In Log: 1
	-------------------- Event Data --------------------
	{
    CallOrderInLog = 1,
    DataFromHook = {
        Function = function()
            --[[Name: Anonymous Function | Line: 141
            Upvalues: 5
            Function Hash: af296424d248b0fc0c6dc22220f47ab39b87cad9f649f68c40de4ad864bcacfe905d00ceed9d529a15653160563a1955
            LuaEncode: Unable to serialize function]]
            return
        end,
        Arguments = {
            "21d29255-2cbc-4308-b84a-b9638d791751",
            {},
            n = 2
        },
        Source = "ReplicatedStorage.rbxts_include.RuntimeLib",
        Origin = game:GetService("Players").LocalPlayer.PlayerScripts.TS.main,
        IsExecutor = false,
        CreationTime = 1788882464.3071,
        Line = 142
    },
    EventType = "Outgoing",
    RemoteInstanceInfo = {
        Path = "game:GetService(\"ReplicatedStorage\").rbxts_include.node_modules[\"@rbxts\"].net.out._NetManaged[\"CustomMatches/RequestMatchMapSaveInfo\"]",
        Name = "CustomMatches/RequestMatchMapSaveInfo",
        ClassName = "RemoteEvent"
    }
}
	-------------------- Generated Code --------------------
	local Event = game:GetService("ReplicatedStorage").rbxts_include.node_modules["@rbxts"].net.out._NetManaged["CustomMatches/RequestMatchMapSaveInfo"]
Event:FireServer(
    "21d29255-2cbc-4308-b84a-b9638d791751",
    {}
)
2026-09-08T13:47:450.196Z,153.181944,Incoming:CustomMatches/RequestMatchMapSaveInfo,INFO Instance: CustomMatches/RequestMatchMapSaveInfo (RemoteEvent)
	Path: game:GetService("ReplicatedStorage").rbxts_include.node_modules["@rbxts"].net.out._NetManaged["CustomMatches/RequestMatchMapSaveInfo"]
	Status: Allowed
	Call Order In Log: 1
	-------------------- Event Data --------------------
	{
    CallOrderInLog = 1,
    DataFromHook = {
        Function = function(...)
            --[[Name: Anonymous Function | Line: 97
            Upvalues: 3
            Function Hash: 9793704daa1d0f37f9b9ed765b66045ecfc813112fb69958d8d5e2a73e17f566145592bb38a320d1fa43fcbf19860a74
            LuaEncode: Unable to serialize function]]
            return
        end,
        Arguments = {
            "21d29255-2cbc-4308-b84a-b9638d791751",
            n = 2
        },
        Origin = game:GetService("Players").LocalPlayer.PlayerScripts.TS.main,
        IsExecutor = false,
        CreationTime = 1788882464.3894
    },
    EventType = "Incoming",
    RemoteInstanceInfo = {
        Path = "game:GetService(\"ReplicatedStorage\").rbxts_include.node_modules[\"@rbxts\"].net.out._NetManaged[\"CustomMatches/RequestMatchMapSaveInfo\"]",
        Name = "CustomMatches/RequestMatchMapSaveInfo",
        ClassName = "RemoteEvent"
    }
}
	-------------------- Generated Code --------------------
	local Event = game:GetService("ReplicatedStorage").rbxts_include.node_modules["@rbxts"].net.out._NetManaged["CustomMatches/RequestMatchMapSaveInfo"]
firesignal(Event.OnClientEvent, 
    "21d29255-2cbc-4308-b84a-b9638d791751",
    nil
)
2026-09-08T13:47:450.368Z,153.353308,Incoming:MatchEndEvent,INFO Instance: MatchEndEvent (RemoteEvent)
	Path: game:GetService("ReplicatedStorage").rbxts_include.node_modules["@rbxts"].net.out._NetManaged.MatchEndEvent
	Status: Allowed
	Call Order In Log: 1
	-------------------- Event Data --------------------
	{
    CallOrderInLog = 1,
    DataFromHook = {
        Function = function(...)
            --[[Name: Anonymous Function | Line: 50
            Upvalues: 2
            Function Hash: 99e7dd9f601f270d9695642a55ba68480a5305830bd7abee29147812647800092c62703653220d16fe23797b7ef987ca
            LuaEncode: Unable to serialize function]]
            return
        end,
        Arguments = {
            {
                winningTeamId = "4",
                newLeaderboardPosition = 986082
            },
            n = 1
        },
        Origin = game:GetService("Players").LocalPlayer.PlayerScripts.TS.main,
        IsExecutor = true,
        CreationTime = 1788882465.3158
    },
    EventType = "Incoming",
    RemoteInstanceInfo = {
        Path = "game:GetService(\"ReplicatedStorage\").rbxts_include.node_modules[\"@rbxts\"].net.out._NetManaged.MatchEndEvent",
        Name = "MatchEndEvent",
        ClassName = "RemoteEvent"
    }
}
	-------------------- Generated Code --------------------
	local Event = game:GetService("ReplicatedStorage").rbxts_include.node_modules["@rbxts"].net.out._NetManaged.MatchEndEvent
firesignal(Event.OnClientEvent, 
    {
        winningTeamId = "4",
        newLeaderboardPosition = 986082
    }
)
2026-09-08T13:47:450.393Z,153.378037,Incoming:MatchEndEvent,INFO Instance: MatchEndEvent (RemoteEvent)
	Path: game:GetService("ReplicatedStorage").rbxts_include.node_modules["@rbxts"].net.out._NetManaged.MatchEndEvent
	Status: Allowed
	Call Order In Log: 2
	-------------------- Event Data --------------------
	{
    CallOrderInLog = 2,
    DataFromHook = {
        Function = function(...)
            --[[Name: Anonymous Function | Line: 50
            Upvalues: 2
            Function Hash: 99e7dd9f601f270d9695642a55ba68480a5305830bd7abee29147812647800092c62703653220d16fe23797b7ef987ca
            LuaEncode: Unable to serialize function]]
            return
        end,
        Arguments = {
            {
                winningTeamId = "4",
                newLeaderboardPosition = 986082
            },
            n = 1
        },
        Origin = game:GetService("Players").LocalPlayer.PlayerScripts.TS.main,
        IsExecutor = true,
        CreationTime = 1788882465.3158
    },
    EventType = "Incoming",
    RemoteInstanceInfo = {
        Path = "game:GetService(\"ReplicatedStorage\").rbxts_include.node_modules[\"@rbxts\"].net.out._NetManaged.MatchEndEvent",
        Name = "MatchEndEvent",
        ClassName = "RemoteEvent"
    }
}
	-------------------- Generated Code --------------------
	local Event = game:GetService("ReplicatedStorage").rbxts_include.node_modules["@rbxts"].net.out._NetManaged.MatchEndEvent
firesignal(Event.OnClientEvent, 
    {
        winningTeamId = "4",
        newLeaderboardPosition = 986082
    }
)
2026-09-08T13:47:450.414Z,153.399516,Incoming:MatchEndEvent,INFO Instance: MatchEndEvent (RemoteEvent)
	Path: game:GetService("ReplicatedStorage").rbxts_include.node_modules["@rbxts"].net.out._NetManaged.MatchEndEvent
	Status: Allowed
	Call Order In Log: 3
	-------------------- Event Data --------------------
	{
    CallOrderInLog = 3,
    DataFromHook = {
        Function = function(...)
            --[[Name: Anonymous Function | Line: 50
            Upvalues: 2
            Function Hash: 99e7dd9f601f270d9695642a55ba68480a5305830bd7abee29147812647800092c62703653220d16fe23797b7ef987ca
            LuaEncode: Unable to serialize function]]
            return
        end,
        Arguments = {
            {
                winningTeamId = "4",
                newLeaderboardPosition = 986082
            },
            n = 1
        },
        Origin = game:GetService("Players").LocalPlayer.PlayerScripts.TS.main,
        IsExecutor = true,
        CreationTime = 1788882465.3158
    },
    EventType = "Incoming",
    RemoteInstanceInfo = {
        Path = "game:GetService(\"ReplicatedStorage\").rbxts_include.node_modules[\"@rbxts\"].net.out._NetManaged.MatchEndEvent",
        Name = "MatchEndEvent",
        ClassName = "RemoteEvent"
    }
}
	-------------------- Generated Code --------------------
	local Event = game:GetService("ReplicatedStorage").rbxts_include.node_modules["@rbxts"].net.out._NetManaged.MatchEndEvent
firesignal(Event.OnClientEvent, 
    {
        winningTeamId = "4",
        newLeaderboardPosition = 986082
    }
)
2026-09-08T13:47:450.432Z,153.417510,Incoming:MatchEndEvent,INFO Instance: MatchEndEvent (RemoteEvent)
	Path: game:GetService("ReplicatedStorage").rbxts_include.node_modules["@rbxts"].net.out._NetManaged.MatchEndEvent
	Status: Allowed
	Call Order In Log: 4
	-------------------- Event Data --------------------
	{
    CallOrderInLog = 4,
    DataFromHook = {
        Function = function(...)
            --[[Name: Anonymous Function | Line: 50
            Upvalues: 2
            Function Hash: 99e7dd9f601f270d9695642a55ba68480a5305830bd7abee29147812647800092c62703653220d16fe23797b7ef987ca
            LuaEncode: Unable to serialize function]]
            return
        end,
        Arguments = {
            {
                winningTeamId = "4",
                newLeaderboardPosition = 986082
            },
            n = 1
        },
        Origin = game:GetService("Players").LocalPlayer.PlayerScripts.TS.main,
        IsExecutor = true,
        CreationTime = 1788882465.3159
    },
    EventType = "Incoming",
    RemoteInstanceInfo = {
        Path = "game:GetService(\"ReplicatedStorage\").rbxts_include.node_modules[\"@rbxts\"].net.out._NetManaged.MatchEndEvent",
        Name = "MatchEndEvent",
        ClassName = "RemoteEvent"
    }
}
	-------------------- Generated Code --------------------
	local Event = game:GetService("ReplicatedStorage").rbxts_include.node_modules["@rbxts"].net.out._NetManaged.MatchEndEvent
firesignal(Event.OnClientEvent, 
    {
        winningTeamId = "4",
        newLeaderboardPosition = 986082
    }
)
2026-09-08T13:47:450.451Z,153.436923,Incoming:MatchEndEvent,INFO Instance: MatchEndEvent (RemoteEvent)
	Path: game:GetService("ReplicatedStorage").rbxts_include.node_modules["@rbxts"].net.out._NetManaged.MatchEndEvent
	Status: Allowed
	Call Order In Log: 5
	-------------------- Event Data --------------------
	{
    CallOrderInLog = 5,
    DataFromHook = {
        Function = function(...)
            --[[Name: Anonymous Function | Line: 50
            Upvalues: 2
            Function Hash: 99e7dd9f601f270d9695642a55ba68480a5305830bd7abee29147812647800092c62703653220d16fe23797b7ef987ca
            LuaEncode: Unable to serialize function]]
            return
        end,
        Arguments = {
            {
                winningTeamId = "4",
                newLeaderboardPosition = 986082
            },
            n = 1
        },
        Origin = game:GetService("Players").LocalPlayer.PlayerScripts.TS.main,
        IsExecutor = true,
        CreationTime = 1788882465.3159
    },
    EventType = "Incoming",
    RemoteInstanceInfo = {
        Path = "game:GetService(\"ReplicatedStorage\").rbxts_include.node_modules[\"@rbxts\"].net.out._NetManaged.MatchEndEvent",
        Name = "MatchEndEvent",
        ClassName = "RemoteEvent"
    }
}
	-------------------- Generated Code --------------------
	local Event = game:GetService("ReplicatedStorage").rbxts_include.node_modules["@rbxts"].net.out._NetManaged.MatchEndEvent
firesignal(Event.OnClientEvent, 
    {
        winningTeamId = "4",
        newLeaderboardPosition = 986082
    }
)
2026-09-08T13:47:450.470Z,153.455404,Incoming:MatchEndEvent,INFO Instance: MatchEndEvent (RemoteEvent)
	Path: game:GetService("ReplicatedStorage").rbxts_include.node_modules["@rbxts"].net.out._NetManaged.MatchEndEvent
	Status: Allowed
	Call Order In Log: 6
	-------------------- Event Data --------------------
	{
    CallOrderInLog = 6,
    DataFromHook = {
        Function = function(...)
            --[[Name: Anonymous Function | Line: 50
            Upvalues: 2
            Function Hash: 99e7dd9f601f270d9695642a55ba68480a5305830bd7abee29147812647800092c62703653220d16fe23797b7ef987ca
            LuaEncode: Unable to serialize function]]
            return
        end,
        Arguments = {
            {
                winningTeamId = "4",
                newLeaderboardPosition = 986082
            },
            n = 1
        },
        Origin = game:GetService("Players").LocalPlayer.PlayerScripts.TS.main,
        IsExecutor = true,
        CreationTime = 1788882465.3159
    },
    EventType = "Incoming",
    RemoteInstanceInfo = {
        Path = "game:GetService(\"ReplicatedStorage\").rbxts_include.node_modules[\"@rbxts\"].net.out._NetManaged.MatchEndEvent",
        Name = "MatchEndEvent",
        ClassName = "RemoteEvent"
    }
}
	-------------------- Generated Code --------------------
	local Event = game:GetService("ReplicatedStorage").rbxts_include.node_modules["@rbxts"].net.out._NetManaged.MatchEndEvent
firesignal(Event.OnClientEvent, 
    {
        winningTeamId = "4",
        newLeaderboardPosition = 986082
    }
)
2026-09-08T13:47:450.492Z,153.477572,Incoming:MatchEndEvent,INFO Instance: MatchEndEvent (RemoteEvent)
	Path: game:GetService("ReplicatedStorage").rbxts_include.node_modules["@rbxts"].net.out._NetManaged.MatchEndEvent
	Status: Allowed
	Call Order In Log: 7
	-------------------- Event Data --------------------
	{
    CallOrderInLog = 7,
    DataFromHook = {
        Function = function(...)
            --[[Name: Anonymous Function | Line: 50
            Upvalues: 2
            Function Hash: 99e7dd9f601f270d9695642a55ba68480a5305830bd7abee29147812647800092c62703653220d16fe23797b7ef987ca
            LuaEncode: Unable to serialize function]]
            return
        end,
        Arguments = {
            {
                winningTeamId = "4",
                newLeaderboardPosition = 986082
            },
            n = 1
        },
        Origin = game:GetService("Players").LocalPlayer.PlayerScripts.TS.main,
        IsExecutor = true,
        CreationTime = 1788882465.3159
    },
    EventType = "Incoming",
    RemoteInstanceInfo = {
        Path = "game:GetService(\"ReplicatedStorage\").rbxts_include.node_modules[\"@rbxts\"].net.out._NetManaged.MatchEndEvent",
        Name = "MatchEndEvent",
        ClassName = "RemoteEvent"
    }
}
	-------------------- Generated Code --------------------
	local Event = game:GetService("ReplicatedStorage").rbxts_include.node_modules["@rbxts"].net.out._NetManaged.MatchEndEvent
firesignal(Event.OnClientEvent, 
    {
        winningTeamId = "4",
        newLeaderboardPosition = 986082
    }
)
2026-09-08T13:47:450.517Z,153.502433,Incoming:MatchEndEvent,INFO Instance: MatchEndEvent (RemoteEvent)
	Path: game:GetService("ReplicatedStorage").rbxts_include.node_modules["@rbxts"].net.out._NetManaged.MatchEndEvent
	Status: Allowed
	Call Order In Log: 8
	-------------------- Event Data --------------------
	{
    CallOrderInLog = 8,
    DataFromHook = {
        Function = function(...)
            --[[Name: Anonymous Function | Line: 50
            Upvalues: 2
            Function Hash: 99e7dd9f601f270d9695642a55ba68480a5305830bd7abee29147812647800092c62703653220d16fe23797b7ef987ca
            LuaEncode: Unable to serialize function]]
            return
        end,
        Arguments = {
            {
                winningTeamId = "4",
                newLeaderboardPosition = 986082
            },
            n = 1
        },
        Origin = game:GetService("Players").LocalPlayer.PlayerScripts.TS.main,
        IsExecutor = true,
        CreationTime = 1788882465.316
    },
    EventType = "Incoming",
    RemoteInstanceInfo = {
        Path = "game:GetService(\"ReplicatedStorage\").rbxts_include.node_modules[\"@rbxts\"].net.out._NetManaged.MatchEndEvent",
        Name = "MatchEndEvent",
        ClassName = "RemoteEvent"
    }
}
	-------------------- Generated Code --------------------
	local Event = game:GetService("ReplicatedStorage").rbxts_include.node_modules["@rbxts"].net.out._NetManaged.MatchEndEvent
firesignal(Event.OnClientEvent, 
    {
        winningTeamId = "4",
        newLeaderboardPosition = 986082
    }
)
2026-09-08T13:47:450.542Z,153.527393,Incoming:MatchEndEvent,INFO Instance: MatchEndEvent (RemoteEvent)
	Path: game:GetService("ReplicatedStorage").rbxts_include.node_modules["@rbxts"].net.out._NetManaged.MatchEndEvent
	Status: Allowed
	Call Order In Log: 9
	-------------------- Event Data --------------------
	{
    CallOrderInLog = 9,
    DataFromHook = {
        Function = function(...)
            --[[Name: Anonymous Function | Line: 50
            Upvalues: 2
            Function Hash: 99e7dd9f601f270d9695642a55ba68480a5305830bd7abee29147812647800092c62703653220d16fe23797b7ef987ca
            LuaEncode: Unable to serialize function]]
            return
        end,
        Arguments = {
            {
                winningTeamId = "4",
                newLeaderboardPosition = 986082
            },
            n = 1
        },
        Origin = game:GetService("Players").LocalPlayer.PlayerScripts.TS.main,
        IsExecutor = true,
        CreationTime = 1788882465.316
    },
    EventType = "Incoming",
    RemoteInstanceInfo = {
        Path = "game:GetService(\"ReplicatedStorage\").rbxts_include.node_modules[\"@rbxts\"].net.out._NetManaged.MatchEndEvent",
        Name = "MatchEndEvent",
        ClassName = "RemoteEvent"
    }
}
	-------------------- Generated Code --------------------
	local Event = game:GetService("ReplicatedStorage").rbxts_include.node_modules["@rbxts"].net.out._NetManaged.MatchEndEvent
firesignal(Event.OnClientEvent, 
    {
        winningTeamId = "4",
        newLeaderboardPosition = 986082
    }
)
2026-09-08T13:47:450.560Z,153.545913,Incoming:MatchEndEvent,INFO Instance: MatchEndEvent (RemoteEvent)
	Path: game:GetService("ReplicatedStorage").rbxts_include.node_modules["@rbxts"].net.out._NetManaged.MatchEndEvent
	Status: Allowed
	Call Order In Log: 10
	-------------------- Event Data --------------------
	{
    CallOrderInLog = 10,
    DataFromHook = {
        Function = function(...)
            --[[Name: Anonymous Function | Line: 50
            Upvalues: 2
            Function Hash: 99e7dd9f601f270d9695642a55ba68480a5305830bd7abee29147812647800092c62703653220d16fe23797b7ef987ca
            LuaEncode: Unable to serialize function]]
            return
        end,
        Arguments = {
            {
                winningTeamId = "4",
                newLeaderboardPosition = 986082
            },
            n = 1
        },
        Origin = game:GetService("Players").LocalPlayer.PlayerScripts.TS.main,
        IsExecutor = true,
        CreationTime = 1788882465.316
    },
    EventType = "Incoming",
    RemoteInstanceInfo = {
        Path = "game:GetService(\"ReplicatedStorage\").rbxts_include.node_modules[\"@rbxts\"].net.out._NetManaged.MatchEndEvent",
        Name = "MatchEndEvent",
        ClassName = "RemoteEvent"
    }
}
	-------------------- Generated Code --------------------
	local Event = game:GetService("ReplicatedStorage").rbxts_include.node_modules["@rbxts"].net.out._NetManaged.MatchEndEvent
firesignal(Event.OnClientEvent, 
    {
        winningTeamId = "4",
        newLeaderboardPosition = 986082
    }
)
2026-09-08T13:47:450.582Z,153.567461,Incoming:MatchEndEvent,INFO Instance: MatchEndEvent (RemoteEvent)
	Path: game:GetService("ReplicatedStorage").rbxts_include.node_modules["@rbxts"].net.out._NetManaged.MatchEndEvent
	Status: Allowed
	Call Order In Log: 11
	-------------------- Event Data --------------------
	{
    CallOrderInLog = 11,
    DataFromHook = {
        Function = function(...)
            --[[Name: Anonymous Function | Line: 50
            Upvalues: 2
            Function Hash: 99e7dd9f601f270d9695642a55ba68480a5305830bd7abee29147812647800092c62703653220d16fe23797b7ef987ca
            LuaEncode: Unable to serialize function]]
            return
        end,
        Arguments = {
            {
                winningTeamId = "4",
                newLeaderboardPosition = 986082
            },
            n = 1
        },
        Origin = game:GetService("Players").LocalPlayer.PlayerScripts.TS.main,
        IsExecutor = true,
        CreationTime = 1788882465.316
    },
    EventType = "Incoming",
    RemoteInstanceInfo = {
        Path = "game:GetService(\"ReplicatedStorage\").rbxts_include.node_modules[\"@rbxts\"].net.out._NetManaged.MatchEndEvent",
        Name = "MatchEndEvent",
        ClassName = "RemoteEvent"
    }
}
	-------------------- Generated Code --------------------
	local Event = game:GetService("ReplicatedStorage").rbxts_include.node_modules["@rbxts"].net.out._NetManaged.MatchEndEvent
firesignal(Event.OnClientEvent, 
    {
        winningTeamId = "4",
        newLeaderboardPosition = 986082
    }
)
2026-09-08T13:47:450.602Z,153.587811,Incoming:MatchEndEvent,INFO Instance: MatchEndEvent (RemoteEvent)
	Path: game:GetService("ReplicatedStorage").rbxts_include.node_modules["@rbxts"].net.out._NetManaged.MatchEndEvent
	Status: Allowed
	Call Order In Log: 12
	-------------------- Event Data --------------------
	{
    CallOrderInLog = 12,
    DataFromHook = {
        Function = function(...)
            --[[Name: Anonymous Function | Line: 50
            Upvalues: 2
            Function Hash: 99e7dd9f601f270d9695642a55ba68480a5305830bd7abee29147812647800092c62703653220d16fe23797b7ef987ca
            LuaEncode: Unable to serialize function]]
            return
        end,
        Arguments = {
            {
                winningTeamId = "4",
                newLeaderboardPosition = 986082
            },
            n = 1
        },
        Origin = game:GetService("Players").LocalPlayer.PlayerScripts.TS.main,
        IsExecutor = true,
        CreationTime = 1788882465.316
    },
    EventType = "Incoming",
    RemoteInstanceInfo = {
        Path = "game:GetService(\"ReplicatedStorage\").rbxts_include.node_modules[\"@rbxts\"].net.out._NetManaged.MatchEndEvent",
        Name = "MatchEndEvent",
        ClassName = "RemoteEvent"
    }
}
	-------------------- Generated Code --------------------
	local Event = game:GetService("ReplicatedStorage").rbxts_include.node_modules["@rbxts"].net.out._NetManaged.MatchEndEvent
firesignal(Event.OnClientEvent, 
    {
        winningTeamId = "4",
        newLeaderboardPosition = 986082
    }
)
2026-09-08T13:47:450.625Z,153.610309,Incoming:MatchEndEvent,INFO Instance: MatchEndEvent (RemoteEvent)
	Path: game:GetService("ReplicatedStorage").rbxts_include.node_modules["@rbxts"].net.out._NetManaged.MatchEndEvent
	Status: Allowed
	Call Order In Log: 13
	-------------------- Event Data --------------------
	{
    CallOrderInLog = 13,
    DataFromHook = {
        Function = function(...)
            --[[Name: Anonymous Function | Line: 50
            Upvalues: 2
            Function Hash: 99e7dd9f601f270d9695642a55ba68480a5305830bd7abee29147812647800092c62703653220d16fe23797b7ef987ca
            LuaEncode: Unable to serialize function]]
            return
        end,
        Arguments = {
            {
                winningTeamId = "4",
                newLeaderboardPosition = 986082
            },
            n = 1
        },
        Origin = game:GetService("Players").LocalPlayer.PlayerScripts.TS.main,
        IsExecutor = true,
        CreationTime = 1788882465.3161
    },
    EventType = "Incoming",
    RemoteInstanceInfo = {
        Path = "game:GetService(\"ReplicatedStorage\").rbxts_include.node_modules[\"@rbxts\"].net.out._NetManaged.MatchEndEvent",
        Name = "MatchEndEvent",
        ClassName = "RemoteEvent"
    }
}
	-------------------- Generated Code --------------------
	local Event = game:GetService("ReplicatedStorage").rbxts_include.node_modules["@rbxts"].net.out._NetManaged.MatchEndEvent
firesignal(Event.OnClientEvent, 
    {
        winningTeamId = "4",
        newLeaderboardPosition = 986082
    }
)
2026-09-08T13:47:450.646Z,153.631134,Outgoing:GetMatchStats,INFO Instance: GetMatchStats (RemoteFunction)
	Path: game:GetService("ReplicatedStorage").rbxts_include.node_modules["@rbxts"].net.out._NetManaged.GetMatchStats
	Status: Allowed
	Call Order In Log: 1
	-------------------- Event Data --------------------
	{
    CallOrderInLog = 1,
    DataFromHook = {
        Function = function(arg1)
            --[[Name: Anonymous Function | Line: 32
            Upvalues: 2
            Function Hash: 6fcac0b733560c440e70167724e2bcb342c3e1ce7a8e136726435f0395f8ebfc77ab4a8e78d08bdf20ffb4edaec7b38d
            LuaEncode: Unable to serialize function]]
            return
        end,
        Arguments = {
            n = 0
        },
        Source = "Players.Fluxroos47.PlayerScripts.TS.controllers.game.match-end.screens.summary.summary-screen-controller",
        Origin = game:GetService("Players").LocalPlayer.PlayerScripts.TS.main,
        IsExecutor = false,
        CreationTime = 1788882465.3711,
        Line = 33
    },
    EventType = "Outgoing",
    RemoteInstanceInfo = {
        Path = "game:GetService(\"ReplicatedStorage\").rbxts_include.node_modules[\"@rbxts\"].net.out._NetManaged.GetMatchStats",
        Name = "GetMatchStats",
        ClassName = "RemoteFunction"
    }
}
	-------------------- Generated Code --------------------
	local Event = game:GetService("ReplicatedStorage").rbxts_include.node_modules["@rbxts"].net.out._NetManaged.GetMatchStats
Event:InvokeServer()
2026-09-08T13:47:450.667Z,153.652833,Outgoing:GetMatchStats,INFO Instance: GetMatchStats (RemoteFunction)
	Path: game:GetService("ReplicatedStorage").rbxts_include.node_modules["@rbxts"].net.out._NetManaged.GetMatchStats
	Status: Allowed
	Call Order In Log: 2
	-------------------- Event Data --------------------
	{
    CallOrderInLog = 2,
    DataFromHook = {
        Function = function(arg1)
            --[[Name: Anonymous Function | Line: 29
            Upvalues: 2
            Function Hash: cd13b9c5ac322b7c32fb96ec89eedb92d8e6281f31b7698b412834271670661d3ba5cfe3ef50bacd72a8a277d284be35
            LuaEncode: Unable to serialize function]]
            return
        end,
        Arguments = {
            n = 0
        },
        Source = "Players.Fluxroos47.PlayerScripts.TS.controllers.game.match-end.screens.stats.stats-screen-controller",
        Origin = game:GetService("Players").LocalPlayer.PlayerScripts.TS.main,
        IsExecutor = false,
        CreationTime = 1788882465.3719,
        Line = 31
    },
    EventType = "Outgoing",
    RemoteInstanceInfo = {
        Path = "game:GetService(\"ReplicatedStorage\").rbxts_include.node_modules[\"@rbxts\"].net.out._NetManaged.GetMatchStats",
        Name = "GetMatchStats",
        ClassName = "RemoteFunction"
    }
}
	-------------------- Generated Code --------------------
	local Event = game:GetService("ReplicatedStorage").rbxts_include.node_modules["@rbxts"].net.out._NetManaged.GetMatchStats
Event:InvokeServer()
2026-09-08T13:47:450.689Z,153.674136,Incoming:GetMatchStats,INFO Instance: GetMatchStats (RemoteFunction)
	Path: game:GetService("ReplicatedStorage").rbxts_include.node_modules["@rbxts"].net.out._NetManaged.GetMatchStats
	Status: Allowed
	Call Order In Log: 1
	-------------------- Event Data --------------------
	{
    CallOrderInLog = 1,
    DataFromHook = {
        Source = "Players.Fluxroos47.PlayerScripts.TS.controllers.game.match-end.screens.summary.summary-screen-controller",
        Origin = game:GetService("Players").LocalPlayer.PlayerScripts.TS.main,
        InvokeKind = "Request",
        Function = function(arg1)
            --[[Name: Anonymous Function | Line: 32
            Upvalues: 2
            Function Hash: 6fcac0b733560c440e70167724e2bcb342c3e1ce7a8e136726435f0395f8ebfc77ab4a8e78d08bdf20ffb4edaec7b38d
            LuaEncode: Unable to serialize function]]
            return
        end,
        Line = 33,
        IsExecutor = false,
        CreationTime = 1788882465.4631,
        InvokeResult = {
            {
                projectilesUsed = 0,
                damageTaken = 0,
                telepearlsUsed = 0,
                diamondGuardianKills = 0,
                kills = 0,
                enchants = 0,
                blockBreaks = 4,
                highestMultiKillChain = 0,
                emeraldCollected = 0,
                damage = 0,
                finalKills = 0,
                projectileDamage = 0,
                bedBreaks = 1,
                telepearlBlocksTravelled = 0,
                healing = 0,
                titanKills = 0,
                knockIntoVoid = 0,
                highestKillStreak = 0,
                player = {
                    name = "Fluxroos47",
                    userId = 10405162944,
                    displayName = "Fluxroos47"
                },
                blocksPlaced = 6,
                diamondCollected = 0,
                playTime = 0,
                arrowDamage = 0,
                ironCollected = 0,
                multiKills = 0
            },
            n = 1
        },
        Arguments = {
            n = 0
        }
    },
    EventType = "Incoming",
    RemoteInstanceInfo = {
        Path = "game:GetService(\"ReplicatedStorage\").rbxts_include.node_modules[\"@rbxts\"].net.out._NetManaged.GetMatchStats",
        Name = "GetMatchStats",
        ClassName = "RemoteFunction"
    }
}
	-------------------- Generated Code --------------------
	local Event = game:GetService("ReplicatedStorage").rbxts_include.node_modules["@rbxts"].net.out._NetManaged.GetMatchStats
local Result = table.pack(Event:InvokeServer())

local ExpectedResult = table.unpack({
    {
        projectilesUsed = 0,
        damageTaken = 0,
        telepearlsUsed = 0,
        diamondGuardianKills = 0,
        kills = 0,
        enchants = 0,
        blockBreaks = 4,
        highestMultiKillChain = 0,
        emeraldCollected = 0,
        damage = 0,
        finalKills = 0,
        projectileDamage = 0,
        bedBreaks = 1,
        telepearlBlocksTravelled = 0,
        healing = 0,
        titanKills = 0,
        knockIntoVoid = 0,
        highestKillStreak = 0,
        player = {
            name = "Fluxroos47",
            userId = 10405162944,
            displayName = "Fluxroos47"
        },
        blocksPlaced = 6,
        diamondCollected = 0,
        playTime = 0,
        arrowDamage = 0,
        ironCollected = 0,
        multiKills = 0
    }
})

2026-09-08T13:47:450.715Z,153.700236,Incoming:GetMatchStats,INFO Instance: GetMatchStats (RemoteFunction)
	Path: game:GetService("ReplicatedStorage").rbxts_include.node_modules["@rbxts"].net.out._NetManaged.GetMatchStats
	Status: Allowed
	Call Order In Log: 2
	-------------------- Event Data --------------------
	{
    CallOrderInLog = 2,
    DataFromHook = {
        Source = "Players.Fluxroos47.PlayerScripts.TS.controllers.game.match-end.screens.stats.stats-screen-controller",
        Origin = game:GetService("Players").LocalPlayer.PlayerScripts.TS.main,
        InvokeKind = "Request",
        Function = function(arg1)
            --[[Name: Anonymous Function | Line: 29
            Upvalues: 2
            Function Hash: cd13b9c5ac322b7c32fb96ec89eedb92d8e6281f31b7698b412834271670661d3ba5cfe3ef50bacd72a8a277d284be35
            LuaEncode: Unable to serialize function]]
            return
        end,
        Line = 31,
        IsExecutor = false,
        CreationTime = 1788882465.4632,
        InvokeResult = {
            {
                projectilesUsed = 0,
                damageTaken = 0,
                telepearlsUsed = 0,
                diamondGuardianKills = 0,
                kills = 0,
                enchants = 0,
                blockBreaks = 4,
                highestMultiKillChain = 0,
                emeraldCollected = 0,
                damage = 0,
                finalKills = 0,
                projectileDamage = 0,
                bedBreaks = 1,
                telepearlBlocksTravelled = 0,
                healing = 0,
                titanKills = 0,
                knockIntoVoid = 0,
                highestKillStreak = 0,
                player = {
                    name = "Fluxroos47",
                    userId = 10405162944,
                    displayName = "Fluxroos47"
                },
                blocksPlaced = 6,
                diamondCollected = 0,
                playTime = 0,
                arrowDamage = 0,
                ironCollected = 0,
                multiKills = 0
            },
            n = 1
        },
        Arguments = {
            n = 0
        }
    },
    EventType = "Incoming",
    RemoteInstanceInfo = {
        Path = "game:GetService(\"ReplicatedStorage\").rbxts_include.node_modules[\"@rbxts\"].net.out._NetManaged.GetMatchStats",
        Name = "GetMatchStats",
        ClassName = "RemoteFunction"
    }
}
	-------------------- Generated Code --------------------
	local Event = game:GetService("ReplicatedStorage").rbxts_include.node_modules["@rbxts"].net.out._NetManaged.GetMatchStats
local Result = table.pack(Event:InvokeServer())

local ExpectedResult = table.unpack({
    {
        projectilesUsed = 0,
        damageTaken = 0,
        telepearlsUsed = 0,
        diamondGuardianKills = 0,
        kills = 0,
        enchants = 0,
        blockBreaks = 4,
        highestMultiKillChain = 0,
        emeraldCollected = 0,
        damage = 0,
        finalKills = 0,
        projectileDamage = 0,
        bedBreaks = 1,
        telepearlBlocksTravelled = 0,
        healing = 0,
        titanKills = 0,
        knockIntoVoid = 0,
        highestKillStreak = 0,
        player = {
            name = "Fluxroos47",
            userId = 10405162944,
            displayName = "Fluxroos47"
        },
        blocksPlaced = 6,
        diamondCollected = 0,
        playTime = 0,
        arrowDamage = 0,
        ironCollected = 0,
        multiKills = 0
    }
})

2026-09-08T13:47:480.389Z,156.374856,Outgoing:joinQueue,INFO Instance: joinQueue (RemoteEvent)
	Path: game:GetService("ReplicatedStorage")["events-@easy-games/lobby:shared/event/lobby-events@getEvents.Events"].joinQueue
	Status: Allowed
	Call Order In Log: 1
	-------------------- Event Data --------------------
	{
    CallOrderInLog = 1,
    DataFromHook = {
        Function = function(arg1, arg2)
            --[[Name: joinQueue | Line: 27
            Upvalues: 3
            Function Hash: c0d7e861476bff81ae40ed7340a50d42ade9973deeadc85c019f0183eb0992558553b01ba3cf1e6c9c9563fb7ab7b9e5
            LuaEncode: Unable to serialize function]]
            return
        end,
        Arguments = {
            {
                queueType = "bedwars_to4"
            },
            n = 1
        },
        Source = "ReplicatedStorage.rbxts_include.node_modules.@easy-games.lobby.out.client.controllers.lobby-queue-controller",
        Origin = game:GetService("Players").LocalPlayer.PlayerScripts.TS.main,
        IsExecutor = false,
        CreationTime = 1788882468.3483,
        Line = 36
    },
    EventType = "Outgoing",
    RemoteInstanceInfo = {
        Path = "game:GetService(\"ReplicatedStorage\")[\"events-@easy-games/lobby:shared/event/lobby-events@getEvents.Events\"].joinQueue",
        Name = "joinQueue",
        ClassName = "RemoteEvent"
    }
}
	-------------------- Generated Code --------------------
	local Event = game:GetService("ReplicatedStorage")["events-@easy-games/lobby:shared/event/lobby-events@getEvents.Events"].joinQueue
Event:FireServer(
    {
        queueType = "bedwars_to4"
    }
)
2026-09-08T13:47:480.485Z,156.470839,Incoming:partyInfoEvent,INFO Instance: partyInfoEvent (RemoteEvent)
	Path: game:GetService("ReplicatedStorage")["events-@easy-games/lobby:shared/event/lobby-events@getEvents.Events"].partyInfoEvent
	Status: Allowed
	Call Order In Log: 1
	-------------------- Event Data --------------------
	{
    CallOrderInLog = 1,
    DataFromHook = {
        Function = function(...)
            --[[Name: Anonymous Function | Line: 31
            Upvalues: 7
            Function Hash: 634d489ee0b95e6c990d6441932f87d2e928ec3e254895a1df21f1b25e752eb4aad6cc95daf6963cad4aa0bf21fb9656
            LuaEncode: Unable to serialize function]]
            return
        end,
        Arguments = {
            {
                party = {
                    members = {},
                    queueState = 1,
                    leader = {
                        name = "Fluxroos47",
                        userId = 10405162944,
                        displayName = "Fluxroos47"
                    },
                    outgoingInviteUserIds = {}
                }
            },
            n = 1
        },
        Origin = game:GetService("Players").LocalPlayer.PlayerScripts.TS.main,
        IsExecutor = true,
        CreationTime = 1788882468.462
    },
    EventType = "Incoming",
    RemoteInstanceInfo = {
        Path = "game:GetService(\"ReplicatedStorage\")[\"events-@easy-games/lobby:shared/event/lobby-events@getEvents.Events\"].partyInfoEvent",
        Name = "partyInfoEvent",
        ClassName = "RemoteEvent"
    }
}
	-------------------- Generated Code --------------------
	local Event = game:GetService("ReplicatedStorage")["events-@easy-games/lobby:shared/event/lobby-events@getEvents.Events"].partyInfoEvent
firesignal(Event.OnClientEvent, 
    {
        party = {
            members = {},
            queueState = 1,
            leader = {
                name = "Fluxroos47",
                userId = 10405162944,
                displayName = "Fluxroos47"
            },
            outgoingInviteUserIds = {}
        }
    }
)
2026-09-08T13:47:480.817Z,156.802850,Incoming:partyInfoEvent,INFO Instance: partyInfoEvent (RemoteEvent)
	Path: game:GetService("ReplicatedStorage")["events-@easy-games/lobby:shared/event/lobby-events@getEvents.Events"].partyInfoEvent
	Status: Allowed
	Call Order In Log: 2
	-------------------- Event Data --------------------
	{
    CallOrderInLog = 2,
    DataFromHook = {
        Function = function(...)
            --[[Name: Anonymous Function | Line: 31
            Upvalues: 7
            Function Hash: 634d489ee0b95e6c990d6441932f87d2e928ec3e254895a1df21f1b25e752eb4aad6cc95daf6963cad4aa0bf21fb9656
            LuaEncode: Unable to serialize function]]
            return
        end,
        Arguments = {
            {
                party = {
                    queueState = 2,
                    outgoingInviteUserIds = {},
                    queueData = {
                        queueType = "bedwars_to4",
                        ticketId = "",
                        lastPollTime = 0,
                        joinTime = 1788875267,
                        pollAttempts = 0
                    },
                    members = {},
                    leader = {
                        name = "Fluxroos47",
                        userId = 10405162944,
                        displayName = "Fluxroos47"
                    }
                }
            },
            n = 1
        },
        Origin = game:GetService("Players").LocalPlayer.PlayerScripts.TS.main,
        IsExecutor = true,
        CreationTime = 1788882468.7828
    },
    EventType = "Incoming",
    RemoteInstanceInfo = {
        Path = "game:GetService(\"ReplicatedStorage\")[\"events-@easy-games/lobby:shared/event/lobby-events@getEvents.Events\"].partyInfoEvent",
        Name = "partyInfoEvent",
        ClassName = "RemoteEvent"
    }
}
	-------------------- Generated Code --------------------
	local Event = game:GetService("ReplicatedStorage")["events-@easy-games/lobby:shared/event/lobby-events@getEvents.Events"].partyInfoEvent
firesignal(Event.OnClientEvent, 
    {
        party = {
            queueState = 2,
            outgoingInviteUserIds = {},
            queueData = {
                queueType = "bedwars_to4",
                ticketId = "",
                lastPollTime = 0,
                joinTime = 1788875267,
                pollAttempts = 0
            },
            members = {},
            leader = {
                name = "Fluxroos47",
                userId = 10405162944,
                displayName = "Fluxroos47"
            }
        }
    }
)
2026-09-08T13:47:500.972Z,158.957734,Outgoing:leaveQueue,INFO Instance: leaveQueue (RemoteEvent)
	Path: game:GetService("ReplicatedStorage")["events-@easy-games/lobby:shared/event/lobby-events@getEvents.Events"].leaveQueue
	Status: Allowed
	Call Order In Log: 1
	-------------------- Event Data --------------------
	{
    CallOrderInLog = 1,
    DataFromHook = {
        Function = function(arg1)
            --[[Name: leaveQueue | Line: 40
            Upvalues: 1
            Function Hash: bcd8794398634c2b838c5e39c93d2e7e5e047146a5c4fc2bb7be77048c26d0832f2ca4cb8dc95dc599a7128da1fe5f1f
            LuaEncode: Unable to serialize function]]
            return
        end,
        Arguments = {
            n = 0
        },
        Source = "ReplicatedStorage.rbxts_include.node_modules.@easy-games.lobby.out.client.controllers.lobby-queue-controller",
        Origin = game:GetService("Players").LocalPlayer.PlayerScripts.TS.ui.store,
        IsExecutor = false,
        CreationTime = 1788882470.9252,
        Line = 41
    },
    EventType = "Outgoing",
    RemoteInstanceInfo = {
        Path = "game:GetService(\"ReplicatedStorage\")[\"events-@easy-games/lobby:shared/event/lobby-events@getEvents.Events\"].leaveQueue",
        Name = "leaveQueue",
        ClassName = "RemoteEvent"
    }
}
	-------------------- Generated Code --------------------
	local Event = game:GetService("ReplicatedStorage")["events-@easy-games/lobby:shared/event/lobby-events@getEvents.Events"].leaveQueue
Event:FireServer()
2026-09-08T13:47:510.044Z,159.029495,Incoming:partyInfoEvent,INFO Instance: partyInfoEvent (RemoteEvent)
	Path: game:GetService("ReplicatedStorage")["events-@easy-games/lobby:shared/event/lobby-events@getEvents.Events"].partyInfoEvent
	Status: Allowed
	Call Order In Log: 3
	-------------------- Event Data --------------------
	{
    CallOrderInLog = 3,
    DataFromHook = {
        Function = function(...)
            --[[Name: Anonymous Function | Line: 31
            Upvalues: 7
            Function Hash: 634d489ee0b95e6c990d6441932f87d2e928ec3e254895a1df21f1b25e752eb4aad6cc95daf6963cad4aa0bf21fb9656
            LuaEncode: Unable to serialize function]]
            return
        end,
        Arguments = {
            {
                party = {
                    queueState = 3,
                    outgoingInviteUserIds = {},
                    queueData = {
                        queueType = "bedwars_to4",
                        ticketId = "",
                        lastPollTime = 1788875267.3136,
                        joinTime = 1788875267,
                        pollAttempts = 1
                    },
                    members = {},
                    leader = {
                        name = "Fluxroos47",
                        userId = 10405162944,
                        displayName = "Fluxroos47"
                    }
                }
            },
            n = 1
        },
        Origin = game:GetService("Players").LocalPlayer.PlayerScripts.TS.main,
        IsExecutor = true,
        CreationTime = 1788882471.019
    },
    EventType = "Incoming",
    RemoteInstanceInfo = {
        Path = "game:GetService(\"ReplicatedStorage\")[\"events-@easy-games/lobby:shared/event/lobby-events@getEvents.Events\"].partyInfoEvent",
        Name = "partyInfoEvent",
        ClassName = "RemoteEvent"
    }
}
	-------------------- Generated Code --------------------
	local Event = game:GetService("ReplicatedStorage")["events-@easy-games/lobby:shared/event/lobby-events@getEvents.Events"].partyInfoEvent
firesignal(Event.OnClientEvent, 
    {
        party = {
            queueState = 3,
            outgoingInviteUserIds = {},
            queueData = {
                queueType = "bedwars_to4",
                ticketId = "",
                lastPollTime = 1788875267.3136,
                joinTime = 1788875267,
                pollAttempts = 1
            },
            members = {},
            leader = {
                name = "Fluxroos47",
                userId = 10405162944,
                displayName = "Fluxroos47"
            }
        }
    }
)
2026-09-08T13:47:510.392Z,159.377335,Incoming:partyInfoEvent,INFO Instance: partyInfoEvent (RemoteEvent)
	Path: game:GetService("ReplicatedStorage")["events-@easy-games/lobby:shared/event/lobby-events@getEvents.Events"].partyInfoEvent
	Status: Allowed
	Call Order In Log: 4
	-------------------- Event Data --------------------
	{
    CallOrderInLog = 4,
    DataFromHook = {
        Function = function(...)
            --[[Name: Anonymous Function | Line: 31
            Upvalues: 7
            Function Hash: 634d489ee0b95e6c990d6441932f87d2e928ec3e254895a1df21f1b25e752eb4aad6cc95daf6963cad4aa0bf21fb9656
            LuaEncode: Unable to serialize function]]
            return
        end,
        Arguments = {
            {
                party = {
                    members = {},
                    queueState = 0,
                    leader = {
                        name = "Fluxroos47",
                        userId = 10405162944,
                        displayName = "Fluxroos47"
                    },
                    outgoingInviteUserIds = {}
                }
            },
            n = 1
        },
        Origin = game:GetService("Players").LocalPlayer.PlayerScripts.TS.main,
        IsExecutor = true,
        CreationTime = 1788882471.3639
    },
    EventType = "Incoming",
    RemoteInstanceInfo = {
        Path = "game:GetService(\"ReplicatedStorage\")[\"events-@easy-games/lobby:shared/event/lobby-events@getEvents.Events\"].partyInfoEvent",
        Name = "partyInfoEvent",
        ClassName = "RemoteEvent"
    }
}
	-------------------- Generated Code --------------------
	local Event = game:GetService("ReplicatedStorage")["events-@easy-games/lobby:shared/event/lobby-events@getEvents.Events"].partyInfoEvent
firesignal(Event.OnClientEvent, 
    {
        party = {
            members = {},
            queueState = 0,
            leader = {
                name = "Fluxroos47",
                userId = 10405162944,
                displayName = "Fluxroos47"
            },
            outgoingInviteUserIds = {}
        }
    }
)
2026-09-08T13:47:510.421Z,159.406580,Incoming:sendInfoNotification,INFO Instance: sendInfoNotification (RemoteEvent)
	Path: game:GetService("ReplicatedStorage")["events-@easy-games/game-core:shared/game-core-networking@getEvents.Events"].sendInfoNotification
	Status: Allowed
	Call Order In Log: 6
	-------------------- Event Data --------------------
	{
    CallOrderInLog = 6,
    DataFromHook = {
        Function = function(...)
            --[[Name: Anonymous Function | Line: 31
            Upvalues: 7
            Function Hash: 634d489ee0b95e6c990d6441932f87d2e928ec3e254895a1df21f1b25e752eb4aad6cc95daf6963cad4aa0bf21fb9656
            LuaEncode: Unable to serialize function]]
            return
        end,
        Arguments = {
            {
                message = "<b>Fluxroos47</b> cancelled matchmaking"
            },
            n = 1
        },
        Origin = game:GetService("Players").LocalPlayer.PlayerScripts.TS.main,
        IsExecutor = false,
        CreationTime = 1788882471.3644
    },
    EventType = "Incoming",
    RemoteInstanceInfo = {
        Path = "game:GetService(\"ReplicatedStorage\")[\"events-@easy-games/game-core:shared/game-core-networking@getEvents.Events\"].sendInfoNotification",
        Name = "sendInfoNotification",
        ClassName = "RemoteEvent"
    }
}
	-------------------- Generated Code --------------------
	local Event = game:GetService("ReplicatedStorage")["events-@easy-games/game-core:shared/game-core-networking@getEvents.Events"].sendInfoNotification
firesignal(Event.OnClientEvent, 
    {
        message = "<b>Fluxroos47</b> cancelled matchmaking"
    }
)
